index,sourceJobId,canonicalJobId,source,titleInDb,companyInDb,locationInDb,versionId,candidateCount,evalJobCount,matEvalCount,classification,explanation
"1","0005654be7a81f4e","0c883a6317b5e8636e5dca67e603c4cb36d766e5def0b4acd7874f7df3af50f5","Naukri","Corporate Sales AVP/VP/SVP EB/NON EB Insurance Broking","ANA Associates","Delhi / NCR, Pune, Mumbai (All Areas)","5b23d35803302b4f6d13ddd9c0c74f3622c5ca06f5c58fcbcb05bb4773cf5c6e","1","6","6","E","Materialized evaluation exists under active context fingerprint ""fbcfc83c5f8e7257aa2b92e1fbd91acfebf47c5f4ca3fcd167def146839b0ba9"", but serving adapter rendered evaluationState=LEGACY."
"2","008dc10b12309c8f","8f876678e193d1065b39a6b97dc6be7513c06e6a1cdbf8c6890a421e6fd8470d","Naukri","Assistant Vice President Markets","Crisil","Mumbai","17fc4885766c1ca7fa670921a2e18de19aadfd2603ba62d727b1ec06fd01e53b","1","5","5","E","Materialized evaluation exists under active context fingerprint ""fbcfc83c5f8e7257aa2b92e1fbd91acfebf47c5f4ca3fcd167def146839b0ba9"", but serving adapter rendered evaluationState=LEGACY."
"3","00d6d94f7a7a052e","f5ee586e131faba69d3329e3ce24bbfe19958f44c8d68595fcde3ba888d693a8","Naukri","ServiceNow Tower Head","Wilco Source","Hyderabad","f9ac61ac2feecb22dec4de497f25f06a5b20ef1dd712d4be0ba8efa40ca2b847","1","5","5","E","Materialized evaluation exists under active context fingerprint ""fbcfc83c5f8e7257aa2b92e1fbd91acfebf47c5f4ca3fcd167def146839b0ba9"", but serving adapter rendered evaluationState=LEGACY."
"4","00e81991fbab2d6c","7533727a9d68cf38d8331941b9387185285cfae7691e651106d194aa4b116de8","LinkedIn","Senior Director - Performance Marketing (Remote)","Puffy","Mumbai, Maharashtra, India (Remote)","d6684757e1abffa2dbeedb2972c3175c1fbb46deecfb1e11367197658ecf810d","1","5","5","E","Materialized evaluation exists under active context fingerprint ""fbcfc83c5f8e7257aa2b92e1fbd91acfebf47c5f4ca3fcd167def146839b0ba9"", but serving adapter rendered evaluationState=LEGACY."
"5","0117fb9bd843a9db","5e3848da62d95fa8ddcad192bfae6f7b68d2b4622dcae1683716229ff534d6c1","Naukri","Sr. Director, Transformation","Thrive Management Services","Mohali","09d2115a40d258bda1a0a8f11c5d3349a35ae0a169bb60f120edcb83c5d18eef","1","5","5","E","Materialized evaluation exists under active context fingerprint ""fbcfc83c5f8e7257aa2b92e1fbd91acfebf47c5f4ca3fcd167def146839b0ba9"", but serving adapter rendered evaluationState=LEGACY."
"6","0151ee3194cd0e49","864b095f2edb976ab55e35aaff541837f0a18affa84b366995cf7539eb7351af","LinkedIn","Chief Operating Officer (SEO Marketing Agency)","Smart Moves Talent Crafters Pvt. Ltd.","Mumbai, Maharashtra, India (On-site)","d083c4200dd1bd41ea2a15bab4d25194b797b7620f78ebbe979351dd452d0a16","1","5","5","E","Materialized evaluation exists under active context fingerprint ""fbcfc83c5f8e7257aa2b92e1fbd91acfebf47c5f4ca3fcd167def146839b0ba9"", but serving adapter rendered evaluationState=LEGACY."
"7","0240c1dc982e5ec2","336372f64a57162294b13fedd3d2f5cfc6186bb6d3ceaaefbba9a806ab58625f","Naukri","Vice President -Marketing","Plastemartjobs","Mumbai","850b06d7c7d530b36f39a6aafb0d9610a50821ab998693e0dc47f633441b9ee3","1","5","5","E","Materialized evaluation exists under active context fingerprint ""fbcfc83c5f8e7257aa2b92e1fbd91acfebf47c5f4ca3fcd167def146839b0ba9"", but serving adapter rendered evaluationState=LEGACY."
"8","028eba73a80112f1","0aa054743bef30f34f41fcdd1082879ff7f4ed6ee8ab7e6104f3cfb5ae8c67e5","LinkedIn","Head of GTM - US","Pepper","Mumbai, Maharashtra, India (On-site)","143cbda6edb7605f69a8b43828439a74bc80a17e4ec5f526577bf5fb41a6b2a2","1","5","5","E","Materialized evaluation exists under active context fingerprint ""fbcfc83c5f8e7257aa2b92e1fbd91acfebf47c5f4ca3fcd167def146839b0ba9"", but serving adapter rendered evaluationState=LEGACY."
"9","02c2630a07b45c39","886d9b439623253f6b5ab938df6e3e949a2e9c109ea6a9f9faf2f03cb84562f1","LinkedIn","Senior Vice President / Vice President, Marketing – India","Cvent","Gurugram, Haryana, India (On-site)","acc5e36c5b3b08a65a55d7e9cbe284408269de29ff850380bf04fbd3ab6a1966","1","5","5","E","Materialized evaluation exists under active context fingerprint ""fbcfc83c5f8e7257aa2b92e1fbd91acfebf47c5f4ca3fcd167def146839b0ba9"", but serving adapter rendered evaluationState=LEGACY."
"10","0377060ecc0f773e","2fbe8ffa6bbaf591b2c211559882cbd095c113c16aa3edc206342eb79e302aaf","Naukri","AI Practice Head (India & US Market)","NLB Services","Gurugram, Noida, New Delhi","8d8f78e544ee0fc58b543bc15f20346938bfa1ba68224e169ba2cde295b2bc9f","1","5","5","E","Materialized evaluation exists under active context fingerprint ""fbcfc83c5f8e7257aa2b92e1fbd91acfebf47c5f4ca3fcd167def146839b0ba9"", but serving adapter rendered evaluationState=LEGACY."
"11","03f71af5d18495dd","5d407c9628b1c0201ab60e551243779f8d7d161eb604eb54627f6cd7e4c9f038","Indeed","Head of Strategic Initiatives","ElectricPe","Bengaluru, Karnataka","46829269b88542b27edeed3bb72d935b82ecded37aeedc697af4c1ba037a3392","1","5","5","E","Materialized evaluation exists under active context fingerprint ""fbcfc83c5f8e7257aa2b92e1fbd91acfebf47c5f4ca3fcd167def146839b0ba9"", but serving adapter rendered evaluationState=LEGACY."
"12","04c5a6d061a6da02","e7800644312b18872fff5a1303f1fc614078a982d4ee7587ff0e030a92dff7a3","Naukri","Assistant Vice President - Customer Experience","Credit Saison India","Thane","15cc82d4ee320f4ceb8b86d4fd3a364d79ca997ce44e72137f5c30696df78904","1","5","5","E","Materialized evaluation exists under active context fingerprint ""fbcfc83c5f8e7257aa2b92e1fbd91acfebf47c5f4ca3fcd167def146839b0ba9"", but serving adapter rendered evaluationState=LEGACY."
"13","056977594dd9b57c","1cfaae926d97f5330875a09668de407d2218270598fa723ff537eda5155af118","Indeed","Head - Operations","Sunniva Global","Gurugram, Haryana","57428ddc4f5f9a345f91bdb5699ac06a61d42aca243d7ed7709dfcc89aeba4d9","1","5","5","E","Materialized evaluation exists under active context fingerprint ""fbcfc83c5f8e7257aa2b92e1fbd91acfebf47c5f4ca3fcd167def146839b0ba9"", but serving adapter rendered evaluationState=LEGACY."
"14","0574682c9f9f5004","ab84c285aa3c17d22e683bd9c66687e7ac26e3de5d01b20c4319f930d7d600a1","Naukri","Retail Head","Jaquar Group","Gurugram","6eb629e6656b00dbbb965fbe43ed6297887fde3b3a68f236aecbcaad9186f6d1","1","5","5","E","Materialized evaluation exists under active context fingerprint ""fbcfc83c5f8e7257aa2b92e1fbd91acfebf47c5f4ca3fcd167def146839b0ba9"", but serving adapter rendered evaluationState=LEGACY."
"15","059a7ede231340d2","0b060f5eda46f6b56ca24bd8b9726b01c751fcad92d0fc5ff937b426093b37d9","Naukri","Head, Digital Strategy and Architecture","Sucoso Services","Pune","586682836303ca649ccb085410dbe759560cdcc8570dca8b83273295dd048582","1","5","5","E","Materialized evaluation exists under active context fingerprint ""fbcfc83c5f8e7257aa2b92e1fbd91acfebf47c5f4ca3fcd167def146839b0ba9"", but serving adapter rendered evaluationState=LEGACY."
"16","060023fac16237b4","a2a570825058c06f57ad73e394445f845920354e309a8803909d57300fd3fa1d","Indeed","Senior Vice President - Business Development (North)","Easebuzz Pvt Ltd","Delhi","78e125a29c673436f929b1bde35c48decf6f714d44e31e1da224f2a8f931b632","1","5","5","E","Materialized evaluation exists under active context fingerprint ""fbcfc83c5f8e7257aa2b92e1fbd91acfebf47c5f4ca3fcd167def146839b0ba9"", but serving adapter rendered evaluationState=LEGACY."
"17","06289e91009a8903","754eaa430c9a67e98b5a8715cb22beb1d415e015d8fdf0140522182cac12ea01","Naukri","SVP Fund Raising","Casagrand","Chennai","8c2fb8ca274bedaf1b97e3677b856536450ce42f3ac881ba8db47302826c4419","1","6","6","E","Materialized evaluation exists under active context fingerprint ""fbcfc83c5f8e7257aa2b92e1fbd91acfebf47c5f4ca3fcd167def146839b0ba9"", but serving adapter rendered evaluationState=LEGACY."
"18","06cc2c05b467a88b","3e28e6c1c9c87db2508908b54f3c2967b35525aace69b70c575b10a5199bc72a","Naukri","Vice President - Credit Risk & Market Risk Regulatory & Transformation (12-20 yrs)","Black Turtle","Mumbai, Bengaluru","486962fe50b658306be948bb27615de4d6830448dbec7c8c5fb7b347bf8f1aa7","1","5","5","E","Materialized evaluation exists under active context fingerprint ""fbcfc83c5f8e7257aa2b92e1fbd91acfebf47c5f4ca3fcd167def146839b0ba9"", but serving adapter rendered evaluationState=LEGACY."
"19","074f408fc35ef356","56b869ef486d321610b021b210adf5196eb1fe650922f9fb9988c9fa8725b811","Naukri","Head - Marketing (15-22 yrs)","See & Recruit","Mumbai","313ef04ff128bda36e1f3907819f66a5f26fb336f8e7db9ca808c5c9ef6d29f9","1","5","5","E","Materialized evaluation exists under active context fingerprint ""fbcfc83c5f8e7257aa2b92e1fbd91acfebf47c5f4ca3fcd167def146839b0ba9"", but serving adapter rendered evaluationState=LEGACY."
"20","07c5c14fe86414aa","424bca02bfa792b2013219c54c4dd94445ddaf77c482ae0bb9a25ed3c890dabc","Indeed","Chief Technology Officer","Blueberry Labs Private Limited","Hyderabad, Telangana","967c7db90451625c9bc6e9cd3423e3188ff5b66aa5046f903ce518e128afb1c7","1","5","5","E","Materialized evaluation exists under active context fingerprint ""fbcfc83c5f8e7257aa2b92e1fbd91acfebf47c5f4ca3fcd167def146839b0ba9"", but serving adapter rendered evaluationState=LEGACY."
"21","07e6c93de8b7d7cc","2dc9bb040b5745796cdbc806e76fcc914be3292e42de223f84bf6dfd3c0b818d","Naukri","Chief Operating Officer","Head Hunters","Hybrid - Jaipur","bd7a45b56d6f6f8814e9206ecb68a0d3b73c7bd7b9cd7586d00f16014ea6b98c","1","5","5","E","Materialized evaluation exists under active context fingerprint ""fbcfc83c5f8e7257aa2b92e1fbd91acfebf47c5f4ca3fcd167def146839b0ba9"", but serving adapter rendered evaluationState=LEGACY."
"22","08b9daa1762fd7dc","3fd4a15bfc4e53980137bae9af83c84993e042188e10f25c00a0da9a304b72b2","Naukri","Integrated Marketing Lead","ACME Cleantech Solutions","Gurugram","6cfcda8d69353a65fd3cea695bef798794e9e40c0095b9c403997b95411bdf7c","1","5","5","E","Materialized evaluation exists under active context fingerprint ""fbcfc83c5f8e7257aa2b92e1fbd91acfebf47c5f4ca3fcd167def146839b0ba9"", but serving adapter rendered evaluationState=LEGACY."
"23","0947b33789450fcc","0a6137a139396e5c7519da9528d9c5e27bd9754de607a046a6840911945e1fe3","Naukri","Deloitte - Associate Director - Workforce Transformation - IIM/FMS/MDI/XLRI (10-15 yrs)","Deloitte Shared Services India","Mumbai, Bengaluru, Delhi NCR","f16f99f61917f2687a8162c46c17558b073eda14eaffcd2709a52d7065ea6ba3","1","5","5","E","Materialized evaluation exists under active context fingerprint ""fbcfc83c5f8e7257aa2b92e1fbd91acfebf47c5f4ca3fcd167def146839b0ba9"", but serving adapter rendered evaluationState=LEGACY."
"24","09ba4780f9449884","39f12f82c5bad860a7ed3d1f35300abd7aa40643b5828997b92e89ae05799c01","Naukri","True Credits - Head - Risk (10-16 yrs)","True Credits","Gurugram","a59c7c03b119d0dcbf60c3f578d766b6394509d71f9ad34bfb2b710f323ad26c","1","5","5","E","Materialized evaluation exists under active context fingerprint ""fbcfc83c5f8e7257aa2b92e1fbd91acfebf47c5f4ca3fcd167def146839b0ba9"", but serving adapter rendered evaluationState=LEGACY."
"25","09dd1acb823b2b94","39b9387f716300db9b99bb0e66cc465ff71acdf4c75cf6bbf82d083babcc6cb3","LinkedIn","Senior Manager, Customer Success Lead – APAC & Middle East","UptimeAI Inc.","Bengaluru East, Karnataka, India (Hybrid)","84c96449a6c5b35bbdf1e8391ddbecf9e95f021f317dc45175b087b7d39cd296","1","5","5","E","Materialized evaluation exists under active context fingerprint ""fbcfc83c5f8e7257aa2b92e1fbd91acfebf47c5f4ca3fcd167def146839b0ba9"", but serving adapter rendered evaluationState=LEGACY."
"26","09f04200001246a4","6269a875361b18ea52e826ddd3477c0fdfa0914b9ea39670e23657e372d26639","Naukri","AVP Basel IV Regulatory Capital","Barclays","Gurugram","e08b884cd6d95fe2eae41dbb1bb7415964c7f3071453c8e242e6fad58c10bd01","1","6","6","E","Materialized evaluation exists under active context fingerprint ""fbcfc83c5f8e7257aa2b92e1fbd91acfebf47c5f4ca3fcd167def146839b0ba9"", but serving adapter rendered evaluationState=LEGACY."
"27","0a93234f8dbe2ad7","c7e8768c45bd1dddc39cd336eb88f328b2ca3de589569df1e72b7d5204d67373","Naukri","Associate / Senior Associate /Delivery Lead /Delivery Manager","Moodys Analytics","Gurugram","c33a424484ceede613f649f9afc8356db5a8d7c92efc255c017c121819b991d6","1","5","5","E","Materialized evaluation exists under active context fingerprint ""fbcfc83c5f8e7257aa2b92e1fbd91acfebf47c5f4ca3fcd167def146839b0ba9"", but serving adapter rendered evaluationState=LEGACY."
"28","0b505f41127af918","5b305878b94866822063fc5bdaaf0102d03822536b7d99bd298531716097bee4","Naukri","SKV India - Head - Client Success (12-15 yrs)","Studiokon Ventures","Gurugram","3966e048c6fd98a8ef0379f4c31b911b5e1ab8d29787c112fe83cfe13d79848f","1","5","5","E","Materialized evaluation exists under active context fingerprint ""fbcfc83c5f8e7257aa2b92e1fbd91acfebf47c5f4ca3fcd167def146839b0ba9"", but serving adapter rendered evaluationState=LEGACY."
"29","0b70b2c7a8d207a1","8b475224366be66b11f1f7ddf4f94515aff9779f30e08643c394ef94707f2ec5","LinkedIn","AVP - Marketing Operation","NetCom Learning®","Hyderabad, Telangana, India (On-site)","26fe5ef40ffa13ae1c30bc6fdaf201334a3f4b91f58c6406afa0758d1f852b23","1","6","6","E","Materialized evaluation exists under active context fingerprint ""fbcfc83c5f8e7257aa2b92e1fbd91acfebf47c5f4ca3fcd167def146839b0ba9"", but serving adapter rendered evaluationState=LEGACY."
"30","0b733ddff4cb816b","6ee0454ad5fdda429c701c93d6044a8adcc209b396018f7f5a190a473fe38a98","Naukri","Sales Director","Saviynt","Mumbai","5fe24c1667ea7f6e3e6a884c24d85f7fb2604d13a04a8a541274f7c520bd674c","1","5","5","E","Materialized evaluation exists under active context fingerprint ""fbcfc83c5f8e7257aa2b92e1fbd91acfebf47c5f4ca3fcd167def146839b0ba9"", but serving adapter rendered evaluationState=LEGACY."
"31","0bdb2b8bab20b294","cdb80e54200dfe92c0463b686abc3c6eeda118da344441c3d9d86fc2a19fa72a","Naukri","Flipspaces - Assistant Vice President - Growth (15-20 yrs)","Flipspaces","Mumbai","5a397d568fea18e7841f76002de85ec79c8f6e502174d7038a49c58a602d0aa2","1","5","5","E","Materialized evaluation exists under active context fingerprint ""fbcfc83c5f8e7257aa2b92e1fbd91acfebf47c5f4ca3fcd167def146839b0ba9"", but serving adapter rendered evaluationState=LEGACY."
"32","0be9901b7af4e778","8a24ca408d03d59fcb82b7616a7b0d78dc63b48022063b226fe278169213a7d3","Naukri","Vice President - Wealth Management - Bank (16-20 yrs)","Pylon Management Consulting","Gurugram","59f551f7d26269ed4f10d6278304ddc3d501e433f6986f11b510ea092fe1e30e","1","5","5","E","Materialized evaluation exists under active context fingerprint ""fbcfc83c5f8e7257aa2b92e1fbd91acfebf47c5f4ca3fcd167def146839b0ba9"", but serving adapter rendered evaluationState=LEGACY."
"33","0c09f2b0133202ea","60b3e021f5b4abf1df4c46e89f16a51ed6e985485457e8afa089207e87bc2fb9","Naukri","Solar Square - Associate Director - Center of Excellence (3-8 yrs)","Solarsquare Energy","Mumbai","430e895ac5250649053f5644449003c0526cf15bfdf2385640e3933a371685a4","1","5","5","E","Materialized evaluation exists under active context fingerprint ""fbcfc83c5f8e7257aa2b92e1fbd91acfebf47c5f4ca3fcd167def146839b0ba9"", but serving adapter rendered evaluationState=LEGACY."
"34","0ded737f927e043b","180f7668e9fb8e945ee23328ba2140c0a3bd197cdd2de482baa5a1ad2a6883ee","Naukri","Senior Manager, Workplace Experience","Aveva","Hyderabad, Bengaluru","27b373b3a0bec620c454673eef2df9736bfa78828fb25eaabad7c3428499f5e8","1","5","5","E","Materialized evaluation exists under active context fingerprint ""fbcfc83c5f8e7257aa2b92e1fbd91acfebf47c5f4ca3fcd167def146839b0ba9"", but serving adapter rendered evaluationState=LEGACY."
"35","0e6c26523bda29da","2b767d8bf417f16df2f0dacad08c268437897850344f75b06d2093b44561aa0a","Naukri","Deputy General Manager  - Learning & Organization Development - Manufacturing (12-20 yrs)","Career Usher","Gurugram","b5ecb15c2200105923fd04a407eb77f2b32fa65e1b7cb5401a0ea28bdd0c22b0","1","5","5","E","Materialized evaluation exists under active context fingerprint ""fbcfc83c5f8e7257aa2b92e1fbd91acfebf47c5f4ca3fcd167def146839b0ba9"", but serving adapter rendered evaluationState=LEGACY."
"36","0ea3b7fa89b42dea","9224e56b30e582a826cdbae7f685bed880c195278a46c4d7e78be18740d264af","Naukri","Associate Vice President","EY","Gurugram","cbf8c10e5c8d9f31eb99806439998cd48dfde5138eaef3f6ac543bcabd8028c4","1","5","5","E","Materialized evaluation exists under active context fingerprint ""fbcfc83c5f8e7257aa2b92e1fbd91acfebf47c5f4ca3fcd167def146839b0ba9"", but serving adapter rendered evaluationState=LEGACY."
"37","0ef98d2465dc1069","4f014fa36e84b1737502e481e4cddd19054aa8e3bdae1f351866de66e1cc15e9","LinkedIn","Head of Service Delivery","International SOS","New Delhi, Delhi, India (On-site)","5d6d82db47facc8658f4002dca0f3bbeddd68a6895df9282048caf0fca93fdd6","1","5","5","E","Materialized evaluation exists under active context fingerprint ""fbcfc83c5f8e7257aa2b92e1fbd91acfebf47c5f4ca3fcd167def146839b0ba9"", but serving adapter rendered evaluationState=LEGACY."
"38","0f0d8e9b37b8d329","6ac8541d4d5053e9e6b175a5412bcb6baa38065f01ec5741c6c25a07a93ea25b","Naukri","Procurement Director Market Research Services","Claight Corporation Expert Market Research","Noida","d3fcab77fedcd0a3643218e539e1ce0e2bfc945ab5f007b59e797da406fe8ae6","1","5","5","E","Materialized evaluation exists under active context fingerprint ""fbcfc83c5f8e7257aa2b92e1fbd91acfebf47c5f4ca3fcd167def146839b0ba9"", but serving adapter rendered evaluationState=LEGACY."
"39","0fca261c08750b10","6503df409ff4182a73af321eddc35ff12f249e40395386e85c678af34cf27735","Naukri","Director - Marketing - eCommerce (12-15 yrs)","Aptita Services","Bengaluru","0ae2e526d56dee27d64ebe3ad4f608eac5f696b75ed0de6e953325abd9cf7a32","1","5","5","E","Materialized evaluation exists under active context fingerprint ""fbcfc83c5f8e7257aa2b92e1fbd91acfebf47c5f4ca3fcd167def146839b0ba9"", but serving adapter rendered evaluationState=LEGACY."
"40","0ffff85c6bf4fa90","d8e9a174af3b9b607e9c3c903285c994bb5c2422dfa75164abc73c5f5b9b4dd1","Naukri","Principal, Sustainability Sales","Schneider Electric","Mumbai","2a571de63cce0f989afb1892539e8c4f552fae4322b0a64018fd0761d12b5429","1","5","5","E","Materialized evaluation exists under active context fingerprint ""fbcfc83c5f8e7257aa2b92e1fbd91acfebf47c5f4ca3fcd167def146839b0ba9"", but serving adapter rendered evaluationState=LEGACY."
"41","103d138d0f94d432","166842bb1a4e944f05e724b83b96dd39ce02345d22b081e17561437d35bfa7a6","Naukri","Director - Corporate Communications (18-25 yrs)","Mancer Consulting Services","Gurugram","e9e574a1a3741b2030967e01937b35ed9b8816b907e3e79fa8d6764d8d52cfaa","1","5","5","E","Materialized evaluation exists under active context fingerprint ""fbcfc83c5f8e7257aa2b92e1fbd91acfebf47c5f4ca3fcd167def146839b0ba9"", but serving adapter rendered evaluationState=LEGACY."
"42","105364fe14843d37","c2dc68740fb56ade58aad18e570a4939f9bb8c7dc3d8788c631f85420511747e","Naukri","Product Consumer Credit - AVP","Barclays","Gurugram","0cdaabc3921b075f4a1acbe4f66864bcf4b319b330927d7ebf19ef88568461d5","1","6","6","E","Materialized evaluation exists under active context fingerprint ""fbcfc83c5f8e7257aa2b92e1fbd91acfebf47c5f4ca3fcd167def146839b0ba9"", but serving adapter rendered evaluationState=LEGACY."
"43","105aa36e9cd305e0","8b737e8ec87bec476a7926bf44859a436d1ec1e4170d435c90eb37d23f69b90e","Naukri","Head - Digital Marketing - Financial Services (14-20 yrs)","Dimensions HRD Consultants","Mumbai","65edf9286dadc6fcfb5d517caf4c7dc674cb5885ee6095fd81f114ef354a169f","1","5","5","E","Materialized evaluation exists under active context fingerprint ""fbcfc83c5f8e7257aa2b92e1fbd91acfebf47c5f4ca3fcd167def146839b0ba9"", but serving adapter rendered evaluationState=LEGACY."
"44","10b8367b31f46d74","cd359d4c12d4400bb2b5a8592bbb7af15cdd88ee85505ad1e65d2c889e99b6ca","Naukri","Chief Technology Officer (15-20 yrs)","PMS Consulting","Gurugram","0c8d7a908ecd51546ccdbb43a05ff36b358c64e3622a12cca422f22d2d8f4eb8","1","5","5","E","Materialized evaluation exists under active context fingerprint ""fbcfc83c5f8e7257aa2b92e1fbd91acfebf47c5f4ca3fcd167def146839b0ba9"", but serving adapter rendered evaluationState=LEGACY."
"45","10f214bad1175d0d","d0c53563d5d13221722942498dc2c0d0d2eb8d0d99daa0e5ebd32807a2b1ac4b","Indeed","Head of Partnerships - India","Aivar Innovations","Bengaluru, Karnataka","e8fa27c8742aea8632350c5e54064c2bd7c6418c6fd5556d90a74fd9f17991fc","1","5","5","E","Materialized evaluation exists under active context fingerprint ""fbcfc83c5f8e7257aa2b92e1fbd91acfebf47c5f4ca3fcd167def146839b0ba9"", but serving adapter rendered evaluationState=LEGACY."
"46","10fbe544e4d75183","4cf8f9412a499b665655bd9808615073d2deaa8e7ebfa64b8d0b56074ab04994","Naukri","Vice President","AnnexMed","Kolkata, Mumbai, New Delhi, Hyderabad, Pune, Chennai, Bengaluru","c5a31dc97a0463016532d90a3e4ff9d8f6390a060d239cb5a6bc077c0289b644","1","5","5","E","Materialized evaluation exists under active context fingerprint ""fbcfc83c5f8e7257aa2b92e1fbd91acfebf47c5f4ca3fcd167def146839b0ba9"", but serving adapter rendered evaluationState=LEGACY."
"47","11fb90ddb0f8542d","7620deba08f4bb3580dc5ce499bd3ce061b8f8c2aeb9293bb85b033586e3b114","Indeed","Director of Strategy & Operations","Loop","Bengaluru, Karnataka","b372b765062e0369d03eb219c336130c7add43237391292475f73de70e1813c1","1","5","5","E","Materialized evaluation exists under active context fingerprint ""fbcfc83c5f8e7257aa2b92e1fbd91acfebf47c5f4ca3fcd167def146839b0ba9"", but serving adapter rendered evaluationState=LEGACY."
"48","127e7bb604c843d1","128eef3933bdd6f3f8ca5d459377aaacdbf8b6dd9e42ef1584a9b69a7dd8b82a","Naukri","Associate Director","Axtria","Noida","a382b1812ce2f0150b299b29edcdba46fe044e2bae568c8bc48c09b8ad724629","1","5","5","E","Materialized evaluation exists under active context fingerprint ""fbcfc83c5f8e7257aa2b92e1fbd91acfebf47c5f4ca3fcd167def146839b0ba9"", but serving adapter rendered evaluationState=LEGACY."
"49","12ececcd806ee48a","18dac1e81943bea36f71546ec875a012d7ece937fc98f1568bad202acd0902ae","Naukri","Group Operations Manager - Bank (18-28 yrs)","Pylon Management Consulting","Gurugram","73ee35a627b1a748adf2d01f14313b12cd6f437110663defe28fd9a070fb9903","1","5","5","E","Materialized evaluation exists under active context fingerprint ""fbcfc83c5f8e7257aa2b92e1fbd91acfebf47c5f4ca3fcd167def146839b0ba9"", but serving adapter rendered evaluationState=LEGACY."
"50","132532ddc9679052","f78f700951949fc21c1ddb81243c959421cf10a140752dc3f8d7a2fc7c30ebe3","Indeed","HEAD OF DIGITAL TRANSFORMATION INDIA","scymes services pvt limited","Thiruvallur District, Tamil Nadu","37d7a42076cd64c13e637ba557687e4eb08134ab416087875276e02e4fe2987d","1","5","5","E","Materialized evaluation exists under active context fingerprint ""fbcfc83c5f8e7257aa2b92e1fbd91acfebf47c5f4ca3fcd167def146839b0ba9"", but serving adapter rendered evaluationState=LEGACY."
"51","1388fd3edeca5a9e","35f442b54d36601163c8af745f45f3f4c87a4863071c8d90cbc9d919776b9d7f","Naukri","Apriso COE Lead(Solution Architect)","Tata Consultancy Services","Delhi / NCR, Pune, Bengaluru","ef78d1b0468e005821a358ad2f5c1fad3ab6fc1cd6a4f5fe7f7a68acd4eda11b","1","5","5","E","Materialized evaluation exists under active context fingerprint ""fbcfc83c5f8e7257aa2b92e1fbd91acfebf47c5f4ca3fcd167def146839b0ba9"", but serving adapter rendered evaluationState=LEGACY."
"52","13ba68b55e1b15a1","844af9f845c7214c82e9f556a779f5efc26c92572da92261fee6ba3383ee3998","Naukri","The Indus Valley - Vice President - Marketing & Growth (15-20 yrs)","The Indus Valley","Bengaluru","f8469f1635572c9b6ae821a885198e483ef122d2b3e8a361f330551739c6e177","1","5","5","E","Materialized evaluation exists under active context fingerprint ""fbcfc83c5f8e7257aa2b92e1fbd91acfebf47c5f4ca3fcd167def146839b0ba9"", but serving adapter rendered evaluationState=LEGACY."
"53","1464bd217d92ecae","e2812a8b182fb4a6183e02fbf36eafab3bee1d004dd87886ca104b6faf59719d","Naukri","Successfactors Employee Central Payroll Senior Manager","HR India Solutions","Gurugram","e36808fb8594b3404cb0bf3dc1c7b3d1a9bf26d1ee09ee8aca033301e73eaed6","1","5","5","E","Materialized evaluation exists under active context fingerprint ""fbcfc83c5f8e7257aa2b92e1fbd91acfebf47c5f4ca3fcd167def146839b0ba9"", but serving adapter rendered evaluationState=LEGACY."
"54","146e696e2036919c","0965ff7223fe00cdb6f1b12e1e9e5d2d080b52c60a524b40a490ad2c541d2f39","Indeed","Chief Marketing Officer (CMO)","Screens player","Andheri West, Mumbai, Maharashtra","b940e42a688258acd5f33868b39187f0e19ec526adfbaecfe55006643a113ade","1","5","5","E","Materialized evaluation exists under active context fingerprint ""fbcfc83c5f8e7257aa2b92e1fbd91acfebf47c5f4ca3fcd167def146839b0ba9"", but serving adapter rendered evaluationState=LEGACY."
"55","16130aa28e29285e","8bc8f8a88f362e97985859fc20589ef3e2250a26caca98d7a7140370bb179fd4","Naukri","Flipspaces - Assistant Vice President - Growth (15-20 yrs)","Flipspaces","Mumbai","a62941cec98f6a7edebf99841ff99b5e340e78783b6b6bc277f726a56803fc52","1","5","5","E","Materialized evaluation exists under active context fingerprint ""fbcfc83c5f8e7257aa2b92e1fbd91acfebf47c5f4ca3fcd167def146839b0ba9"", but serving adapter rendered evaluationState=LEGACY."
"56","162d278530ff4303","49eb84dd5d099d115a715e7669834e2eae66d13d13b273a6d91fec720373757a","Naukri","HNI Desk Head","AnandRathi","Nagpur","04f2cedddaefcb1d524fbcc98d3d0c35bab830f808450407d910a5bb723b299c","1","5","5","E","Materialized evaluation exists under active context fingerprint ""fbcfc83c5f8e7257aa2b92e1fbd91acfebf47c5f4ca3fcd167def146839b0ba9"", but serving adapter rendered evaluationState=LEGACY."
"57","1658ad68b36089a7","ab226ad6169a01bbc8ac639d05041862316f8e51e4ea40f21106766b1e6894b0","Naukri","Senior Director/ AVP_Talent Acquisition","Hurix","Mumbai, Pune, Chennai","9772d3b8cb7757b3cdc7f955871ffa42955b5cb16e3ab7003bdf60ca1df0bc6c","1","6","6","E","Materialized evaluation exists under active context fingerprint ""fbcfc83c5f8e7257aa2b92e1fbd91acfebf47c5f4ca3fcd167def146839b0ba9"", but serving adapter rendered evaluationState=LEGACY."
"58","16697b31f5bfabce","12fcf48ea7b1e575a2ce926cc62d8144dc3242293469089094f13225d1a38138","LinkedIn","AVP - Customer Experience","Credit Saison India","Mumbai, Maharashtra, India (On-site)","b3bc211f5d3ab9e5a3e17194167e152fdaef6c4b56da5fcebdeda6c8cc6a2000","1","6","6","E","Materialized evaluation exists under active context fingerprint ""fbcfc83c5f8e7257aa2b92e1fbd91acfebf47c5f4ca3fcd167def146839b0ba9"", but serving adapter rendered evaluationState=LEGACY."
"59","166a5b5aae951a95","a5c4716f35e2ee179c3e97279edd70573716f01de07d2a30dd6625a3c5865101","Naukri","Chief Human Resource Officer","Aelius Consultants Delhi","Gurugram, Delhi / NCR, Noida","6f12ef98ac82bc1d5506f5f49e3449c7ad1634be954d5110fa9513f785c6d065","1","5","5","E","Materialized evaluation exists under active context fingerprint ""fbcfc83c5f8e7257aa2b92e1fbd91acfebf47c5f4ca3fcd167def146839b0ba9"", but serving adapter rendered evaluationState=LEGACY."
"60","17e1efa8aa540dd1","efc708e1ccb1e6349ed6e88eccecc771be3411715e4d3c4f104881216780fa53","LinkedIn","Chief Marketing Officer","Upraisal People Productivity Performance - Best executive search firm","Mumbai Metropolitan Region (On-site)","e1030866ed6f76ba5d37f2505cfb501d505bac9e3cadca5ecf3a05de71e7d4e3","1","5","5","E","Materialized evaluation exists under active context fingerprint ""fbcfc83c5f8e7257aa2b92e1fbd91acfebf47c5f4ca3fcd167def146839b0ba9"", but serving adapter rendered evaluationState=LEGACY."
"61","1899263716adb2c7","2d5fcafc319bf339c09207c2c9ff0ab551c590f3d35df6afbe290aa1611f7e7f","LinkedIn","General Manager - Delivery (AI-native Marketing)","Nudge","Bengaluru, Karnataka, India (On-site)","61a043cc14d21e4b1346fadc5adbdd5c6c647a2891e4bd0f5e37f89fb3cc18ae","1","5","5","E","Materialized evaluation exists under active context fingerprint ""fbcfc83c5f8e7257aa2b92e1fbd91acfebf47c5f4ca3fcd167def146839b0ba9"", but serving adapter rendered evaluationState=LEGACY."
"62","191d77dbbf47cf50","a5c0f7e5812b6515c0c9de7a91b66648819dacb97220d43460e7ca02d1d2606e","Naukri","Head - IT Risk/Cybersecurity - Banking (15-20 yrs)","Crescendo Global Leadership Hiring India","Navi Mumbai, Chennai","068858ebd88268cdd83a943a58523f11e08515adb0c1ee3e0fe6835c2b6854be","1","5","5","E","Materialized evaluation exists under active context fingerprint ""fbcfc83c5f8e7257aa2b92e1fbd91acfebf47c5f4ca3fcd167def146839b0ba9"", but serving adapter rendered evaluationState=LEGACY."
"63","198c7d62a41862af","1e4c2a81d9fdd387b5033b0758b2b716181a45211e7df8b476d821216f3f224f","Naukri","Engineering Manager VP","Barclays","Pune","cc2c6837aca33d2b4298332ceb9dc99fe505d9ca2a08983377158a2b3c988b7b","1","6","6","E","Materialized evaluation exists under active context fingerprint ""fbcfc83c5f8e7257aa2b92e1fbd91acfebf47c5f4ca3fcd167def146839b0ba9"", but serving adapter rendered evaluationState=LEGACY."
"64","198fc15b48d5f36b","1998ce4c11ade3a6109566851aba436d9ca1174598b62fa8665e8e142f7bfeb8","Naukri","Lead Business Analyst (BIA Platform)","Xceedance","Hybrid - Delhi / NCR, Pune, Bengaluru","cc8150f8a1bb8b61cc7e246a137366435ec9397001af25910b1ec40c906874b1","1","5","5","E","Materialized evaluation exists under active context fingerprint ""fbcfc83c5f8e7257aa2b92e1fbd91acfebf47c5f4ca3fcd167def146839b0ba9"", but serving adapter rendered evaluationState=LEGACY."
"65","1a0e97ad1ea108e4","ec71ea3713ad1568ef12d2c76334f215b6102e092a9e42ff6e88e3d5497f4e56","Naukri","Head-HR Operations","Indihire Consultants","Hyderabad","82a64ccd47c44ce71d571abeee4c4bb34d03eb8341a4145cae0dfe80c52636ea","1","5","5","E","Materialized evaluation exists under active context fingerprint ""fbcfc83c5f8e7257aa2b92e1fbd91acfebf47c5f4ca3fcd167def146839b0ba9"", but serving adapter rendered evaluationState=LEGACY."
"66","1a59cfc1cb7d9185","9a4b8379ba5d085043619dcb0b1afcae0512ca31e6e1687b55e593ffef1fb717","Naukri","VP Engineering","the modern dimension","New Delhi, Bengaluru","196e76706e208ac884adce85c1b499da252cc9b130ddbc70fa9d1d1dd9561781","1","6","6","E","Materialized evaluation exists under active context fingerprint ""fbcfc83c5f8e7257aa2b92e1fbd91acfebf47c5f4ca3fcd167def146839b0ba9"", but serving adapter rendered evaluationState=LEGACY."
"67","1aa00e537af6587b","109df069dcda491e88a7a1d9061c7f929525926a20a167140ff881fdeccf77f7","Indeed","Director of Growth (India-Based)","Vulcury Venture Studio and Advisors","Remote","1181e347b279d5f845a4eb4e39da6b0fdf200d2d58b8ddd4a5b11fb952237432","1","5","5","E","Materialized evaluation exists under active context fingerprint ""fbcfc83c5f8e7257aa2b92e1fbd91acfebf47c5f4ca3fcd167def146839b0ba9"", but serving adapter rendered evaluationState=LEGACY."
"68","1ad10ce75d9814cc","e7eb3e4dede422a32b2329165b47a9c2839b3bbd59770668624e7947a06a0b64","Indeed","Digital Transformation Head","Saaki Argus & Averil Consulting","Coimbatore, Tamil Nadu","8bacc5e9ea2e62fb58c454923ccab2c23bb9301d2f09db88bf77967921120adf","1","5","5","E","Materialized evaluation exists under active context fingerprint ""fbcfc83c5f8e7257aa2b92e1fbd91acfebf47c5f4ca3fcd167def146839b0ba9"", but serving adapter rendered evaluationState=LEGACY."
"69","1bc4f83f17942645","1ba14b53db2974a389093dca853783539bce3525a7b3adcd08abe3ccecb2245f","LinkedIn","Head of Engineering – Production & Operations.","Quest Global","Bengaluru, Karnataka, India (Hybrid)","3113c4a42ded02cfd42fa2a93525217ba860661b0d9864a0f8caabc9cbbce199","1","5","5","E","Materialized evaluation exists under active context fingerprint ""fbcfc83c5f8e7257aa2b92e1fbd91acfebf47c5f4ca3fcd167def146839b0ba9"", but serving adapter rendered evaluationState=LEGACY."
"70","1bf762014bf2c370","bd2c58251c0a981443f67a6e04a20e0becb855af87d855fc7a98b37f813eead8","Naukri","Moody's - Assistant Vice President - Product Analysis/Digital Assets Domain (7-10 yrs)","Moody's Analytics","Gurugram, Bengaluru","b2da40610de412a45abf148cb75cc6dda03785ffd552032309797f66f55ea1ca","1","5","5","E","Materialized evaluation exists under active context fingerprint ""fbcfc83c5f8e7257aa2b92e1fbd91acfebf47c5f4ca3fcd167def146839b0ba9"", but serving adapter rendered evaluationState=LEGACY."
"71","1bfc5ea7d555b673","e27e39a5f347430b47c0301fdf18dc4930841e0c9b4b45538345ac2593bffcf8","Naukri","Marketing Head","Amor Management Consultants","Kozhikode","5037d7e5f44b8109518928a7037470185d2bf4d5e4829e6b8fc0fded4f3059ae","1","5","5","E","Materialized evaluation exists under active context fingerprint ""fbcfc83c5f8e7257aa2b92e1fbd91acfebf47c5f4ca3fcd167def146839b0ba9"", but serving adapter rendered evaluationState=LEGACY."
"72","1c027d2eaea86288","cdcda53f8a6442619a888f95a18eeff6669ecb16be1063c7b21a47e03edcfa46","Naukri","VP & Head Engineering | Manufacturing FMCG | Gurugram |","Ablehunt Consulting","Gurugram, Delhi / NCR, Manesar","5ffd3395ec46b3eccd2bbd96a31a078f35f40bb190b716dcab857abca927ac22","1","7","6","E","Materialized evaluation exists under active context fingerprint ""fbcfc83c5f8e7257aa2b92e1fbd91acfebf47c5f4ca3fcd167def146839b0ba9"", but serving adapter rendered evaluationState=LEGACY."
"73","1c7867d2418ae2a9","12aa10768e8b46cfc73a458d659482f7cfdfbe835201ad0a9f138733990fdf70","LinkedIn","Engineering Manager - Digital Asset Management","Apple","Hyderabad, Telangana, India (Remote)","791fbd7cafd42298bffc7db03960d8e3d07f6e8666c98a0dfea557d3d6461c5e","1","5","5","E","Materialized evaluation exists under active context fingerprint ""fbcfc83c5f8e7257aa2b92e1fbd91acfebf47c5f4ca3fcd167def146839b0ba9"", but serving adapter rendered evaluationState=LEGACY."
"74","1ca04a599f41d8c0","c02f7659e691d656a3a8369007c3beab317ef4a918608ad3f0b812d2a4b11147","LinkedIn","Head of Engineering","Confidential","Kochi, Kerala, India (On-site)","08a14dcf6c734cc9786a97f1c7ad506c1325ab9fb91855e27b10ff6128e25dce","1","5","5","E","Materialized evaluation exists under active context fingerprint ""fbcfc83c5f8e7257aa2b92e1fbd91acfebf47c5f4ca3fcd167def146839b0ba9"", but serving adapter rendered evaluationState=LEGACY."
"75","1cd1c62184d7b1fb","809a2138846ec44570d2fc03243119726075f7abb914f125379f9aa64c0415e8","Naukri","GCC Setup & Consulting Leader","Vlaunchu","Bengaluru","3de451a877febfbb86ce2d80d0fbc475ac7afa9c16c03840ba4648f244be2898","1","5","5","E","Materialized evaluation exists under active context fingerprint ""fbcfc83c5f8e7257aa2b92e1fbd91acfebf47c5f4ca3fcd167def146839b0ba9"", but serving adapter rendered evaluationState=LEGACY."
"76","1cef4c055d461b66","fce9eb6e116da0bd5d4daacd0479c9c52ab92be83924580e9ee7a1f0a125ad4a","Naukri","AVP/Director- Data Solution & Analytics","NLB Services","Gurugram, Noida","a1ac3fd9df47c1f725b3b4e3e8133a128eed65ff2c437cf0167cc2907fd4d4bd","1","6","6","E","Materialized evaluation exists under active context fingerprint ""fbcfc83c5f8e7257aa2b92e1fbd91acfebf47c5f4ca3fcd167def146839b0ba9"", but serving adapter rendered evaluationState=LEGACY."
"77","1d24e7f539d5ba0b","290299ac8a14db488e451590c4517ce73f88d6d87ce04979e24d55fac739a431","Naukri","Associate Medical Safety Director","Iqvia Biotech","Bengaluru","20c2bd49b93486fa32b83e8cdd87f3172ca94c07829b720bce1a0a2cf043bc9a","1","5","5","E","Materialized evaluation exists under active context fingerprint ""fbcfc83c5f8e7257aa2b92e1fbd91acfebf47c5f4ca3fcd167def146839b0ba9"", but serving adapter rendered evaluationState=LEGACY."
"78","1d5a79fd0ea43134","8652629314384cd732c04ea6558d85b1ff1d3df8f8797b190cebea73525d5096","Naukri","Associate Director - Market Risk & Model Validation (10-17 yrs)","Black Turtle","Bengaluru","81e25b23d5ee24fbf7dd1f31fca06a973b02276d234079f3c21117677469b7f3","1","5","5","E","Materialized evaluation exists under active context fingerprint ""fbcfc83c5f8e7257aa2b92e1fbd91acfebf47c5f4ca3fcd167def146839b0ba9"", but serving adapter rendered evaluationState=LEGACY."
"79","1f8a28b65a5d927a","ba3dbaa509a2cb9ddcf69e1d873d6fb4c58ac5034717d09f0b9a6b075119d4e5","Naukri","Medical Director/Sr. Consultant - Oncology","Benovymed Healthcare Private Limited","Jaipur","cea5474c334445f284c1df49dba84d33c808cc4af499a7ecd9f6d30a2bc1603f","1","5","5","E","Materialized evaluation exists under active context fingerprint ""fbcfc83c5f8e7257aa2b92e1fbd91acfebf47c5f4ca3fcd167def146839b0ba9"", but serving adapter rendered evaluationState=LEGACY."
"80","203010a26fcafdee","5372f0be45e9019ca5f6eb7883a9cda9ee32b8ab6e587fb837040dd6008e259c","Naukri","VP ( Brand Strategy & Creative Intelligence)","Tecnovisions","Gurugram","599be30ac6bb0f48dc8565b190031f4f4b5ab93a4d05ba110f7e9408c43675d8","1","6","6","E","Materialized evaluation exists under active context fingerprint ""fbcfc83c5f8e7257aa2b92e1fbd91acfebf47c5f4ca3fcd167def146839b0ba9"", but serving adapter rendered evaluationState=LEGACY."
"81","2076c14499bb4097","4a388ccc586da69dbf19f3dee256766062f22196d2ca78c075491f3737fbcce3","Naukri","Vice President-Electrical","Bindal Stainless Sirmaur","Paonta Sahib","dc1c990b4e024ab61f83ab077c7c7129e29955d484ef26277a9a95e8f9ec480f","1","5","5","E","Materialized evaluation exists under active context fingerprint ""fbcfc83c5f8e7257aa2b92e1fbd91acfebf47c5f4ca3fcd167def146839b0ba9"", but serving adapter rendered evaluationState=LEGACY."
"82","209d58536cbf2bbf","d075eb02df47ec36d27d315fb4c4fa424bfb1d850e9da498e7c896afbaacc582","Indeed","Vice President – Marketing (FinTech)","GoWin Training","Hyderabad, Telangana","6f2a070e6fc847c2d00fc9a56880f6b5446b209f554165595b18cb362c66501a","1","5","5","E","Materialized evaluation exists under active context fingerprint ""fbcfc83c5f8e7257aa2b92e1fbd91acfebf47c5f4ca3fcd167def146839b0ba9"", but serving adapter rendered evaluationState=LEGACY."
"83","20c572bc8af87409","c6e53f25fbc80f9b48b746fc47e10d47577eced4659d3c22026909f36dd822a7","Naukri","Vice President - Credit Risk & Market Risk Regulatory & Transformation (12-20 yrs)","Black Turtle","Mumbai, Bengaluru","ed72ea8f3d7e5e10e5be61891f31f249a1ee8726548a9b1d6b15bf86d76e8973","1","5","5","E","Materialized evaluation exists under active context fingerprint ""fbcfc83c5f8e7257aa2b92e1fbd91acfebf47c5f4ca3fcd167def146839b0ba9"", but serving adapter rendered evaluationState=LEGACY."
"84","212d47b248e2169a","7b2fbf323750c024767d5e1329931af771c7b0bce0819f7c6896454df4aa0120","Naukri","Kaleidofin - Senior Manager/Assistant Vice President - Debt Capital Markets (5-9 yrs)","Kaleidofin","Mumbai, Chennai, Bengaluru","7f0f6610423dc72759de28d401eac70c8aefd548f2ec68249467bd11b7df22d4","1","5","5","E","Materialized evaluation exists under active context fingerprint ""fbcfc83c5f8e7257aa2b92e1fbd91acfebf47c5f4ca3fcd167def146839b0ba9"", but serving adapter rendered evaluationState=LEGACY."
"85","21bbcba43965396c","87d101ee27cdf2d9034d4a920fa3b791b424584ff148fff5db89474dd0f6d010","Naukri","GCC IT Lead - chennai  ITSM, ITAM, and ITOM- EPC industry","Teamplus Staffing Solution","Chennai","e04441d0bc0a396008c559365953f7ef6969b8f3cfcb8b35f5a9322f6636a27a","1","5","5","E","Materialized evaluation exists under active context fingerprint ""fbcfc83c5f8e7257aa2b92e1fbd91acfebf47c5f4ca3fcd167def146839b0ba9"", but serving adapter rendered evaluationState=LEGACY."
"86","2218de82388a07c9","8d3ede535e4a746f838697f3eafc53e8192049a46d731e80d76b2b33cf32453e","Naukri","Senior Manager, Delivery & Customer Success","TARANTULA.NET","Hybrid - Hyderabad","71bc16cd8b3f1af7ee1a21fde0780551da70d2cf619cf66fb94930ad590311b1","1","5","5","E","Materialized evaluation exists under active context fingerprint ""fbcfc83c5f8e7257aa2b92e1fbd91acfebf47c5f4ca3fcd167def146839b0ba9"", but serving adapter rendered evaluationState=LEGACY."
"87","226cc745cefebb24","d5713693a84c21f5986362e94b9f9481721320ad6f67064001561f4c42e2fd50","Naukri","Head Product Marketing","Elitecon International","Noida","e07f1b6844858b272d162c5cdc866496bb91d8deb3a641225208fc18c62f1293","1","5","5","E","Materialized evaluation exists under active context fingerprint ""fbcfc83c5f8e7257aa2b92e1fbd91acfebf47c5f4ca3fcd167def146839b0ba9"", but serving adapter rendered evaluationState=LEGACY."
"88","22c154b12739c234","33b1091122b7cf33f5e8ccaf1262e4e8a8871204d194b410a62c76b70a570202","Naukri","Kaleidofin - Senior Manager/Assistant Vice President - Debt Capital Markets (5-9 yrs)","Kaleidofin","Mumbai, Chennai, Bengaluru","7f5d634e0da4b0e5b7c67a90f4ac460eb47e8b0843c5e8961011acc8ebb6bb80","1","5","5","E","Materialized evaluation exists under active context fingerprint ""fbcfc83c5f8e7257aa2b92e1fbd91acfebf47c5f4ca3fcd167def146839b0ba9"", but serving adapter rendered evaluationState=LEGACY."
"89","22c17ebec3d3f0e0","48ea80884e2cfd4cc640b93cac01ff1d9cb2fef94c5b0b1a04181d7bff98eeab","Naukri","Chief Marketing Officer (CMO)","Moris Media","Noida","f6b0eeaca6f6c0aa2ea19a00c5662bc2562c8c92aa835c37bbcbfe38974f8d76","1","5","5","E","Materialized evaluation exists under active context fingerprint ""fbcfc83c5f8e7257aa2b92e1fbd91acfebf47c5f4ca3fcd167def146839b0ba9"", but serving adapter rendered evaluationState=LEGACY."
"90","22f3589c79ccb193","a2e0980b78b4c3edfb3aa50f898d79604d9f85c54992a131f6887cbcbb9ec019","Naukri","Senior Vice President/Vice President - Transitions - Insurance (20-25 yrs)","Bean Hr Consulting","Gurugram","9fde171e671d56b43e6cd1858954e427bc145cb10cd3eef885e631cd29e82cfe","1","5","5","E","Materialized evaluation exists under active context fingerprint ""fbcfc83c5f8e7257aa2b92e1fbd91acfebf47c5f4ca3fcd167def146839b0ba9"", but serving adapter rendered evaluationState=LEGACY."
"91","22f6d3baf11fb599","1da8e086c5967d4e129dce631392123ff9e5b8fc51e0a319564a44c2c36e0c0a","Naukri","Operations - Treasury Operations - AVP (Payments & Security)","KKR India Asset Finance","Gurugram","bb039380ba84ce9982060864381a34bb3af37ad654647d6dd257e17ca83cf769","1","6","6","E","Materialized evaluation exists under active context fingerprint ""fbcfc83c5f8e7257aa2b92e1fbd91acfebf47c5f4ca3fcd167def146839b0ba9"", but serving adapter rendered evaluationState=LEGACY."
"92","22fd94c284cfa852","4812e1707f053ea6cef70272c10ff276213b4e30399143029f202be9e7301dbf","Indeed","Chief in Technology","Crowdpouch","Bengaluru, Karnataka","0dbe4a48f428740f99fffbc6c8869e9e5208195bd530f5b579930e589a2fc9f0","1","5","5","E","Materialized evaluation exists under active context fingerprint ""fbcfc83c5f8e7257aa2b92e1fbd91acfebf47c5f4ca3fcd167def146839b0ba9"", but serving adapter rendered evaluationState=LEGACY."
"93","22fdff1c3f0fe6a5","0f4265cc68bbf572452a6ce3738f97224e412a9012dd79a8425f0200a9918fce","Indeed","Senior Vice President / Vice President, Marketing – India","Cvent","Hybrid work in Gurugram, Haryana","088c3b6b141495bae338bf59714fdc42500d300b421acb56982d1a56e735c688","1","5","5","E","Materialized evaluation exists under active context fingerprint ""fbcfc83c5f8e7257aa2b92e1fbd91acfebf47c5f4ca3fcd167def146839b0ba9"", but serving adapter rendered evaluationState=LEGACY."
"94","2323428984bce3bb","985ad727aa7edc8fc1f59f3824d86bea0f23eaf28318cc7284d1cd77da2403a8","Naukri","Marketing Head","Essence Hr Services","Siliguri","9e1d0a46160b4429c9080881133e372546e5fa61eb5e13929ac6a5020c0393e8","1","5","5","E","Materialized evaluation exists under active context fingerprint ""fbcfc83c5f8e7257aa2b92e1fbd91acfebf47c5f4ca3fcd167def146839b0ba9"", but serving adapter rendered evaluationState=LEGACY."
"95","2331691f14bb577f","0c2e715734c5c0f2edc945b5940558f186289bcd58061c62291487494cbc6d0e","Indeed","Director – Global Innovation Centre Operations & Strategy","Experian","Hybrid work in Hyderabad, Telangana","480791ea5ca73a4f8521e888630f8062dfe5300d16cd3115770f34c416ec50c0","1","5","5","E","Materialized evaluation exists under active context fingerprint ""fbcfc83c5f8e7257aa2b92e1fbd91acfebf47c5f4ca3fcd167def146839b0ba9"", but serving adapter rendered evaluationState=LEGACY."
"96","23339847cbf1b206","817d84cd553c1fbd78cbe8bb42a5dcadcce8d14d6dfc60593d9d94adddb5c7a5","Indeed","Senior Business Development Manager","VectorStack","Bengaluru, Karnataka","3963a3c8700a5aa06a1ddcf83fb62fbcd31ba4c4475e764226fc50da5305b58a","1","5","5","E","Materialized evaluation exists under active context fingerprint ""fbcfc83c5f8e7257aa2b92e1fbd91acfebf47c5f4ca3fcd167def146839b0ba9"", but serving adapter rendered evaluationState=LEGACY."
"97","2341711b00994756","2fece9080e9f82f46ef6bd6f14f7522c7c01acc4d80a268f135c2fece6f2ddcd","Naukri","GM/VP-Marketing (For Bangalore/Chennai) only from two wheeler industry","Corporate Destination","Chennai, Bengaluru","20a5167f615fb1b5d44409dd5691d0482aedf6694f5a18f028c1515f93b54497","1","6","6","E","Materialized evaluation exists under active context fingerprint ""fbcfc83c5f8e7257aa2b92e1fbd91acfebf47c5f4ca3fcd167def146839b0ba9"", but serving adapter rendered evaluationState=LEGACY."
"98","23a261971679649f","9a596b62cbbbdeeb825404edf4b50c4c1670afa9f959ad9052177429884bbc29","Naukri","Project Head","Adani Group","Mumbai, Hyderabad","e33933af55cf6314b7c6b6885058bcd258120df59edad2cbd10095ef703bb222","1","5","5","E","Materialized evaluation exists under active context fingerprint ""fbcfc83c5f8e7257aa2b92e1fbd91acfebf47c5f4ca3fcd167def146839b0ba9"", but serving adapter rendered evaluationState=LEGACY."
"99","23afd9e102d0387a","d7265e2043dd8858972cb6d09cac1de005012bc1aa20d3a68621fc22a3bce336","Naukri","Director - Corporate Communications (18-25 yrs)","Mancer Consulting Services","Gurugram","4e07eedac97ac1672a39bfa17d74f3deef5d584d75a3698032a3df408c311235","1","5","5","E","Materialized evaluation exists under active context fingerprint ""fbcfc83c5f8e7257aa2b92e1fbd91acfebf47c5f4ca3fcd167def146839b0ba9"", but serving adapter rendered evaluationState=LEGACY."
"100","23f8f526183637c2","313e834a9ca93f9508f9972a22126e00e87b5df648732e55afbc4f4754d8867d","Naukri","Hiring For a Vice President - Finance & Accounting Solutioning","Titanium Consulting Mumbai","Delhi / NCR, Kochi, Kolkata, Hyderabad, Pune, Chennai, Bengaluru, Mumbai (All Areas)","febffc57461f4cc4f368e9d6feee011fe86eba791a65216c47129da533b6a5fc","1","5","5","E","Materialized evaluation exists under active context fingerprint ""fbcfc83c5f8e7257aa2b92e1fbd91acfebf47c5f4ca3fcd167def146839b0ba9"", but serving adapter rendered evaluationState=LEGACY."
"101","24305aee42fd50fd","3d45ed04d688386f251a7d1d2b76629f3317305092f307b0b35fc5661b92705b","Indeed","Sr. Executive - CRM","KASTURI HOUSING PVT LTD","Pune, Maharashtra","841dabc43b762a9fea89c46e583b92aa8b9871588551c00058ad1961a01be490","1","5","5","E","Materialized evaluation exists under active context fingerprint ""fbcfc83c5f8e7257aa2b92e1fbd91acfebf47c5f4ca3fcd167def146839b0ba9"", but serving adapter rendered evaluationState=LEGACY."
"102","246eae2ede38690f","935fa0f15357ed5e0f4ef7f6b7204deaf886f28e27b9b1e65bb9230b2a2857f7","Naukri","COE Order Management - AGM / AVP","Golden Opportunities","Chennai","4df58f06f3718f6040a13e1a12321cf2c47032dfe2f7402b53898146a696f9d8","1","6","6","E","Materialized evaluation exists under active context fingerprint ""fbcfc83c5f8e7257aa2b92e1fbd91acfebf47c5f4ca3fcd167def146839b0ba9"", but serving adapter rendered evaluationState=LEGACY."
"103","249b88e688a192a4","c302baae79b38c3cee4e14f20cbbb38e7af946e95eed87aea2c87285a3facda6","Naukri","Chief Information Officer (CIO)","V2 Retail","Gurugram","920446bed56db6ee41037a62424c879736fe9af2c93c3261c1060df580a8b17f","1","5","5","E","Materialized evaluation exists under active context fingerprint ""fbcfc83c5f8e7257aa2b92e1fbd91acfebf47c5f4ca3fcd167def146839b0ba9"", but serving adapter rendered evaluationState=LEGACY."
"104","24e111c9cf911cbf","37c15fd3a0238b820518db14d90f93e319ded21ef0b179626febbb4a23341577","Naukri","Director, Global Quote-to-Cash Operations (India COE)","Mongodb","Gurugram","0c0f6b98690784f1f66e26e3ff035debf54982856c8f46c2ed8869d913196a3d","1","5","5","E","Materialized evaluation exists under active context fingerprint ""fbcfc83c5f8e7257aa2b92e1fbd91acfebf47c5f4ca3fcd167def146839b0ba9"", but serving adapter rendered evaluationState=LEGACY."
"105","2507adde0ef0c925","4d279cf4960409281731cb0720d519d9f885f819f6a3708358c76e430c52ac19","Naukri","Head Marketing","Square Solutions","Noida","daa7d0234b039d8b763c3498ed28294ddb7d840ae014683befd6073837e6e4c3","1","5","5","E","Materialized evaluation exists under active context fingerprint ""fbcfc83c5f8e7257aa2b92e1fbd91acfebf47c5f4ca3fcd167def146839b0ba9"", but serving adapter rendered evaluationState=LEGACY."
"106","267572cd53248b2c","066a5a120f7b57fbb34da5fd77350ee7a2fa17486998a46685b8e95319efb89b","Indeed","Chief Technology Officer - India","AmeriSave Mortgage Corp.","Remote","ca0891ae655697d84d5cbbd9a7034853c6c028fc35c633a037428a9ea64fbaed","1","5","5","E","Materialized evaluation exists under active context fingerprint ""fbcfc83c5f8e7257aa2b92e1fbd91acfebf47c5f4ca3fcd167def146839b0ba9"", but serving adapter rendered evaluationState=LEGACY."
"107","26ae8fc1284f1557","2dae6898f38213c564562cbef2fd15af30073214b2f89da4c9b477fefefeb550","Indeed","Sr Manager- Customer Experience","Saaki Argus & Averil Consulting","Bengaluru, Karnataka","9ba73cf251985eb9422230416850a4d242d9aa4243f85e064b94a5c15762f6a0","1","5","5","E","Materialized evaluation exists under active context fingerprint ""fbcfc83c5f8e7257aa2b92e1fbd91acfebf47c5f4ca3fcd167def146839b0ba9"", but serving adapter rendered evaluationState=LEGACY."
"108","26ddc90359fe084d","91e3e5a636d33b04cbe29766343b40588239bbb5d997596ad57780ed9b58d02f","Indeed","Chief Operating Officer","Xpert Times","Delhi, Delhi","a2782b4e2d8b2c8b6f845ba480de5858fc5d53f0ce6bbc5610eef0a2d2d4ee6b","1","5","5","E","Materialized evaluation exists under active context fingerprint ""fbcfc83c5f8e7257aa2b92e1fbd91acfebf47c5f4ca3fcd167def146839b0ba9"", but serving adapter rendered evaluationState=LEGACY."
"109","26f8a282f2c06cae","daa8a870a68b76d50f83f153fed3d1b785e8566c95a7a37fb8600a352d5822ce","Naukri","Director","KPMG Assurance and Consulting Services LLP","Gurugram","b3c650794753c098d73a0acd34c96cc5d56f856c82a89f2b605d2a102e90220b","1","5","5","E","Materialized evaluation exists under active context fingerprint ""fbcfc83c5f8e7257aa2b92e1fbd91acfebf47c5f4ca3fcd167def146839b0ba9"", but serving adapter rendered evaluationState=LEGACY."
"110","27ca1e1eb999b0e2","489503acefcc402b8093861f6ea42a09521f096dfe37b5f634fc5417bf06f038","Naukri","Brick&Bolt - Chief Marketing Officer (20-30 yrs)","Brick&Bolt","Bengaluru","776eb0a7a745aede44398058c1da7be3c7ef8a5e285a3d3e458d0b0e6c5c88ad","1","5","5","E","Materialized evaluation exists under active context fingerprint ""fbcfc83c5f8e7257aa2b92e1fbd91acfebf47c5f4ca3fcd167def146839b0ba9"", but serving adapter rendered evaluationState=LEGACY."
"111","28137a1210dd2818","98905089a34899156edfd1acaf89cae9ab035524f87094aa1a892cbed3b4b355","LinkedIn","Director, Engineering","Zillow","Bengaluru, Karnataka, India (On-site)","5b801aa07487641b02bb5e41bbb2d9008725a5ca293e4a96edb8ce506eab30cc","1","5","5","E","Materialized evaluation exists under active context fingerprint ""fbcfc83c5f8e7257aa2b92e1fbd91acfebf47c5f4ca3fcd167def146839b0ba9"", but serving adapter rendered evaluationState=LEGACY."
"112","2814b44246d286d8","18514ead9208efe7c8ea1faac72edbd6134a77d669754ca22bd94b4416d84e15","LinkedIn","Director Of Customer Experience & Order-to-Cash","Amgen","Hyderabad, Telangana, India (On-site)","4156309ed7e3628436ceac74dbba07fcb64afe4b519ab32dd1637d6dc875ef84","1","5","5","E","Materialized evaluation exists under active context fingerprint ""fbcfc83c5f8e7257aa2b92e1fbd91acfebf47c5f4ca3fcd167def146839b0ba9"", but serving adapter rendered evaluationState=LEGACY."
"113","2849c465335469ef","feafcdbff3e747f7548f69991b1136b3d7671644620485ba586510f15ddfe07f","Indeed","Product Manager","Medorah Meditek Pvt. Ltd","Gurugram, Haryana","bef80ab13ef5b2d1d3f685686be6ba8714077b2930ed29154f0b0c2cd9e2d58a","1","5","5","E","Materialized evaluation exists under active context fingerprint ""fbcfc83c5f8e7257aa2b92e1fbd91acfebf47c5f4ca3fcd167def146839b0ba9"", but serving adapter rendered evaluationState=LEGACY."
"114","287767456b843c53","693f2dad0e5efeb3e8b23ad59e5d580e3ad0bae3c9a3a45d41f35b7e58d3aa9b","Naukri","Director - Marketing - eCommerce (12-15 yrs)","Aptita Services","Bengaluru","edd35d5d63b254bb9bf858be51945ad044d027e7812d0b0e7508520526254c74","1","5","5","E","Materialized evaluation exists under active context fingerprint ""fbcfc83c5f8e7257aa2b92e1fbd91acfebf47c5f4ca3fcd167def146839b0ba9"", but serving adapter rendered evaluationState=LEGACY."
"115","296d98bc75c548e5","9d802ddddf9615f0d20acd855579880b91928b48744197289fb9b34170d30650","Indeed","Head- Operations","Dhanalakshmi Hire Purchase & Leasing","Kerala","c8c28370a6caae94c2a59ad2c72034cc4af8848e23fd69081942196c539b7148","1","5","5","E","Materialized evaluation exists under active context fingerprint ""fbcfc83c5f8e7257aa2b92e1fbd91acfebf47c5f4ca3fcd167def146839b0ba9"", but serving adapter rendered evaluationState=LEGACY."
"116","29f4508d79d904cf","1e39a3429c713862649585e9aa9e7fa63ea645a707cba49a85c2e8f33c046c44","Naukri","Flipspaces - Assistant Vice President - Growth (15-20 yrs)","Flipspaces","Mumbai","d459060114ad9586b9a3cdc07ca88c22c9371339b716d2dfe43434e23210ba25","1","5","5","E","Materialized evaluation exists under active context fingerprint ""fbcfc83c5f8e7257aa2b92e1fbd91acfebf47c5f4ca3fcd167def146839b0ba9"", but serving adapter rendered evaluationState=LEGACY."
"117","2a5958f80d3213cf","c86974096723c5835b8fb2bcc19afaf8a665cf0801bfa23855b736e16f542fbe","Naukri","Brick&Bolt - Chief Marketing Officer (12-16 yrs)","Brick&Bolt","Karnataka, Bangalore","c86e682206f79cf7a8a81d2009042ae50be2922d72b0ed8cb1797df01ff2b9c0","1","5","5","E","Materialized evaluation exists under active context fingerprint ""fbcfc83c5f8e7257aa2b92e1fbd91acfebf47c5f4ca3fcd167def146839b0ba9"", but serving adapter rendered evaluationState=LEGACY."
"118","2ae5695ecf79aa05","877b829bcfa11aa6f766d1c3a3b19983bd0c4e18acc8a437e61cde9925242b3d","Naukri","Head - Voice AI & Generative AI - Demand Generation","Shrikrishiv Marketing","Mumbai, Navi Mumbai, Mumbai (All Areas)","8069715febd0b576319fc8f51860ef91700a6aa8e67e4ecaa71846d02d85dd3b","1","5","5","E","Materialized evaluation exists under active context fingerprint ""fbcfc83c5f8e7257aa2b92e1fbd91acfebf47c5f4ca3fcd167def146839b0ba9"", but serving adapter rendered evaluationState=LEGACY."
"119","2b4e973defb70efd","db7f96e6bc97f0bbf49de0b5464afc0c3a72830915f05496ec58dbc98a5ec015","Naukri","Head - Metallurgy & Heat Treatment","Mahasurya Ventures India","Rajkot","5fed03980bb8ffb5866e9942c977abcb9e858881a9cb071ba9bd4cbd5247e88f","1","5","5","E","Materialized evaluation exists under active context fingerprint ""fbcfc83c5f8e7257aa2b92e1fbd91acfebf47c5f4ca3fcd167def146839b0ba9"", but serving adapter rendered evaluationState=LEGACY."
"120","2b503fef04f2754a","f1b5981f8309a5584ec06d22e493109837951d5f2a1c0cf22746aac6b905efc0","Naukri","Group Bayport - Business Head - Signs & Display (15-20 yrs)","Caterpillar Signs","Gurugram","2c271b173b2b442ce7789eeb4e6aeb98d796d97e2c00b7ebfcc89157909303e2","1","5","5","E","Materialized evaluation exists under active context fingerprint ""fbcfc83c5f8e7257aa2b92e1fbd91acfebf47c5f4ca3fcd167def146839b0ba9"", but serving adapter rendered evaluationState=LEGACY."
"121","2bbd4f63297f4561","3e06af4c02364aa8f2ccadd4cd50513184086d5c00989fbf26ab752afd2d8768","Naukri","Senior Manager","Axtria","Pune","e504d9d44bf2791dd64370a4c7062b9c180b113ab8c97d2d8a8b27a6ce81e9d7","1","5","5","E","Materialized evaluation exists under active context fingerprint ""fbcfc83c5f8e7257aa2b92e1fbd91acfebf47c5f4ca3fcd167def146839b0ba9"", but serving adapter rendered evaluationState=LEGACY."
"122","2bd81afeb410774b","96e605a09b0736072421bb166decb445a5aea9238e716c89f69fb5e3fe5e1f62","Indeed","Chief Marketing Officer -Global","Benovymed Healthcare","Delhi, Delhi","d619b408b2f805bb716fc57f26d6594258d0b04fe0dd7bb79255c222d490cde7","1","5","5","E","Materialized evaluation exists under active context fingerprint ""fbcfc83c5f8e7257aa2b92e1fbd91acfebf47c5f4ca3fcd167def146839b0ba9"", but serving adapter rendered evaluationState=LEGACY."
"123","2d8207325ce64fd9","981eb1908f57940163b924ec6b080db3c05c65d5553870386ca7e6d3e672b1b3","Indeed","Associate Vice President, Strategic Initiatives - India","IIX Global","Mumbai, Maharashtra","5554436b749fc91707a7d433c794248fd4e9de1b3125eba81a251f26cf68b113","1","5","5","E","Materialized evaluation exists under active context fingerprint ""fbcfc83c5f8e7257aa2b92e1fbd91acfebf47c5f4ca3fcd167def146839b0ba9"", but serving adapter rendered evaluationState=LEGACY."
"124","2e6a3ea9ae592122","e600f0f04aa37a8893a4b02976b0b34a3aae775d6afa2a1653925b368454b863","Naukri","Manager","Brightcode Software Services","Ranchi","a71f6ebdfcef346ab448c8afa3af74983447b6521287cb66059f22b4862ac3a7","1","5","5","E","Materialized evaluation exists under active context fingerprint ""fbcfc83c5f8e7257aa2b92e1fbd91acfebf47c5f4ca3fcd167def146839b0ba9"", but serving adapter rendered evaluationState=LEGACY."
"125","2e7e2261005df1e7","edd91e5758de0ace93ee5f55b0348bceb1161ec740aa9841c2ed344dc55323ec","Naukri","VP - Engineering and Maintenance","Morgan Placement","Ahmedabad, Virochan Nagar","6d2a51e1f6014c5828e26e6f21b75ae6362d092df400f870826547d833b26006","1","6","5","E","Materialized evaluation exists under active context fingerprint ""fbcfc83c5f8e7257aa2b92e1fbd91acfebf47c5f4ca3fcd167def146839b0ba9"", but serving adapter rendered evaluationState=LEGACY."
"126","2f11eaf76b604a3c","3612e5458b18dedf72f297e9545b7f5e0ad02a1ff6b37969b6c9d287f4345061","LinkedIn","Engineering Manager","MRSOOL | مرسول","India (Remote)","7d40acad61b519d77a0651dab7c0fcf0ffedb3a24e1b685ed0acb97b8333f63c","1","5","5","E","Materialized evaluation exists under active context fingerprint ""fbcfc83c5f8e7257aa2b92e1fbd91acfebf47c5f4ca3fcd167def146839b0ba9"", but serving adapter rendered evaluationState=LEGACY."
"127","2f2cd25e95a1c368","9cbd69627145505f6beb3aeef827dae253b12c3b90feae20ad0f928636327214","Naukri","Head Digital Marketing","New Era India","Hybrid - Gurugram","1d0ff32668a579cb23b97d98812a8c475b5d911e21b2fa9564f851d7d6c8c32a","1","5","5","E","Materialized evaluation exists under active context fingerprint ""fbcfc83c5f8e7257aa2b92e1fbd91acfebf47c5f4ca3fcd167def146839b0ba9"", but serving adapter rendered evaluationState=LEGACY."
"128","2f909100603abcd3","4b91c55b3f8606a75a8e564db44e82084097a74c6ea4e52c6d710152e5f942f2","Naukri","YesMadam - Vice President - Supply - Onboarding (8-12 yrs)","Yes Madam","Noida","60dcf4c04bf875d3c7b6dbf10533ca0eeeb18f8ba61b31fb55329186b060d673","1","5","5","E","Materialized evaluation exists under active context fingerprint ""fbcfc83c5f8e7257aa2b92e1fbd91acfebf47c5f4ca3fcd167def146839b0ba9"", but serving adapter rendered evaluationState=LEGACY."
"129","3010c69863a26d88","e6b2491be9b86f693b7217e103f82eb9811989a90a9857e8591f81db7a961833","Naukri","Business Head","Orcapod Consulting Services","Hyderabad, Bengaluru","cc4e303c9cecdc08f88ddd8890709c6900cf602f8f668a5addd1ee8c7c5b1ee5","1","5","5","E","Materialized evaluation exists under active context fingerprint ""fbcfc83c5f8e7257aa2b92e1fbd91acfebf47c5f4ca3fcd167def146839b0ba9"", but serving adapter rendered evaluationState=LEGACY."
"130","306f1bf7bc1f8803","b254c3f08c7b848908b50f87b01ac64a0c34b7e2ecce710ba8c302f682a93dc6","Naukri","Chief Marketing Officer","Kreon Financial Services","Chennai","b7277c69bf47e54e1df79f3d6ef570f6528e0ddb2721f8dcff3102bbf0034397","1","5","5","E","Materialized evaluation exists under active context fingerprint ""fbcfc83c5f8e7257aa2b92e1fbd91acfebf47c5f4ca3fcd167def146839b0ba9"", but serving adapter rendered evaluationState=LEGACY."
"131","311da39701c8e457","37ff8c9316212d1d1eb8e45a99137207cd2b8256de126eff28aa28eca16e34f4","Naukri","Sr Technical Manager - Steel Detailing","Vconstruct","Pune, Chennai","d85c73ccb11a6cf71c03ee028900902bdb1012d7d2bd802f92df2b3f4e8ac684","1","5","5","E","Materialized evaluation exists under active context fingerprint ""fbcfc83c5f8e7257aa2b92e1fbd91acfebf47c5f4ca3fcd167def146839b0ba9"", but serving adapter rendered evaluationState=LEGACY."
"132","313ea61883e420e7","24fb20633e15c70327bbdd884f55f62888c67ef3150cb0dad0074018f21d9ec0","Naukri","Site Head (GCC)","Saaki Argus And Averil Consulting","Chennai","ca4c9d6cc32e7d91600a684fb7f82ee20ac32986c8273b79e14a109a89910e57","1","5","5","E","Materialized evaluation exists under active context fingerprint ""fbcfc83c5f8e7257aa2b92e1fbd91acfebf47c5f4ca3fcd167def146839b0ba9"", but serving adapter rendered evaluationState=LEGACY."
"133","3152ef6da0acc38c","14ee787fe5182bf654c29c199d7f846e24bbdff31655c6dac65ed40dbd4202f0","Naukri","Lead Product Manager","Nielsen Sports","Bengaluru","324a0af0ba7ea56299333bc6662b04c697b42f8b9032dc2f62575841a229d27e","1","5","5","E","Materialized evaluation exists under active context fingerprint ""fbcfc83c5f8e7257aa2b92e1fbd91acfebf47c5f4ca3fcd167def146839b0ba9"", but serving adapter rendered evaluationState=LEGACY."
"134","3158d7b961feab06","355e524a39898a9a1aa19088dcc8f9a208ad708d7a3de795f41e2b123ec840fd","Naukri","Associate Director Marketing Personal Care","Placewell Solutions","Mumbai","a756a514ff7605d6751e264b713a07043b87840f6e15512c809714b20915af42","1","5","5","E","Materialized evaluation exists under active context fingerprint ""fbcfc83c5f8e7257aa2b92e1fbd91acfebf47c5f4ca3fcd167def146839b0ba9"", but serving adapter rendered evaluationState=LEGACY."
"135","317b26261f01586e","5fa87dba17a3f3ba3d3002b6914e16d9e3d1c27bfc7d2392281568d82ccc2c75","Naukri","Laqshya Media Group -  Chief Business Officer - Digital (15-20 yrs)","Laqshya Media Group","Mumbai","f378ff2b2f9e5a5a6b2178f2a600c5722421b58d166b22feb67193a293cafcd4","1","5","5","E","Materialized evaluation exists under active context fingerprint ""fbcfc83c5f8e7257aa2b92e1fbd91acfebf47c5f4ca3fcd167def146839b0ba9"", but serving adapter rendered evaluationState=LEGACY."
"136","319696732ede660e","386d673d47264ba3ab11c2beac6b830cbcd9e35f76987a287117c69ba21a5d5e","Naukri","Marketing Head","Aspire Higher HR Solutions","Chennai","ffccb2f05d83ec03577e9cc83fb641d3c2242cdfd6086cc6574e52d63c0fe7e1","1","5","5","E","Materialized evaluation exists under active context fingerprint ""fbcfc83c5f8e7257aa2b92e1fbd91acfebf47c5f4ca3fcd167def146839b0ba9"", but serving adapter rendered evaluationState=LEGACY."
"137","31a17d699444142a","7560a6626dd6404a32db213f9b0e22d8c74fc71e25d8c82cf70e5b17441eee54","Naukri","Senior Manager /AD Talent Acquisition (Leadership)","Coindcx","Bengaluru","79013b1a3b889cb921b53cc667a38f05a2b51add8f30b242d302d4a1ade7eb2a","1","5","5","E","Materialized evaluation exists under active context fingerprint ""fbcfc83c5f8e7257aa2b92e1fbd91acfebf47c5f4ca3fcd167def146839b0ba9"", but serving adapter rendered evaluationState=LEGACY."
"138","31bda937ca67f9ff","37f467c7299d0ed1e99c8612aa278a742650d87a7394fbb54170d140316fbc2b","Naukri","Director - Credit Risk Model Development (15-22 yrs)","Mancer Consulting Services","Gurugram","8f798f8ed4b0d3b583ebb5f14af1bf297668568776deae68051998c788ffa5ed","1","5","5","E","Materialized evaluation exists under active context fingerprint ""fbcfc83c5f8e7257aa2b92e1fbd91acfebf47c5f4ca3fcd167def146839b0ba9"", but serving adapter rendered evaluationState=LEGACY."
"139","3265500d45d11197","82fa982474b090af937a0b3941108ba1ed7932cb6615ef937836c35f0a57dee2","Naukri","Manager","PwC Service Delivery Center","Gurugram","f93b1ec0f6d58b52e583948eb2289beb79925316af00c39f32252ac4cc1d8c15","1","5","5","E","Materialized evaluation exists under active context fingerprint ""fbcfc83c5f8e7257aa2b92e1fbd91acfebf47c5f4ca3fcd167def146839b0ba9"", but serving adapter rendered evaluationState=LEGACY."
"140","3309422382ee9af6","1b19d86b8f810d7937f90bcbf389f9845df0e03b19db281deb2d0e456ae491c8","Indeed","Chief Operating Officer (COO)","MediaWaley","Mohali, Punjab","e130f243f801cc54435ac2137f3d2085c9a84155887b801d54ddd9573a026a93","1","5","5","E","Materialized evaluation exists under active context fingerprint ""fbcfc83c5f8e7257aa2b92e1fbd91acfebf47c5f4ca3fcd167def146839b0ba9"", but serving adapter rendered evaluationState=LEGACY."
"141","33a2a43077ef7d11","e48ce94de4e78c0a947a7178f3c48c57f0ba432064a625e8b0e5a6c1a11c6fe5","Naukri","Growth Lead","Continuity 1","Remote","b5e0b7244c4dce13e9d302394cd3ee38434d10a21538c855fc23b121edd5ef4a","1","5","5","E","Materialized evaluation exists under active context fingerprint ""fbcfc83c5f8e7257aa2b92e1fbd91acfebf47c5f4ca3fcd167def146839b0ba9"", but serving adapter rendered evaluationState=LEGACY."
"142","3438dce5e287d585","f4922fe909b7ab88c271bad309326c529025695c6b0d6b36d3e7137e42d5b3f0","Naukri","Dy. General Manager/General Manager-Sales & Marketing (Domestic Head)","Skipperseil","Gurugram","c1840c5f647d015f3894bc5e4ca33faf071bf984999adc1e3e0ed490fad8a8e5","1","5","5","E","Materialized evaluation exists under active context fingerprint ""fbcfc83c5f8e7257aa2b92e1fbd91acfebf47c5f4ca3fcd167def146839b0ba9"", but serving adapter rendered evaluationState=LEGACY."
"143","364b8466e0c91b3b","f6e6ae3be156081836da0b640c73f8f035f9d310ff9e35dcd7e8b17a382b0698","Naukri","Director","Movate Technologies","Chennai","29ee0d72bbb35326decc911ce5fc63c53eb595e898efe444a7891b5550a350b4","1","5","5","E","Materialized evaluation exists under active context fingerprint ""fbcfc83c5f8e7257aa2b92e1fbd91acfebf47c5f4ca3fcd167def146839b0ba9"", but serving adapter rendered evaluationState=LEGACY."
"144","377e2800a85b400b","d48de098925d58135cc0a6614eb99ac57297acf6b7dee65352815db62a794f73","Naukri","Vice President - Credit Risk & Market Risk Regulatory & Transformation (12-20 yrs)","Black Turtle","Mumbai, Bengaluru","90e141f5fff5090a48a380f60ba790ac5b0838e3a86c35b629fc83f0f75dab20","1","5","5","E","Materialized evaluation exists under active context fingerprint ""fbcfc83c5f8e7257aa2b92e1fbd91acfebf47c5f4ca3fcd167def146839b0ba9"", but serving adapter rendered evaluationState=LEGACY."
"145","399508089542ad3e","5ea658cfb06bdf21d209f6998ba3416f9aada5f1ed52e40f7329e90cb91f761d","Naukri","General Manager/Senior General Manager - Production","Omnitech Engineering","Rajkot","7480ef3197fe80562b70a622efb84ea149afcdea95f161a2806a54534e74cde3","1","5","5","E","Materialized evaluation exists under active context fingerprint ""fbcfc83c5f8e7257aa2b92e1fbd91acfebf47c5f4ca3fcd167def146839b0ba9"", but serving adapter rendered evaluationState=LEGACY."
"146","39c05318f049a84d","9e306de3b69e5270e1ac879aa61faee06f81d979bdf85224e01a11a75fe23e36","Naukri","Sales & Marketing Head Personal Care","Sarthee Consultancy","Gurugram, South Africa, Dubai, Central African Republic","a2783429dd82ade57806c6c090b4ad480d51388081b8c9ed0e823ffc392e932d","1","5","5","E","Materialized evaluation exists under active context fingerprint ""fbcfc83c5f8e7257aa2b92e1fbd91acfebf47c5f4ca3fcd167def146839b0ba9"", but serving adapter rendered evaluationState=LEGACY."
"147","39c9fc84108adc77","45343acfb676e956c9a9f8470110ff8047e6d4f944e9485ea8ebab9a923a6d23","Indeed","Chief Marketing Officer","SSterling Workforce Enterprises Private Limited","Bandra, Mumbai, Maharashtra","e553479a3fb2bfbdabd21e4d47cb8884dc69b3669a3d72019672bd6507e45202","1","5","5","E","Materialized evaluation exists under active context fingerprint ""fbcfc83c5f8e7257aa2b92e1fbd91acfebf47c5f4ca3fcd167def146839b0ba9"", but serving adapter rendered evaluationState=LEGACY."
"148","39fd8768623fa1d6","0745b6c2003c873ef535a07f44e55d97c05c358b93e35ba89e2a19178084d910","Naukri","Director Marketing","Solix Technologies","Hyderabad(HITEC City +2)","a1380681359e2e6618b113fd6293c39a1da8378719d7606dd5bae1fc1ef44e0d","1","5","5","E","Materialized evaluation exists under active context fingerprint ""fbcfc83c5f8e7257aa2b92e1fbd91acfebf47c5f4ca3fcd167def146839b0ba9"", but serving adapter rendered evaluationState=LEGACY."
"149","3a15bcdcd24ba4c4","c3965098eeb52ba4a21d238ef50bb48afc1e28b1f84724c2939fa1e83da0d10f","Naukri","Head of Marketing","Growthschool","Bengaluru","9b191562ac62e11daf7fa221dc7fb91b0ea3c78bf0dd9388c491e824ba2e4fc8","1","5","5","E","Materialized evaluation exists under active context fingerprint ""fbcfc83c5f8e7257aa2b92e1fbd91acfebf47c5f4ca3fcd167def146839b0ba9"", but serving adapter rendered evaluationState=LEGACY."
"150","3a4ce131cb3021a1","865a2e64d8fd7aaf8f9086749f98c9bec2d420c2f078dda75bd21f1773fed7b7","Indeed","Chief Marketing Officer","EyeT Innovations Software Solutions","Edapalli, Kerala","051fda992b33bd78eb24d4337f22d170716e366d3185cac683d562414234f7fd","1","5","5","E","Materialized evaluation exists under active context fingerprint ""fbcfc83c5f8e7257aa2b92e1fbd91acfebf47c5f4ca3fcd167def146839b0ba9"", but serving adapter rendered evaluationState=LEGACY."
"151","3a71253eea7eb193","a4574712c351cecf00a50ea06ab381d339c430d59424a09112cf14ecd4db5e65","Naukri","Chief Technology Officer - Digital Lending (15-28 yrs)","PMS Consulting","Gurugram","e7e32814f351cf2659ebfce9a277935ac9fe5d93d88cf8a5f477857e7c437bb4","1","5","5","E","Materialized evaluation exists under active context fingerprint ""fbcfc83c5f8e7257aa2b92e1fbd91acfebf47c5f4ca3fcd167def146839b0ba9"", but serving adapter rendered evaluationState=LEGACY."
"152","3c80d93d0e1a172f","52884a88d41596619e7316faca99612a93e8fe21eb3dc538aef0600aabba3e1d","Naukri","Associate Director - Markets - CHS - CBS - C&I - BD & CE Leadership","EY","Mumbai","c03d811550bedc87aba3d1ade70ae7afb26a10a951468adf8cff2a4d17e30d64","1","5","5","E","Materialized evaluation exists under active context fingerprint ""fbcfc83c5f8e7257aa2b92e1fbd91acfebf47c5f4ca3fcd167def146839b0ba9"", but serving adapter rendered evaluationState=LEGACY."
"153","3d42251b8f48cf52","4490aa14e96e1211fcd650576d31f4eb17456cd8acd7739c6db66007b000bcac","Naukri","Chief Operating Officer","Mantras2success Consultants","Ahmedabad","88ae305763aa0a01fd133f574ce049ffc5e08bdae40ff3da64a2b4d4b123ab0c","1","5","5","E","Materialized evaluation exists under active context fingerprint ""fbcfc83c5f8e7257aa2b92e1fbd91acfebf47c5f4ca3fcd167def146839b0ba9"", but serving adapter rendered evaluationState=LEGACY."
"154","3d500659a0044823","9ecf81deb71e03259e9f8c5db107b9a59d7c8bf1118900f32ed1b04a812c8a8c","Naukri","Lead Salesforce Data Cloud QA Engineer","Tavant","Hybrid - Hyderabad, Pune, Bengaluru","b5e9cfc7d53f44d8aceccf114d6b69047b66f2fd89716acdd74b2fbfc463603d","1","5","5","E","Materialized evaluation exists under active context fingerprint ""fbcfc83c5f8e7257aa2b92e1fbd91acfebf47c5f4ca3fcd167def146839b0ba9"", but serving adapter rendered evaluationState=LEGACY."
"155","3e972f3841bb600a","ef915f223c22c3fd0468570a00795865ab385eab218b0949a08fedc98b3ebd02","Naukri","Chief Marketing And Sales Officer","Sarthee Consultancy","Gurugram","07e803fb32f51dab6ceea6cc562987ff0a9f9bf6b3a3f82071ea22197853fc40","1","5","5","E","Materialized evaluation exists under active context fingerprint ""fbcfc83c5f8e7257aa2b92e1fbd91acfebf47c5f4ca3fcd167def146839b0ba9"", but serving adapter rendered evaluationState=LEGACY."
"156","3ed60752d0ab231a","6e64b16454cee155bc9b7cddeb23fdab780cdb8ddf8796b192cf21de46b31a41","Naukri","SeviceNow Director (16-25 yrs)","Mancer Consulting Services","Gurugram","c3b8ae7cfbc25939f67e6b89a0834f16c0c9b6758e3d9cbb7dff916ba89006c6","1","5","5","E","Materialized evaluation exists under active context fingerprint ""fbcfc83c5f8e7257aa2b92e1fbd91acfebf47c5f4ca3fcd167def146839b0ba9"", but serving adapter rendered evaluationState=LEGACY."
"157","3f3c0d79ddd485a0","b70e601258e76a24126fec130bcf6fba2a3cb3ae22a3d7b761afe4ddfb429599","Indeed","Vice President of Product Development","BlockFills","Remote","0691cc28be419ed9e1ad4a59d772c11fae9166c58049bff4e45aeb0f094da8c6","1","5","5","E","Materialized evaluation exists under active context fingerprint ""fbcfc83c5f8e7257aa2b92e1fbd91acfebf47c5f4ca3fcd167def146839b0ba9"", but serving adapter rendered evaluationState=LEGACY."
"158","3fc245635128b939","b346fae1dcc2988a67d85a0b69f2e00c78a3e8386b272e455e0e4afbdcdf324d","Naukri","Manager / Head - NPI / PED /NPI (Micro Fasteners / Fasteners exp must)","Adonis Recruitment Consultants","Oragadam, Sriperumbudur, Chennai(Oragadam Industrial Corridor)","07b9542478361e9bd7fde84d107e3ad6d2fbd0d6b3748f0e492c8d6f0dc1201f","1","5","5","E","Materialized evaluation exists under active context fingerprint ""fbcfc83c5f8e7257aa2b92e1fbd91acfebf47c5f4ca3fcd167def146839b0ba9"", but serving adapter rendered evaluationState=LEGACY."
"159","402ea76a2e83eee5","82bca7092b636fbc92287cb2ce0c042678a15fb4300124e3b920c0e65ceabae7","LinkedIn","Senior Director of Software Engineering - Marketing Technology, ITC","Nike","Karnataka, India (On-site)","894afb1d9bdf6430714f68cb2d1be3faee81e16b91a027926ac81646b004e7c1","1","5","5","E","Materialized evaluation exists under active context fingerprint ""fbcfc83c5f8e7257aa2b92e1fbd91acfebf47c5f4ca3fcd167def146839b0ba9"", but serving adapter rendered evaluationState=LEGACY."
"160","40a860f1a54e8b40","ee5acb4d11f7431fe607e5bc6e3e0bcadc481a6d28147efe2f00538e79fe987f","Naukri","Centre of Excellence FCC - Director","Golden Opportunities","Bengaluru","bbb9500f9d6cac37ae17a8191653871e9019085ccd59e2297634f2ac3cac0865","1","5","5","E","Materialized evaluation exists under active context fingerprint ""fbcfc83c5f8e7257aa2b92e1fbd91acfebf47c5f4ca3fcd167def146839b0ba9"", but serving adapter rendered evaluationState=LEGACY."
"161","418bccbd8b681380","902e6dde0eae1895a4a54071ed7e1f3bf4f1ce48cf507ad5e3ea3a240278d738","Naukri","Vice President - Land Acquisition","r3 Consultant","Kolkata","47b7c4aeceda7d1aa4e87da004cf18d90be166777832d1aaf0b2226929589dd2","1","5","5","E","Materialized evaluation exists under active context fingerprint ""fbcfc83c5f8e7257aa2b92e1fbd91acfebf47c5f4ca3fcd167def146839b0ba9"", but serving adapter rendered evaluationState=LEGACY."
"162","41b68e64246085c2","895d601e473ef9d97edf4b567db768604f3ac94646b214462e5997f2c8abdbd3","Naukri","Sr. Manager Cargo Operations","Live Connections","Thane","c3666c359a04c74e0ee584b0ad5031497c95eb0a8139df47cc4585176a60e1bf","1","5","5","E","Materialized evaluation exists under active context fingerprint ""fbcfc83c5f8e7257aa2b92e1fbd91acfebf47c5f4ca3fcd167def146839b0ba9"", but serving adapter rendered evaluationState=LEGACY."
"163","42cd4aa44902f23a","04017b01298a39bae48c6d8cad462e17f42d34d955631ce4768d16b9bf545f02","Naukri","VICE PRESIDENT","Srmb Srijan","Kolkata","8d10ef7f34bbe45922cb5e9170f09a5c3d411eaab54cdb7a1c184dbccb9d0837","1","5","5","E","Materialized evaluation exists under active context fingerprint ""fbcfc83c5f8e7257aa2b92e1fbd91acfebf47c5f4ca3fcd167def146839b0ba9"", but serving adapter rendered evaluationState=LEGACY."
"164","42d97b34051e9ef4","93e6436bf3f32f9c7b58230a483388e04cd823a39be79ac43929a46b16a4984a","Naukri","Associate Director - Sales","Unacademy","Bengaluru","e473a4f8ed0627172b2647dd556912a47e318a6bd741a4d135553da37b95dc64","1","5","5","E","Materialized evaluation exists under active context fingerprint ""fbcfc83c5f8e7257aa2b92e1fbd91acfebf47c5f4ca3fcd167def146839b0ba9"", but serving adapter rendered evaluationState=LEGACY."
"165","42e4700ed8b222fd","f2b02d201df8de0cf9fcc68df9a5a81702b92088240445881f25284a9274ad9c","LinkedIn","Senior Director - Performance Marketing (Remote)","Puffy","Delhi, India (Remote)","cea04489a1caf950f780d4d9199f4dbc754c9746828ef2bafff16cb81f4450db","1","5","5","E","Materialized evaluation exists under active context fingerprint ""fbcfc83c5f8e7257aa2b92e1fbd91acfebf47c5f4ca3fcd167def146839b0ba9"", but serving adapter rendered evaluationState=LEGACY."
"166","4414d813ba48be65","af9e7774032506d3bf1a2a1ca41cd72d39cc52730d36172f2d8eaa4bd92d8451","Indeed","Senior Director - CRM","VML","Hybrid work in Gurugram, Haryana","902fa94d1eb584f1f4bffc52f7cb86328e40d9064f0fac65f9509c22c3907938","1","5","5","E","Materialized evaluation exists under active context fingerprint ""fbcfc83c5f8e7257aa2b92e1fbd91acfebf47c5f4ca3fcd167def146839b0ba9"", but serving adapter rendered evaluationState=LEGACY."
"167","44cb18f9c7d1ccd1","e05df6bcbdd26821e8940179ed5fd7432e3828b184e9d1d02f9d60f8b683791e","Naukri","AVP Regulatory Assurance","Barclays","Gurugram","2364a373f5e60adc6dca46509ba95c595c407105d47643cb30b940e8c0fb870d","1","6","6","E","Materialized evaluation exists under active context fingerprint ""fbcfc83c5f8e7257aa2b92e1fbd91acfebf47c5f4ca3fcd167def146839b0ba9"", but serving adapter rendered evaluationState=LEGACY."
"168","44ce2f00dddea5c1","85642a9105058f62f935ab1fb39a488265fd23a057c8c94da4676779bea490ef","Naukri","The Indus Valley - Vice President - Marketing (15-20 yrs)","The Indus Valley","Bengaluru","5b283500f194202f92e87a153dd392ac6ef28755038b44d9b2ef946a50829b4d","1","5","5","E","Materialized evaluation exists under active context fingerprint ""fbcfc83c5f8e7257aa2b92e1fbd91acfebf47c5f4ca3fcd167def146839b0ba9"", but serving adapter rendered evaluationState=LEGACY."
"169","453952fed7ffe3b5","a2ce58156990aa274931c030e61a6027c72ee1b3cae472a876c9fd5e97add223","Indeed","Head CRM","Husk Power Systems","Patna, Bihar","1a22c1ea5f953a9efe85dddb23b878edaa7d14221b620b1516e3dfd6118d9896","1","5","5","E","Materialized evaluation exists under active context fingerprint ""fbcfc83c5f8e7257aa2b92e1fbd91acfebf47c5f4ca3fcd167def146839b0ba9"", but serving adapter rendered evaluationState=LEGACY."
"170","45804295268f335d","0d8ade24c08d6487b78afa7843740cce2354d604956b723a4d7e83dc9c3461c0","Indeed","Head - Account Management","Saaki Argus & Averil Consulting","Chennai, Tamil Nadu","31c1bf6e70de4bd6f342e9b9f4484675f9a6a10bda051a80fe6bfc95a5cc1ce2","1","5","5","E","Materialized evaluation exists under active context fingerprint ""fbcfc83c5f8e7257aa2b92e1fbd91acfebf47c5f4ca3fcd167def146839b0ba9"", but serving adapter rendered evaluationState=LEGACY."
"171","46971cfe045ee375","7eeecf38d5c9deef8255000de0d5769f8b0cc4275e9ce2ea95319bc8752d711a","Naukri","Complex Head","R2R Consults","Vadodara","c13240b8221ffae503de0ec4449c11c90f47d7ccfd0ce1be866772e3f856d8c3","1","5","5","E","Materialized evaluation exists under active context fingerprint ""fbcfc83c5f8e7257aa2b92e1fbd91acfebf47c5f4ca3fcd167def146839b0ba9"", but serving adapter rendered evaluationState=LEGACY."
"172","46d1840e812da949","608e39b2874d0adadcedf8e396544530f5414fed27eedf17f2b45b8d82a61a41","Naukri","Associate Vice President - Customer Experience","Lodha","Mumbai","03f942be814ed674fa1420f776cb65f0de7a4a3fba642214925b97335da30988","1","5","5","E","Materialized evaluation exists under active context fingerprint ""fbcfc83c5f8e7257aa2b92e1fbd91acfebf47c5f4ca3fcd167def146839b0ba9"", but serving adapter rendered evaluationState=LEGACY."
"173","474c8cc4abd59431","6ffa01c08e06cc341b8e23ba2e988c00dabae1f9934d2041c77311f21d0ac70e","Indeed","Head of Operations","Bridge Et Al.","Mumbai, Maharashtra","f278022fcff03863b94c008b62bc9fda1be8f8b4580e4c5695d0fa36fc9d6ff8","1","5","5","E","Materialized evaluation exists under active context fingerprint ""fbcfc83c5f8e7257aa2b92e1fbd91acfebf47c5f4ca3fcd167def146839b0ba9"", but serving adapter rendered evaluationState=LEGACY."
"174","475f62958ca40f3f","f1e01fbf4327732f859614ba1519a6619972fc714c750b0c46c014a0c535ff6d","Naukri","Policybazaar - Head - Product (5-12 yrs)","Policybazaar","Gurugram","c32da7543f4be747f2d2d008be241f62efb750a6eb55fee020e9e2e83f71fbe9","1","5","5","E","Materialized evaluation exists under active context fingerprint ""fbcfc83c5f8e7257aa2b92e1fbd91acfebf47c5f4ca3fcd167def146839b0ba9"", but serving adapter rendered evaluationState=LEGACY."
"175","478caf4447f9f645","2e8e2f13a570aef2002fed4137afeadce52878bb508af3a352ada982d198249f","Naukri","Adityaram Properties - Head - Marketing (15-20 yrs)","Adityaram Properties","Chennai","43d8b6c1d6a7a1f9410ed85448eb41be569c7b2b64b877783cdf2df678fe7868","1","5","5","E","Materialized evaluation exists under active context fingerprint ""fbcfc83c5f8e7257aa2b92e1fbd91acfebf47c5f4ca3fcd167def146839b0ba9"", but serving adapter rendered evaluationState=LEGACY."
"176","47a6ffd6acf43f1e","2fad56f4c8ce9de2daa5c64e9d2a6f090b33176c4d6848f6e793d79eb4b51346","Naukri","EYP - VME - Manager","EY","Hyderabad","045b7dd53a09e4f977a2bb567c23cf21b3456d8b2e069185b8279e4b33b97f82","1","5","5","E","Materialized evaluation exists under active context fingerprint ""fbcfc83c5f8e7257aa2b92e1fbd91acfebf47c5f4ca3fcd167def146839b0ba9"", but serving adapter rendered evaluationState=LEGACY."
"177","4891438bbf1fa31e","485ba0e1dd80cbb291b08691298249dfd7d8fd20c76d3e83c190faa0510d9ab4","Naukri","VP of Engineering - Robotics and Physical AI","Success Pact Consulting","Bengaluru","b7b7f57815ba7becaf645dbb24fb12dbef79326503b49520e0bf930907df012c","1","6","5","E","Materialized evaluation exists under active context fingerprint ""fbcfc83c5f8e7257aa2b92e1fbd91acfebf47c5f4ca3fcd167def146839b0ba9"", but serving adapter rendered evaluationState=LEGACY."
"178","4967a9a3cc8b095e","1085168a9d0f1c87d4653c0dbd5809ec8be2fa1d76e94b3c6faa2c26466d207b","Naukri","Vice President - Wealth Management - Bank (16-20 yrs)","Pylon Management Consulting","Gurugram","9628fb3feeb2318e23b492add61096aa76364f24315a1a8570ddac5a06bfce3e","1","5","5","E","Materialized evaluation exists under active context fingerprint ""fbcfc83c5f8e7257aa2b92e1fbd91acfebf47c5f4ca3fcd167def146839b0ba9"", but serving adapter rendered evaluationState=LEGACY."
"179","49aabbff693eb525","47579919c51e10475a20402ab8bc2a321065481cbf7c28c44829e6bdd7235829","Indeed","Head of Lead Generation - Remote - FS453","Fresche Solutions","Remote in Hyderabad, Telangana","8031a83841241246e76fdd899230037c06653feab73f4c700c7f0ca664979915","1","5","5","E","Materialized evaluation exists under active context fingerprint ""fbcfc83c5f8e7257aa2b92e1fbd91acfebf47c5f4ca3fcd167def146839b0ba9"", but serving adapter rendered evaluationState=LEGACY."
"180","4a746e13d5bfd28d","0870f591eb832f396252d77936f42f2bc58a9eb0c3a6c873bcef52ba5d70c249","LinkedIn","Consulting-C&M-Digital Foundry-Contac Centre -Operations Vice President","Deloitte","Chennai, Tamil Nadu, India (On-site)","59a52b0f8350dfb9bbc5b77f7e0cb681d9a1a88a86863b7c87f49902f2f0f2ad","1","5","5","E","Materialized evaluation exists under active context fingerprint ""fbcfc83c5f8e7257aa2b92e1fbd91acfebf47c5f4ca3fcd167def146839b0ba9"", but serving adapter rendered evaluationState=LEGACY."
"181","4b066f9e8828568b","58a4a74056b25a1195023151125dea413755870a9c16569c4135cc3315f3d3c1","Naukri","Chief Operating Offcer","Kg Foundations","Chennai(Mylapore)","806853bdfeb6704094ec705dcf920b320742e6ae0eb6c1882867f68c7583b4ed","1","5","5","E","Materialized evaluation exists under active context fingerprint ""fbcfc83c5f8e7257aa2b92e1fbd91acfebf47c5f4ca3fcd167def146839b0ba9"", but serving adapter rendered evaluationState=LEGACY."
"182","4b6887b116c77b4d","94d9c2bda8fe5c5a2fbf7a2e30c9ae38d4c2ce0c9403ae9f5674d9f7a240a960","Naukri","AI Consultant / AI CoE Lead (Pune-based)","Dataart Technologies","Pune","7407ef54f5398de963dd290c1cfb07f42be455970b079bb46f7c702b697f0f87","1","5","5","E","Materialized evaluation exists under active context fingerprint ""fbcfc83c5f8e7257aa2b92e1fbd91acfebf47c5f4ca3fcd167def146839b0ba9"", but serving adapter rendered evaluationState=LEGACY."
"183","4b6ab6d2e5cfd349","81facf5b9333918bc4756e3a19f4f7458a5708c278d155b542d3602458d299aa","Naukri","EMS Head","Waaree Energies","Valsad, Vapi","94cb908fd6411faaf8399eb7748171b48157a50a7fb4d97ecbe2ceac8cf0bdc8","1","5","5","E","Materialized evaluation exists under active context fingerprint ""fbcfc83c5f8e7257aa2b92e1fbd91acfebf47c5f4ca3fcd167def146839b0ba9"", but serving adapter rendered evaluationState=LEGACY."
"184","4c42e482a5c3520b","cb80393f71fbe7e15ff5be8583f541db3709b27d390d4ad6b9e259b9f8062cc0","Naukri","Head Marketing","Consolidated","Kochi, Mumbai, Chennai, Coimbatore, Bengaluru","f69a1d48d56156136f7489ddfc8846f63105e52851838095e6ad5421eb9cfd2c","1","5","5","E","Materialized evaluation exists under active context fingerprint ""fbcfc83c5f8e7257aa2b92e1fbd91acfebf47c5f4ca3fcd167def146839b0ba9"", but serving adapter rendered evaluationState=LEGACY."
"185","4c7f1df5a9c8d5e5","49417a4616dd9f276a898e33d3e7dabfbe68bffe38b0016e053082b17e237935","LinkedIn","Sr. VP, Head Tele Sales & Customer Success","IndiaMART InterMESH Limited","Noida, Uttar Pradesh, India (On-site)","f266f82f78425feb24cca3966395c69fe9ad96f7b8420d0887cda6acb8f8d994","1","6","6","E","Materialized evaluation exists under active context fingerprint ""fbcfc83c5f8e7257aa2b92e1fbd91acfebf47c5f4ca3fcd167def146839b0ba9"", but serving adapter rendered evaluationState=LEGACY."
"186","4cb2cd802a53b928","03274745fb0d3904285a2689915b561ebf091104e765ca2f657576de2463ceae","Naukri","Senior Director - Marketing, India","Jones Lang LaSalle (JLL)","Mumbai","0fd645f4196b9d9abef54b2b2068e46657fd4d8219a89168fce81538a3950396","1","5","5","E","Materialized evaluation exists under active context fingerprint ""fbcfc83c5f8e7257aa2b92e1fbd91acfebf47c5f4ca3fcd167def146839b0ba9"", but serving adapter rendered evaluationState=LEGACY."
"187","4cf037e0254b3635","cff74f75585b5ed22502804cd38f7712efe4e9fa4b97e081272e3c98a27c1e5b","Naukri","Flipspaces - Assistant Vice President - Growth (15-20 yrs)","Flipspaces","Mumbai","85ae41cfed2c30f22ead3dd8b51e12e84d59ce6a6a01462c144af17ad0a1dce1","1","5","5","E","Materialized evaluation exists under active context fingerprint ""fbcfc83c5f8e7257aa2b92e1fbd91acfebf47c5f4ca3fcd167def146839b0ba9"", but serving adapter rendered evaluationState=LEGACY."
"188","4d27762bc3815ec1","5e89b79a5187b76ccde652e2c607edc40f2ded8c83932c5877e3c5119f3fe091","Naukri","Vice President - Credit Risk & Market Risk Regulatory & Transformation (12-20 yrs)","Black Turtle","Mumbai, Bengaluru","0fe974d69833d0363854012245450d59bd23ca39c1d6f434f31c72338c527366","1","5","5","E","Materialized evaluation exists under active context fingerprint ""fbcfc83c5f8e7257aa2b92e1fbd91acfebf47c5f4ca3fcd167def146839b0ba9"", but serving adapter rendered evaluationState=LEGACY."
"189","4d2dab6d391bb646","21b59ff0d041f05296423f2df64f84cf8ef8c0cfd7a4c347d384774e2eaacbaf","Naukri","MarTech Lead","Seven N Half","Mumbai","16e0bbdf4a9c3bad45c6c1f9ee3a18b2bc841025cd7dbd41eb662bb2437cc1d6","1","5","5","E","Materialized evaluation exists under active context fingerprint ""fbcfc83c5f8e7257aa2b92e1fbd91acfebf47c5f4ca3fcd167def146839b0ba9"", but serving adapter rendered evaluationState=LEGACY."
"190","4d45505738b44ddb","577be0886830ebec41316613fd512ad24451389b1897417364b785b0d0c08568","Naukri","Regional Distribution Center Operations Manager","MSX International","Pune","81644b4a1f8f194c70b54b87280b80e904c158cc732631aff1e690d2363516b4","1","5","5","E","Materialized evaluation exists under active context fingerprint ""fbcfc83c5f8e7257aa2b92e1fbd91acfebf47c5f4ca3fcd167def146839b0ba9"", but serving adapter rendered evaluationState=LEGACY."
"191","4dd2f795f972c48e","1c40e7b23a508dd2a0f958935a353a1362f18c1a23fb941b27bd4bae08c53339","LinkedIn","Director of Engineering","Serko","Bengaluru, Karnataka, India (Hybrid)","d074f31de6f32528b979a0ba71ecd620e852a64f0d6cd58cc83cd246772a7eab","1","5","5","E","Materialized evaluation exists under active context fingerprint ""fbcfc83c5f8e7257aa2b92e1fbd91acfebf47c5f4ca3fcd167def146839b0ba9"", but serving adapter rendered evaluationState=LEGACY."
"192","4e16861d21999f97","af341da0553188645f7e39bf2baac15d3456f5e2322eb0ddff764b0a64e07234","Naukri","VP Engineering","Barclays","Pune","ac8ce717c4fbf0fe9373a2f1a864fa3ca4d52ec6df4cc84d0f1c2b9fbf961fe7","1","6","6","E","Materialized evaluation exists under active context fingerprint ""fbcfc83c5f8e7257aa2b92e1fbd91acfebf47c5f4ca3fcd167def146839b0ba9"", but serving adapter rendered evaluationState=LEGACY."
"193","4e7ceee5d32e98fe","d8256dcb0b046a443734bb805c9fde3ec4f965ff827d9b21c252218aaeb5ebfd","LinkedIn","Director / Sr. Director / Manager – Data Engineering (+ Analytics + ADMS)","InOpTra Digital","India (Remote)","1d923c14c91acd3f82726d9b7e2bac82c055fb80a8f64a74963a41d07ef272e7","1","5","5","E","Materialized evaluation exists under active context fingerprint ""fbcfc83c5f8e7257aa2b92e1fbd91acfebf47c5f4ca3fcd167def146839b0ba9"", but serving adapter rendered evaluationState=LEGACY."
"194","4f9cdc27fb6e0267","18343ce5bd27a1fe83dca7893e5a0667baf4af6a2484f17ad3fe35e463e15b66","Naukri","MPD Head - Solitra","Sun Pharma","Mumbai","99abb9854f5dc92db7cc284801cd5eda32ac22825f9e2de015f9c27ab3241cf9","1","5","5","E","Materialized evaluation exists under active context fingerprint ""fbcfc83c5f8e7257aa2b92e1fbd91acfebf47c5f4ca3fcd167def146839b0ba9"", but serving adapter rendered evaluationState=LEGACY."
"195","50be545d8352a5d8","38fc14d92dcd23a9740aeb96b7489ea504c7ee404d5be665246edff99b7b764d","LinkedIn","Head of Digital Marketing","Zero Gravity Communications","Ahmedabad, Gujarat, India (On-site)","9cd0ec58e3b363158a5dc7e2a9f36118bdda5d4e0785424272d712d4d89abd50","1","5","5","E","Materialized evaluation exists under active context fingerprint ""fbcfc83c5f8e7257aa2b92e1fbd91acfebf47c5f4ca3fcd167def146839b0ba9"", but serving adapter rendered evaluationState=LEGACY."
"196","5109992ba70f9a75","76d771d11c9ebc6ddf062d21c4a6ed338ff12e4ec290aa59d40acdee89df612a","Naukri","Flipspaces - Assistant Vice President - Growth (15-20 yrs)","Flipspaces","Mumbai","b75cb015e72caa1d97ae9e3fda5898c9ef18b5160fc809f4ece2c3ef8ad0a51a","1","5","5","E","Materialized evaluation exists under active context fingerprint ""fbcfc83c5f8e7257aa2b92e1fbd91acfebf47c5f4ca3fcd167def146839b0ba9"", but serving adapter rendered evaluationState=LEGACY."
"197","512bfa485ca5ad66","652ec30d6463d2b4b060614243528802cebfc53ce102b9075353957f03b3ff61","Naukri","Senior Manager","Dmi Finance","Noida","0d114508c0f7caf58e04f7401a8424826ac713c87bce7baee4c9b2f5cbcf1b50","1","5","5","E","Materialized evaluation exists under active context fingerprint ""fbcfc83c5f8e7257aa2b92e1fbd91acfebf47c5f4ca3fcd167def146839b0ba9"", but serving adapter rendered evaluationState=LEGACY."
"198","5179e7aa7f17599d","2cc49c22d701482c2f1c0a53016fd04508f142c59df37149f2682ed1f4fbcb7b","Naukri","Vice President - Finance - CA (18-20 yrs)","Corenza","Gurugram","65a2528d8a6d21b3f600be2fb605269086a78037732b5134f98a1cb0e996ecb4","1","5","5","E","Materialized evaluation exists under active context fingerprint ""fbcfc83c5f8e7257aa2b92e1fbd91acfebf47c5f4ca3fcd167def146839b0ba9"", but serving adapter rendered evaluationState=LEGACY."
"199","51d634f694daa93c","f39051b10de9e9a2a1844f747ee69f56ff7012d64fb6992babdb83a75712c2e3","Indeed","Chief Executive Officer","Board Match-Up","Mumbai, Maharashtra","72aea593c9ff03a076f96e496c8d15bfd29bdda99735e5007a988cd08dd2576e","1","5","5","E","Materialized evaluation exists under active context fingerprint ""fbcfc83c5f8e7257aa2b92e1fbd91acfebf47c5f4ca3fcd167def146839b0ba9"", but serving adapter rendered evaluationState=LEGACY."
"200","52004f7cc34385fa","17784681252071d58106f325a3a5118cc0cc2eeb119fdc1408ce3eb2f93cf643","Naukri","Snapmint - Director - Growth & Retention (5-12 yrs)","Snapmint Credit Advisory","Bengaluru","b9f62024ba4975970a4e81a8cada27909fc7fa690ed8adc79e088af082a27eaa","1","5","5","E","Materialized evaluation exists under active context fingerprint ""fbcfc83c5f8e7257aa2b92e1fbd91acfebf47c5f4ca3fcd167def146839b0ba9"", but serving adapter rendered evaluationState=LEGACY."
"201","521a47baf677152f","a54df7e052c5e34b2fd40a1d9120206786ddc7ae246694769375191e16993ef9","Indeed","Head of Growth Marketing","Titan","Mumbai, Maharashtra","ee539eff852355b9fc68746e50f1b811bc13a907814adda94d0af8c9a2c347fa","1","5","5","E","Materialized evaluation exists under active context fingerprint ""fbcfc83c5f8e7257aa2b92e1fbd91acfebf47c5f4ca3fcd167def146839b0ba9"", but serving adapter rendered evaluationState=LEGACY."
"202","52b40a1a22531851","3856eb8bf535ea0d784f5dd7ff7a0f030822246b66d625a26157b852857d5882","Naukri","Vice President","Quadrangle","Bengaluru","b8cdf6798744fa3d1e3eee3ec9da0d1aad6fa6200d8bd655b42c36a279861a1d","1","5","5","E","Materialized evaluation exists under active context fingerprint ""fbcfc83c5f8e7257aa2b92e1fbd91acfebf47c5f4ca3fcd167def146839b0ba9"", but serving adapter rendered evaluationState=LEGACY."
"203","52d131de41704644","db5facc2518533d43f0e0ce5bfc35dc1f0b4423d2e993d60b2f0fc9be51dce77","LinkedIn","Head of Growth & Marketing","Verona Matchmaking","Gurugram, Haryana, India (On-site)","46d16cabd45ef7a6df12e47f7f6a8709c4a0930185e1a76677209d2940cd2ee1","1","5","5","E","Materialized evaluation exists under active context fingerprint ""fbcfc83c5f8e7257aa2b92e1fbd91acfebf47c5f4ca3fcd167def146839b0ba9"", but serving adapter rendered evaluationState=LEGACY."
"204","532d73d733196ae8","873765c8e746405f9fe9a8e947cfe9b4ab33be7032411ac765f72aa846515924","Naukri","Chief Marketing Officer","Easemytrip","Gurugram","5e3d0d5db98913c3ed314a13bd5be6d60b289f0455d6cde0a3ee516d55fd0ef9","1","5","5","E","Materialized evaluation exists under active context fingerprint ""fbcfc83c5f8e7257aa2b92e1fbd91acfebf47c5f4ca3fcd167def146839b0ba9"", but serving adapter rendered evaluationState=LEGACY."
"205","5443d52ccc90be78","6b173eebd6281bfb705ec190ac5a37aa3ff4b270479c41aa1c113b242c732ead","LinkedIn","Senior Director of Engineering","Questhiring","Gurugram, Haryana, India (Hybrid)","a544925cd4d3b43fb8b13d5968c6e0ad2e7e02d5685b91d3d72adb823e11635f","1","5","5","E","Materialized evaluation exists under active context fingerprint ""fbcfc83c5f8e7257aa2b92e1fbd91acfebf47c5f4ca3fcd167def146839b0ba9"", but serving adapter rendered evaluationState=LEGACY."
"206","546cec6bd1152527","6ab58d5ed9cd0cf426fe5ad25586796a2385b4646a18c72fe522e01a7aff0b3f","Naukri","Growth Head","Hoora Technologies","Nagpur","73bb4612335170e06437be5129cc725066158f3b605cfc2e967697f79d195a63","1","5","5","E","Materialized evaluation exists under active context fingerprint ""fbcfc83c5f8e7257aa2b92e1fbd91acfebf47c5f4ca3fcd167def146839b0ba9"", but serving adapter rendered evaluationState=LEGACY."
"207","54cd6841ed00d142","c596b1dca8c2e69e4914976f1c8357365dcf7d76c80b6ca3092848b4ea912111","Naukri","Director / Talent Acquisition Leader (MediaTech GCC)","Chadwick Professional Services","Hyderabad, Bengaluru, Mumbai (All Areas)","27ada335f063c25ac535fb5612e0239394cace34ff15b8f54d99d34ed41b8acc","1","5","5","E","Materialized evaluation exists under active context fingerprint ""fbcfc83c5f8e7257aa2b92e1fbd91acfebf47c5f4ca3fcd167def146839b0ba9"", but serving adapter rendered evaluationState=LEGACY."
"208","551daef3543af0b1","84142a6e62578d1e6a2904dde80e8bed876e683c81e4345f1ce89c28ba04eee7","Indeed","Head - Growth Strategy","Saaki Argus & Averil Consulting","Coimbatore, Tamil Nadu","c1c4e4f1838dec1abdbfc07c6544e98bcdfa856c897cf3e47e860e71a87b3ae6","1","5","5","E","Materialized evaluation exists under active context fingerprint ""fbcfc83c5f8e7257aa2b92e1fbd91acfebf47c5f4ca3fcd167def146839b0ba9"", but serving adapter rendered evaluationState=LEGACY."
"209","55999c23d0a71ac1","d00f19dd47a7e6d6b5325efa7715414d8c7a0ac0dc6f18cae4a6ba2c3388826e","Naukri","Head Customer Success- SAAS Platform","Enterprise Hiring Solutions Bangalore","Mumbai","1be60d1856418c4f4c4b5f15e197551eadf2d51f13d6bb1f6bd412f628e19a1b","1","5","5","E","Materialized evaluation exists under active context fingerprint ""fbcfc83c5f8e7257aa2b92e1fbd91acfebf47c5f4ca3fcd167def146839b0ba9"", but serving adapter rendered evaluationState=LEGACY."
"210","56122e691983b5c7","a66a56f7ce1d7e272cd0c8947958ae6401d0f12b24221abcb2f6138c785ebb31","LinkedIn","Chief marketing officer (Part-time, Equity only)","Kefilo","India (Remote)","62d2253bc66e4effb5f28d4b3e179d956f3381aff5a397c7ec23a56538594372","1","5","5","E","Materialized evaluation exists under active context fingerprint ""fbcfc83c5f8e7257aa2b92e1fbd91acfebf47c5f4ca3fcd167def146839b0ba9"", but serving adapter rendered evaluationState=LEGACY."
"211","5618620233cffb97","5b98db6eacd71886cda704fe749d7be81ccd3c3bd45a48e7dda6fcab7ec67c9b","LinkedIn","Head of Marketing-SAAS","Pump Dynamics","Chennai, Tamil Nadu, India (On-site)","386b1874d6c90ab406266d89d8c0198a013157abdd85501e5a20e358ff92fb40","1","5","5","E","Materialized evaluation exists under active context fingerprint ""fbcfc83c5f8e7257aa2b92e1fbd91acfebf47c5f4ca3fcd167def146839b0ba9"", but serving adapter rendered evaluationState=LEGACY."
"212","565a75e36d8312a3","4c922387c8197a5d5084b0787a5828b8518ddb3d6f7b7ed8c277424b5bb046a4","Naukri","Senior Director - RCM Operations","Mancer Consulting Services","Hybrid - Gurugram, Noida","61faa933f7b1279287da00d5cca65e0b7cb2282b67ddada7b9214f593317e88c","1","5","5","E","Materialized evaluation exists under active context fingerprint ""fbcfc83c5f8e7257aa2b92e1fbd91acfebf47c5f4ca3fcd167def146839b0ba9"", but serving adapter rendered evaluationState=LEGACY."
"213","56aa734d220442db","31b3f7de9944e50d1c9e9fd91abbf1044f8d2e1884e5d577ba57d38a3fbbaea8","Indeed","Chief Operating Officer","Asian Heart Institute","Mumbai, Maharashtra","09b91709caeeb5eaba7ce2ca2b0ecdbcb3a8e0ecdcc77dace30182d365a42535","1","5","5","E","Materialized evaluation exists under active context fingerprint ""fbcfc83c5f8e7257aa2b92e1fbd91acfebf47c5f4ca3fcd167def146839b0ba9"", but serving adapter rendered evaluationState=LEGACY."
"214","57ebdd5a38c04412","594cd447c24eed58a684a51382cd15f210028b3935052a7d1fe0aed888b3a126","Indeed","Manager Alliances & Partnerships","Eduonix Learning Solutions Pvt Ltd","Unknown, Maharashtra","5ba5343c88a668ef7d70f1a7c0960bdbc8121cfc9b822141cf4cee0a05fd9980","1","5","5","E","Materialized evaluation exists under active context fingerprint ""fbcfc83c5f8e7257aa2b92e1fbd91acfebf47c5f4ca3fcd167def146839b0ba9"", but serving adapter rendered evaluationState=LEGACY."
"215","5884559b7684f8b0","44dfb2069fcdf2e7f1159ed29900d44b934c4f02145d962e764561d00f703b3c","Naukri","General Manager","Convate Consultancy Services","Kolkata","8efc4b0c9cb26c41b22a21bbab6b937dde432803b61fb7f2d07b4c493c13e5f1","1","5","5","E","Materialized evaluation exists under active context fingerprint ""fbcfc83c5f8e7257aa2b92e1fbd91acfebf47c5f4ca3fcd167def146839b0ba9"", but serving adapter rendered evaluationState=LEGACY."
"216","5a02d0ded8e248a3","0d0bb94e11501002e2ef447de35298e3f01eb92f93ca39ccba1522a26caddcc3","Indeed","Marketing Director","Portcast","Remote","3eb1200650d390877dc676769233a1a42856092ec1215ee3bc14eeac4b4bee5a","1","5","5","E","Materialized evaluation exists under active context fingerprint ""fbcfc83c5f8e7257aa2b92e1fbd91acfebf47c5f4ca3fcd167def146839b0ba9"", but serving adapter rendered evaluationState=LEGACY."
"217","5a396a62ff24071e","6f2891d662165d6e728107fde044ebc36a938616b0ffd9f791b8ab0042dc0be4","Naukri","YouTube Head","Aspiration","Mumbai","a388aafc114e2ffa90d2b071f910ce415603c370720b28eb4a9868104fdc6e5d","1","5","5","E","Materialized evaluation exists under active context fingerprint ""fbcfc83c5f8e7257aa2b92e1fbd91acfebf47c5f4ca3fcd167def146839b0ba9"", but serving adapter rendered evaluationState=LEGACY."
"218","5a4a694b44d9047e","5bc525dd6db27b615e3c2e12a22e1ce3126cec5cc775687519b3facd5abee49f","Indeed","Vice President","MOS GLOBAL.","Chennai, Tamil Nadu","862985df51c43c58f1a073c3fe9baeae9ab3a09170e1631be0c64d877f748a33","1","5","5","E","Materialized evaluation exists under active context fingerprint ""fbcfc83c5f8e7257aa2b92e1fbd91acfebf47c5f4ca3fcd167def146839b0ba9"", but serving adapter rendered evaluationState=LEGACY."
"219","5a4d04181f0b7ec0","55b29d7274b4b9ba68ba7797ba20a7ca0be3388a9b1026c3c5126bee7667feb6","Indeed","Chief Operations Officer (COO)","Brandloom","Mumbai, Maharashtra","49f4be010de377f325efbfb02831aadcd9c83c751602095b33dd81aab3714d05","1","5","5","E","Materialized evaluation exists under active context fingerprint ""fbcfc83c5f8e7257aa2b92e1fbd91acfebf47c5f4ca3fcd167def146839b0ba9"", but serving adapter rendered evaluationState=LEGACY."
"220","5ab016a74a5b818a","b4b8ada16d1c03c7a66103908c7b7ce9b5e6b8f01e4f12cab0cd5b6dd21d5604","Naukri","SALES AND MARKETING DIRECTOR","Moris Media","Noida","ad54d14e6496132a16d03ba61b835109271acf174432e36acf2417a40126bbfc","1","5","5","E","Materialized evaluation exists under active context fingerprint ""fbcfc83c5f8e7257aa2b92e1fbd91acfebf47c5f4ca3fcd167def146839b0ba9"", but serving adapter rendered evaluationState=LEGACY."
"221","5acfb16310b99cd8","7844f022a8408ce74fc04f44d49bf314f70e9f8d5d94d923310fdfcf0eb5ae78","Naukri","AVP Data analytics (banking domain) - US MNC (Analytics)","Aspyra Hr Services","Hybrid - Gurugram, Bengaluru","934ca1023af151c3ca7fd04ce19cc96cd2a6f97a806f688994112a2714270054","1","6","6","E","Materialized evaluation exists under active context fingerprint ""fbcfc83c5f8e7257aa2b92e1fbd91acfebf47c5f4ca3fcd167def146839b0ba9"", but serving adapter rendered evaluationState=LEGACY."
"222","5add4b05530dc7b8","950e7bf414e828988a896614651969e74d03b143ee46c65600ebbe5b85f5b5ba","Naukri","Market Risk Director","Dtcc","Chennai","2f1b224b4e97e9fe2dd8274cb6b5387f9cd0a60728cc8d3a00f3db4aa48ba05e","1","5","5","E","Materialized evaluation exists under active context fingerprint ""fbcfc83c5f8e7257aa2b92e1fbd91acfebf47c5f4ca3fcd167def146839b0ba9"", but serving adapter rendered evaluationState=LEGACY."
"223","5b4f77c51c3741d7","74c2dd22c89e0ca195d7257d8517148a159e02cfb86f9f6fa330ff6c916a73aa","Naukri","CA0324 - Center Head GCC Technical","Cloud Angles Digital Transformation","Noida","9007f6b2b025a8f3cdf052818ddffcb11af0ec6026d0845ea76c9de4c5dace42","1","5","5","E","Materialized evaluation exists under active context fingerprint ""fbcfc83c5f8e7257aa2b92e1fbd91acfebf47c5f4ca3fcd167def146839b0ba9"", but serving adapter rendered evaluationState=LEGACY."
"224","5bb5056e2ddd0444","0aeb8adc3d1b55926970c43fe74fe29c4eb88047e6f15c17e2414cc0135125ea","Naukri","Chief Human Resource Officer","Athena Executive Search And Consulting","Gurugram","c9ce55dba5e64723d4b99836daad822349b0355ab4c49daca589cf9af758a03c","1","5","5","E","Materialized evaluation exists under active context fingerprint ""fbcfc83c5f8e7257aa2b92e1fbd91acfebf47c5f4ca3fcd167def146839b0ba9"", but serving adapter rendered evaluationState=LEGACY."
"225","5c0772802ef24b2b","2e7ee4bf01344376faeebcc7349ac36a39ecb886249636932ce53799fa37ffca","Naukri","Solar Square - Associate Director - Center of Excellence (3-8 yrs)","Solarsquare Energy","Bengaluru","6acfa765a7c0430194e80666091a8a9b995fa52c152d1b8a833e3fe5b75f1a63","1","5","5","E","Materialized evaluation exists under active context fingerprint ""fbcfc83c5f8e7257aa2b92e1fbd91acfebf47c5f4ca3fcd167def146839b0ba9"", but serving adapter rendered evaluationState=LEGACY."
"226","5c458d2881600bd2","421e8477db71ee454f735179498dd698f3eb87a7fab3871f065ba956091a4aeb","Naukri","Brick&Bolt - Chief Marketing Officer (20-30 yrs)","Brick&Bolt","Bengaluru","c7a763b2128fce03affe9273d9da8da717a312bbdeb94f379f9c462a0edb1481","1","5","5","E","Materialized evaluation exists under active context fingerprint ""fbcfc83c5f8e7257aa2b92e1fbd91acfebf47c5f4ca3fcd167def146839b0ba9"", but serving adapter rendered evaluationState=LEGACY."
"227","5c5ffdec181814d5","de439f62e07fd4e0106e8a15aff8bc2ece96872e2b57cacfff5426a6647c7473","Naukri","SAP Procurement Process Lead","Forward Eye Technologies","Noida","c740ccbcbe06162583b07858af332bd1d791c6cc935e8fd6ad39535e1cb167d8","1","5","5","E","Materialized evaluation exists under active context fingerprint ""fbcfc83c5f8e7257aa2b92e1fbd91acfebf47c5f4ca3fcd167def146839b0ba9"", but serving adapter rendered evaluationState=LEGACY."
"228","5ca3258554fe3c72","2beff04426adeb5aa21dc69351caf203741daab8eac612151abb0b4cf51c7e00","Naukri","Associate Vice President Operations","Flipspaces","Hyderabad, Pune, Mumbai (All Areas)","cb11044248694cfd1ec961083f226ad2c31c679424aa120760b920280f064770","1","5","5","E","Materialized evaluation exists under active context fingerprint ""fbcfc83c5f8e7257aa2b92e1fbd91acfebf47c5f4ca3fcd167def146839b0ba9"", but serving adapter rendered evaluationState=LEGACY."
"229","5d0cd93e88495f9d","d15e4b864b042e2676dd1ae0a21c224c510376fbc8d07496a010e2d25467a41c","Indeed","Vice President, Global Growth and Marketing","Cialfo","Delhi, Delhi","e9e689f4340735267499b0373b4d3b699f3144c0f37c90c98a0e3bb4a2f495e8","1","5","5","E","Materialized evaluation exists under active context fingerprint ""fbcfc83c5f8e7257aa2b92e1fbd91acfebf47c5f4ca3fcd167def146839b0ba9"", but serving adapter rendered evaluationState=LEGACY."
"230","5d3020a614c2027c","91a913458299db4c351afffbffb60434e3c184e5524b28801cd0bba26d9665d7","Naukri","Chief Research & Business Officer","Artemis Medicare","Gurugram","efd306ab511f9a0950fc37e25eef08839b110f303a71cd83fa21bd9ddd514ffb","1","5","5","E","Materialized evaluation exists under active context fingerprint ""fbcfc83c5f8e7257aa2b92e1fbd91acfebf47c5f4ca3fcd167def146839b0ba9"", but serving adapter rendered evaluationState=LEGACY."
"231","5da786359c47dca5","1ecfacf5224fb9aa96493adbfd718d0b841a72ed795460ae04f0bc6dae368d33","Naukri","Business Transformation Assoc Director","Accenture","Gurugram","5eba9f3e6f6b5ddfb73c409223a3ad3852ee4008e4ef92bc153668092eb781a7","1","5","5","E","Materialized evaluation exists under active context fingerprint ""fbcfc83c5f8e7257aa2b92e1fbd91acfebf47c5f4ca3fcd167def146839b0ba9"", but serving adapter rendered evaluationState=LEGACY."
"232","5df57d006bb1ebb6","919de4a92dbc9e99266195224b22c6876c0c0768af93c2e29f193874f2a22cf0","Indeed","Senior Manager, Business Transformation","Cvent","Hybrid work in Gurugram, Haryana","0cb0c765b324f4bc411d49f78f1029dacd38dfc7e05de746d01370b9a9b577f8","1","5","5","E","Materialized evaluation exists under active context fingerprint ""fbcfc83c5f8e7257aa2b92e1fbd91acfebf47c5f4ca3fcd167def146839b0ba9"", but serving adapter rendered evaluationState=LEGACY."
"233","5e87de21897e6da7","057bb0a2abd9673f720e622f1ebd579158d0db81d3ab57abe9888d354457e9c8","LinkedIn","Head of Growth","Lascade","Kochi, Kerala, India (On-site)","042703b5f49378c251f59acfa492a7fbff44c7c49f63769d421254d78552d210","1","5","5","E","Materialized evaluation exists under active context fingerprint ""fbcfc83c5f8e7257aa2b92e1fbd91acfebf47c5f4ca3fcd167def146839b0ba9"", but serving adapter rendered evaluationState=LEGACY."
"234","5ffd478d4d9db42d","bdd5e24beb5e579cc63b085e9d3ea397280121014e541229aa7564fe4805d5fc","LinkedIn","Vice President – Digital Marketing","Recex.co","Navi Mumbai, Maharashtra, India (On-site)","79c94eab86225e9c09f431066c4a858f30f75c31f09a18629252f75e6305d113","1","5","5","E","Materialized evaluation exists under active context fingerprint ""fbcfc83c5f8e7257aa2b92e1fbd91acfebf47c5f4ca3fcd167def146839b0ba9"", but serving adapter rendered evaluationState=LEGACY."
"235","603c3478a859dd40","1b3d8edbed98f3e178c0403e29c5657fb24c120eec65f95cd4dee84d46af2765","Naukri","Marketing Head - Animal Health - Poultry/Cattle/Dairy - Mumbai.","HRD House","Mumbai","b8efdcc2030b464904cc847de9a5f84b4413271648448ee7d81ce87de8a888e8","1","5","5","E","Materialized evaluation exists under active context fingerprint ""fbcfc83c5f8e7257aa2b92e1fbd91acfebf47c5f4ca3fcd167def146839b0ba9"", but serving adapter rendered evaluationState=LEGACY."
"236","60e8211a6fd84531","ed39d7e3281c00d5eefd59a966128fcdccd4e3395dc22d966b5c99bcbd8bdd73","Naukri","Practice Director CSA Engineering","Manpowergroup Services India","Gurugram, Bengaluru","a0d4eaee984a38e435578aab86e602df76f895b8e6c5e300c7470152cc0c4c72","1","5","5","E","Materialized evaluation exists under active context fingerprint ""fbcfc83c5f8e7257aa2b92e1fbd91acfebf47c5f4ca3fcd167def146839b0ba9"", but serving adapter rendered evaluationState=LEGACY."
"237","60f359892e41d34c","4923b3a415628a7f000c72c5267b58350f4f2203803f102485419ddd44738194","Naukri","VP-Marketing","NAHAR GROUP","Mumbai","314b53e62530baf66dc87d565135b759b556896bafa926fe074f7c80df6a48af","1","6","6","E","Materialized evaluation exists under active context fingerprint ""fbcfc83c5f8e7257aa2b92e1fbd91acfebf47c5f4ca3fcd167def146839b0ba9"", but serving adapter rendered evaluationState=LEGACY."
"238","61d5b8fb2e0d108a","962d9e28964858737468d6033ad2d345db484b3b5cf725f33af40f4fb13c1773","Naukri","Tower Head / Director","Wilco Source","Hyderabad","9e5dd904a0a9a7671037e20a8d0f250d6ce34d8be51765af4acd145c039e507e","1","5","5","E","Materialized evaluation exists under active context fingerprint ""fbcfc83c5f8e7257aa2b92e1fbd91acfebf47c5f4ca3fcd167def146839b0ba9"", but serving adapter rendered evaluationState=LEGACY."
"239","626bda789ca444de","2ae90ac150eda11bd0a03ad4e38c6781a6fb46d6682bde1aa6fc12a958332f1d","Naukri","Moody - Assistant Vice President - Product Analysis/Digital Assets Domain (7-10 yrs)","Moody's Analytics","Gurugram, Bengaluru","eae6fa460d8d56614de6202b573d21dd7168022693fabd09c647038f572d8a91","1","5","5","E","Materialized evaluation exists under active context fingerprint ""fbcfc83c5f8e7257aa2b92e1fbd91acfebf47c5f4ca3fcd167def146839b0ba9"", but serving adapter rendered evaluationState=LEGACY."
"240","627fed0684017e34","0e573d5b2793aa4343b32feb3b497d022cbf27fb33b3d925489714fdef5116d0","Naukri","VP/SVP/Director Corporate Sales EB/NON EB Insurance Broking","ANA Associates","Delhi / NCR, Hyderabad, Mumbai (All Areas)","3ab4f5a6d7aa5643630a1c0c8c9b9ae2ddc37bb3f402492efed14fe127d9512c","1","6","6","E","Materialized evaluation exists under active context fingerprint ""fbcfc83c5f8e7257aa2b92e1fbd91acfebf47c5f4ca3fcd167def146839b0ba9"", but serving adapter rendered evaluationState=LEGACY."
"241","62889584a2d4eb62","929071dc0009a24b6e6702ff6dfe8d9608ad2589022a066acefd2fdf08eb8160","Naukri","Manager","Firstcall Hresource","Gurugram, Hyderabad, Bengaluru","29eaecc28db68860c8e347de4e9cbe251d41da0476f1256b77115d31230bd40f","1","5","5","E","Materialized evaluation exists under active context fingerprint ""fbcfc83c5f8e7257aa2b92e1fbd91acfebf47c5f4ca3fcd167def146839b0ba9"", but serving adapter rendered evaluationState=LEGACY."
"242","62b4db5df2edb466","7e5231579fdb6996771d5afa0f57316f7bf0d3bc2a8f4743032f638ec394b698","Naukri","On Site CMO Manager-Sr Manager Quality Assurance","Teva Global Business Services","Bengaluru(Hebbal)","b47e5f941790257cc5f41bf967b2a5592ff13991c1c0b065edc9a780809d6bd7","1","5","5","E","Materialized evaluation exists under active context fingerprint ""fbcfc83c5f8e7257aa2b92e1fbd91acfebf47c5f4ca3fcd167def146839b0ba9"", but serving adapter rendered evaluationState=LEGACY."
"243","62b5c99cceb6f16d","7026bcb86ab97f93671522f65e7d0725bdd332e7c5a041e7e371fb9948705b1a","LinkedIn","Head of Marketing","Unosecur","Bengaluru, Karnataka, India (On-site)","fa64ae37ede1d128adff17a031c98abfb10268ed79cc7504c50164fc5b207c47","1","5","5","E","Materialized evaluation exists under active context fingerprint ""fbcfc83c5f8e7257aa2b92e1fbd91acfebf47c5f4ca3fcd167def146839b0ba9"", but serving adapter rendered evaluationState=LEGACY."
"244","62e4a69209df0777","ac2977c0b50925456d668adf3d55d75ea23bc403247bde2074f017557a3c3185","Naukri","Info Edge - Head - Growth - iimjobs & hirist (8-12 yrs)","Quadrangle","Noida","fd5b5429f3a279dfe1b535e1f9796c1cbef02ae7897ef7fe42d0183df99220ba","1","5","5","E","Materialized evaluation exists under active context fingerprint ""fbcfc83c5f8e7257aa2b92e1fbd91acfebf47c5f4ca3fcd167def146839b0ba9"", but serving adapter rendered evaluationState=LEGACY."
"245","62fd6fd43fc861f8","c2d4fbd3485702062cc2c6411cc73e1c7b2f851b8958b26967d82333fa0c3400","LinkedIn","Head of Customer Experience","Lenskart.com","Gurugram, Haryana, India (On-site)","b876d7981803a0015cab113f72090b52c2e1ef4cb59f75a2afc1dfbe997bffe2","1","5","5","E","Materialized evaluation exists under active context fingerprint ""fbcfc83c5f8e7257aa2b92e1fbd91acfebf47c5f4ca3fcd167def146839b0ba9"", but serving adapter rendered evaluationState=LEGACY."
"246","6408d4b903ecdec5","d5b71c476064b296a5a11b3f875200a1c1fe1914cf258ed1f1e1f3106f9d1694","Indeed","Senior Manager / Associate Director - Growth","ShopSe Digital Finance","Mumbai, Maharashtra","55bfde246db80596d5aed4dd53bdb0b35ea9af340ea1b2b06e4da64e23ab4d53","1","5","5","E","Materialized evaluation exists under active context fingerprint ""fbcfc83c5f8e7257aa2b92e1fbd91acfebf47c5f4ca3fcd167def146839b0ba9"", but serving adapter rendered evaluationState=LEGACY."
"247","64204c304f754a72","d67b624ff5fe5f5560f98b55e57d21f573bcec32df68b311a3a877eed034b010","Indeed","Director/ VP of Marketing","EDMO","Noida, Uttar Pradesh","acd1326231cab14fbd1271b96b225c00b823c4fc58f7a5aa5a3ce488d9a6b9a7","1","6","6","E","Materialized evaluation exists under active context fingerprint ""fbcfc83c5f8e7257aa2b92e1fbd91acfebf47c5f4ca3fcd167def146839b0ba9"", but serving adapter rendered evaluationState=LEGACY."
"248","6448de8c633771e2","5eaf0698f6dd66ff008529859ded7b92132fbd4b17cb5f5c8d05effabe6e92e9","Naukri","Senior Program Manager - General Trade Planning","L''OREAL INDIA PVT LTD","Mumbai","8cede6b0b624422f589cefe642c6119b1145a459ead2c6dd9f4add873c754a7b","1","5","5","E","Materialized evaluation exists under active context fingerprint ""fbcfc83c5f8e7257aa2b92e1fbd91acfebf47c5f4ca3fcd167def146839b0ba9"", but serving adapter rendered evaluationState=LEGACY."
"249","64e6ac268f18bfce","5bfbe79741dfca74649bb0039e38bfbaeaf6e425ac568348f7339ee14dff762e","Naukri","Parle Global Technologies - Assistant Vice President/Vice President - Customer Care (20-30 yrs)","Parle Global Technologies","Mumbai","86525e7d9040de1c9c02d2e123802762bead72bdb9d72610d18680b2dd3c7432","1","5","5","E","Materialized evaluation exists under active context fingerprint ""fbcfc83c5f8e7257aa2b92e1fbd91acfebf47c5f4ca3fcd167def146839b0ba9"", but serving adapter rendered evaluationState=LEGACY."
"250","6509099937ea31d9","5033256d6d69de6e9d77bdc8d0705c998489edd3f8999d448c8e5e145ffe45ff","Naukri","Director- AR Follow Up","R1 RCM","Hyderabad","9cdb99252265bca13ba2b627fe39813d6dce6b4b876fffd4d25a21724c7939c0","1","5","5","E","Materialized evaluation exists under active context fingerprint ""fbcfc83c5f8e7257aa2b92e1fbd91acfebf47c5f4ca3fcd167def146839b0ba9"", but serving adapter rendered evaluationState=LEGACY."
"251","655e2397fb8b0ed9","adcc4820248632bcb0519f96c877b4b7bd9fbefac7190646c7e28f28570f8077","Naukri","Director - Corporate Communications (18-25 yrs)","Mancer Consulting Services","Gurugram","6b594c5e2f824bb982b655414d68cc849d36dd6eb16a86ab6efd4c2fe4660e7d","1","5","5","E","Materialized evaluation exists under active context fingerprint ""fbcfc83c5f8e7257aa2b92e1fbd91acfebf47c5f4ca3fcd167def146839b0ba9"", but serving adapter rendered evaluationState=LEGACY."
"252","65dd25190a5b1770","7941e7aa26a4d66383e2006f4c1afb950c19171bd56c0299b76abbab792b7049","Naukri","SVP / VP of Engineering and Delivery","Ayekart Fintech","Mumbai","12a707377a7b82e4171565be113359a46cca7392eaf30ed863c2fcc5a36027ea","1","6","6","E","Materialized evaluation exists under active context fingerprint ""fbcfc83c5f8e7257aa2b92e1fbd91acfebf47c5f4ca3fcd167def146839b0ba9"", but serving adapter rendered evaluationState=LEGACY."
"253","65eb9f0af8c7627a","7bda463c160e65f0a8540f98d440af63ea3a6791bbd51a60cc6e48cb36c785b7","Naukri","MuleSoft Tower Head/ Director","Wilco Source","Hyderabad","06cfd811944ce1fc5f60bf74addce217bec6486a4a5e178e59e97cb50cc5851e","1","5","5","E","Materialized evaluation exists under active context fingerprint ""fbcfc83c5f8e7257aa2b92e1fbd91acfebf47c5f4ca3fcd167def146839b0ba9"", but serving adapter rendered evaluationState=LEGACY."
"254","6653550efdc1e9f9","cedb7f94ab6233b5eee506a297fd1628ec467c9cc4d25923046504bafcc65336","Indeed","Senior Manager - Partner Success","iSOCRATES","Mysuru, Karnataka","2eb84253f968c6d3ba878312e35829e36f40ff315ed87d007c778c05183bf65a","1","5","5","E","Materialized evaluation exists under active context fingerprint ""fbcfc83c5f8e7257aa2b92e1fbd91acfebf47c5f4ca3fcd167def146839b0ba9"", but serving adapter rendered evaluationState=LEGACY."
"255","66779e56afb6b377","490ad0650de546ef05798b4c9225873fc678ee435a3add8f8ab3579296c12eab","Naukri","Head of Referral Partners","SI UK","Bandra","3a57268f40bea6f35cff08bac79522439d231893608dc34324c974cd0897e951","1","5","5","E","Materialized evaluation exists under active context fingerprint ""fbcfc83c5f8e7257aa2b92e1fbd91acfebf47c5f4ca3fcd167def146839b0ba9"", but serving adapter rendered evaluationState=LEGACY."
"256","667bd92813713884","e72879ebdc8c53b08839e246bae4402e42dc4618ed9da3fd4f3ed74d983c406f","Naukri","Vice President","People Impact","Bengaluru","b67bb0970e5764f1dc5f48a4da6b3e59b5aa4c912cd23258468b58e26715f0f8","1","5","5","E","Materialized evaluation exists under active context fingerprint ""fbcfc83c5f8e7257aa2b92e1fbd91acfebf47c5f4ca3fcd167def146839b0ba9"", but serving adapter rendered evaluationState=LEGACY."
"257","676453035f5a64fa","713c0098282b70b592c8f627102b84bf2d8e33fb48b2ea5da4515be3785a66ac","Naukri","Lead - Account Manager  (Lead COE - Native Business)","Tyroo","Gurugram","8a43eb20350a26cc845bdedf486ff8e4a2637b499beec26961dcf5e17f189951","1","5","5","E","Materialized evaluation exists under active context fingerprint ""fbcfc83c5f8e7257aa2b92e1fbd91acfebf47c5f4ca3fcd167def146839b0ba9"", but serving adapter rendered evaluationState=LEGACY."
"258","6764b3f268ab692e","295acb3ff947d801c2593f14277b87f674c0a45e64f8bbc5f7be4d64ec58d323","Naukri","Associate Revenue Manager","Makemytrip","Gurugram","65769d7b97bd779bf7548995496104cba73cb0c737db4cf86e080ab8bcc9a1c8","1","5","5","E","Materialized evaluation exists under active context fingerprint ""fbcfc83c5f8e7257aa2b92e1fbd91acfebf47c5f4ca3fcd167def146839b0ba9"", but serving adapter rendered evaluationState=LEGACY."
"259","67e15590b4464f40","06e577bce133413a500c4a08e6c61f09495b904673b9fa6408b358398e99a256","Naukri","Production Head- Injectable Production","Venus Remedies (VRL)","Baddi","a3d52c4e48229e812f30b35a1ce970751dd5cfa5434d286efdecff3e2b324643","1","5","5","E","Materialized evaluation exists under active context fingerprint ""fbcfc83c5f8e7257aa2b92e1fbd91acfebf47c5f4ca3fcd167def146839b0ba9"", but serving adapter rendered evaluationState=LEGACY."
"260","688606f8ec6c6dcc","3d160208ee0451dae25b094c8989d01c3372ce609bb1911769677d88ce371625","Naukri","YesMadam - Vice President - Supply - Onboarding (8-12 yrs)","Yes Madam","Noida","5a5bf7186822d41b37ecec6bb378ad0ab86e6ded0b4e495b14c1f1d8b5df59cc","1","5","5","E","Materialized evaluation exists under active context fingerprint ""fbcfc83c5f8e7257aa2b92e1fbd91acfebf47c5f4ca3fcd167def146839b0ba9"", but serving adapter rendered evaluationState=LEGACY."
"261","69401cd4060b8db0","c268f61acd685f9ed79a39fb6c575903d2287c30fbf0ad0feb20229a6f6a2a10","Indeed","Senior Manager, Growth Marketing","Sarvam","Bengaluru, Karnataka","583c69f5be8ecfd0bf522812a02e7e43de0b9b5d036d867b9f6341a961d8415a","1","5","5","E","Materialized evaluation exists under active context fingerprint ""fbcfc83c5f8e7257aa2b92e1fbd91acfebf47c5f4ca3fcd167def146839b0ba9"", but serving adapter rendered evaluationState=LEGACY."
"262","6afa31c7480ebba7","504c262d3f09fa49611399a9f0a05e63db07edeb5570f362c20126fb500545bb","Naukri","YesMadam - Vice President - Supply - Onboarding (8-12 yrs)","Yes Madam","Noida","a35a1e160579aa2bfb63dbb6bad499d11cde1fa6cf78d0c2cfebbeb8863c0158","1","5","5","E","Materialized evaluation exists under active context fingerprint ""fbcfc83c5f8e7257aa2b92e1fbd91acfebf47c5f4ca3fcd167def146839b0ba9"", but serving adapter rendered evaluationState=LEGACY."
"263","6bb89157dd210354","733d0e420e1f25ea66818c4ad1d6934c7c557df1335655b5df0d82e31315fd18","Naukri","Head SMS","Shreeyam Power And Steel Industries","Gandhidham","842e6bf6e9eb1f18811f99c63aba97f8b4dda01da274618633af69f99c886a74","1","5","5","E","Materialized evaluation exists under active context fingerprint ""fbcfc83c5f8e7257aa2b92e1fbd91acfebf47c5f4ca3fcd167def146839b0ba9"", but serving adapter rendered evaluationState=LEGACY."
"264","6dc16d7683fe2cff","1d66e9634a97f5c2380f8e73417377dc3df36f4773b1ffc5ac9ce71cedd25443","Naukri","Legal Head","KRBL Limited","Noida, Ghaziabad, Greater Noida","90ba5c365baefb53227030017563d176acfac4be6347e8fdd5a5dc0880ae0d1e","1","5","5","E","Materialized evaluation exists under active context fingerprint ""fbcfc83c5f8e7257aa2b92e1fbd91acfebf47c5f4ca3fcd167def146839b0ba9"", but serving adapter rendered evaluationState=LEGACY."
"265","6f209ff371232589","f702f6ad661a6fa3373fcb2ff70b96198e5a13d5e5ede5aac1e652d2ae547143","Naukri","VP of Engineering","Creditpe","Thiruvananthapuram","8cc7bdae581d7ddf673c35bf38e351a5abfb26e10f641667b51762da145e3a64","1","6","6","E","Materialized evaluation exists under active context fingerprint ""fbcfc83c5f8e7257aa2b92e1fbd91acfebf47c5f4ca3fcd167def146839b0ba9"", but serving adapter rendered evaluationState=LEGACY."
"266","6f8d592f4a3a3b8a","a3052324de81dddbf6fbccf9aa0ab3bfebc4263d698167f02478b16532221971","Naukri","AVP - L&D","CorroHealth","Noida","85c8c7a9376c1443b7b6903cfa0aa5b4af148fbe8062447364205d38feb7e0f9","1","6","6","E","Materialized evaluation exists under active context fingerprint ""fbcfc83c5f8e7257aa2b92e1fbd91acfebf47c5f4ca3fcd167def146839b0ba9"", but serving adapter rendered evaluationState=LEGACY."
"267","70e044efa41db425","2d179d14cc0438f55fb07efba6431f6238caf43f5b2f5562456ec7592f6cef47","Naukri","Group Operations Manager - Bank (18-28 yrs)","Pylon Management Consulting","Gurugram","b922a5116daae264e968cb4b985afcca479e8aa7e577b2a993a2c5f4a1f6587e","1","5","5","E","Materialized evaluation exists under active context fingerprint ""fbcfc83c5f8e7257aa2b92e1fbd91acfebf47c5f4ca3fcd167def146839b0ba9"", but serving adapter rendered evaluationState=LEGACY."
"268","711ea31b18b73bb3","87529330d85e88db663ecbbf9cdc96d427cc13e2bffb914d5b9d554a6df99664","Naukri","Assistant Manager/Dy Manager - Business Development For CMO","Aizant","Hyderabad","e67717de859cbcaa1588c6665651628cd67e573ee2c1ef4ef7fcb247e94e823c","1","5","5","E","Materialized evaluation exists under active context fingerprint ""fbcfc83c5f8e7257aa2b92e1fbd91acfebf47c5f4ca3fcd167def146839b0ba9"", but serving adapter rendered evaluationState=LEGACY."
"269","726256ed215cddc1","2e53f159c2dc43bbbff8518cd39cdcc710dbd8218a3b0d084015195d02c0cfb2","Naukri","Partner / State Director","Foundation For Economic Development","Chennai","118fc8a36347a68c1ebf72c375cdb1bc554fa6e99b89eb78241087f1dcf6b612","1","5","5","E","Materialized evaluation exists under active context fingerprint ""fbcfc83c5f8e7257aa2b92e1fbd91acfebf47c5f4ca3fcd167def146839b0ba9"", but serving adapter rendered evaluationState=LEGACY."
"270","72739627a4e30986","b0ee40ea1dd40b7eb916fdc94a75c13655cf125460cb75e5538b95a5d73fd993","Naukri","Vice President - Wealth Management - Bank (16-25 yrs)","Pylon Management Consulting","Gurugram","a81205b83a3d766692c73db709121fb1bd73a384d9eb0f47b39784f934f25bfa","1","5","5","E","Materialized evaluation exists under active context fingerprint ""fbcfc83c5f8e7257aa2b92e1fbd91acfebf47c5f4ca3fcd167def146839b0ba9"", but serving adapter rendered evaluationState=LEGACY."
"271","72ccee1ddcdc572c","a827bd2598ba502f0bb5dfce184afc1dd8db53158a18a95e0ba50596acce04cc","Naukri","VP of Engineering","Digirecruitx","Pune","2744de3510b205942e7d8f1069fe93b8d8e7509e531b6ce6f5ac9f3173b1c837","1","6","6","E","Materialized evaluation exists under active context fingerprint ""fbcfc83c5f8e7257aa2b92e1fbd91acfebf47c5f4ca3fcd167def146839b0ba9"", but serving adapter rendered evaluationState=LEGACY."
"272","730883bf5b6a5f6b","955505f9a2716e9d4195684d6f26a612fd54c54e09666179f0af63a594dcfcff","Naukri","Vice President - Marketing","LogiNext","Mumbai","fef3eae4061965c68422fad1658d85620a17736a5476a789b50d3b6c04c4ef02","1","5","5","E","Materialized evaluation exists under active context fingerprint ""fbcfc83c5f8e7257aa2b92e1fbd91acfebf47c5f4ca3fcd167def146839b0ba9"", but serving adapter rendered evaluationState=LEGACY."
"273","739bbee8dcc50aef","bd8559b41d484f82a29073d0fe172c7b17484bbb28c5506b09c15c8f4ecf5fc6","Naukri","MuleSoft / Integration Tower Head","Wilco Source","Hybrid - Hyderabad","e0f542287fbfe01512c753fa562a8f2525fc385b64cb304ccbd46924ea9b9c54","1","5","5","E","Materialized evaluation exists under active context fingerprint ""fbcfc83c5f8e7257aa2b92e1fbd91acfebf47c5f4ca3fcd167def146839b0ba9"", but serving adapter rendered evaluationState=LEGACY."
"274","743fa6d6adffb660","0c51f4afe5d34da571a145a4e3bc68a985b6a6f2cd2939979177f84d9126ff36","Naukri","Paytm - Associate Vice President - Growth Management - IIM/ISB/MDI/FMS (5-10 yrs)","Paytm","Noida","ccf59ed8a2dbdac543f650a0bd38a4028fe7d3e7d7a861e7961855f5f7c22616","1","5","5","E","Materialized evaluation exists under active context fingerprint ""fbcfc83c5f8e7257aa2b92e1fbd91acfebf47c5f4ca3fcd167def146839b0ba9"", but serving adapter rendered evaluationState=LEGACY."
"275","7476703b51d9527d","da7d5c3fbae329570d14ce00f38ff0b8a2b7407d6a4c64b3537e0cdff461cf43","Naukri","AVP - PC Central Controls","Barclays","Pune, Chennai","f6f908ece78b5ac4e501eb1a3189df99385265380399dc1466def898f031f466","1","6","6","E","Materialized evaluation exists under active context fingerprint ""fbcfc83c5f8e7257aa2b92e1fbd91acfebf47c5f4ca3fcd167def146839b0ba9"", but serving adapter rendered evaluationState=LEGACY."
"276","74f0f1a8a9606ebc","c153f041dc081e2eda58da86aa1c780cff45d186738f97ee28340ac4c5ae4f92","Indeed","Chief Manager- Contact Centre Operations","Saaki Argus & Averil Consulting","Chennai, Tamil Nadu","fad51c7b1e77c4ad4ca1371557812f244168ff4569ccd9e4397e5666aa0846ea","1","5","5","E","Materialized evaluation exists under active context fingerprint ""fbcfc83c5f8e7257aa2b92e1fbd91acfebf47c5f4ca3fcd167def146839b0ba9"", but serving adapter rendered evaluationState=LEGACY."
"277","75af3085e72324e3","ccc57a6e351299fdd04817a5f71f853e2069cb4ddf4dfdd9a58839031f71782e","LinkedIn","Expert Opportunity - Director of Customer Success ($70/hr, up to $1,400/week)","Ethos","India (Remote)","fb160fe589180da306022ca3935a4b4a84ee831d9a2eb9de4f2d8f8917e9bb44","1","5","5","E","Materialized evaluation exists under active context fingerprint ""fbcfc83c5f8e7257aa2b92e1fbd91acfebf47c5f4ca3fcd167def146839b0ba9"", but serving adapter rendered evaluationState=LEGACY."
"278","7617214eae3a3057","6c4742d146db5f0ddcc0471c622787636b311bbd1a94ebae2a7e4ed50bdbc818","Naukri","Director","Axtria","Gurugram","7662ab130cea2bb002feacfdf087d44fa51b186abf2a9ad51b0944fe6513611a","1","5","5","E","Materialized evaluation exists under active context fingerprint ""fbcfc83c5f8e7257aa2b92e1fbd91acfebf47c5f4ca3fcd167def146839b0ba9"", but serving adapter rendered evaluationState=LEGACY."
"279","76a3e57ce3d4658d","c533e0519dfa5215c98a8236a5abd6ac099c5914fb482b27df0819a16e94fc0e","LinkedIn","Consulting-Marketing Ops-Operations Vice President","Deloitte","Hyderabad, Telangana, India (On-site)","bde7b27568dd5a6d697601215bf3eb7f49e1e9a3efc3145dd8cd5394771c1aec","1","5","5","E","Materialized evaluation exists under active context fingerprint ""fbcfc83c5f8e7257aa2b92e1fbd91acfebf47c5f4ca3fcd167def146839b0ba9"", but serving adapter rendered evaluationState=LEGACY."
"280","76dffa5a32a5debd","52e2b8487987bf72705c478b2c560e22b135c0e262ac522774115df20c2cc869","Naukri","Associate Director, Marketing Excellence","Align Technology","Mumbai","85bbad5ec0843c56c2c1a104e8d56bea3ae5e6a49cd1b9bafb36880b27508cc1","1","5","5","E","Materialized evaluation exists under active context fingerprint ""fbcfc83c5f8e7257aa2b92e1fbd91acfebf47c5f4ca3fcd167def146839b0ba9"", but serving adapter rendered evaluationState=LEGACY."
"281","77b6804ccf6e4ca8","f8f3d82366e3d27a6b603635facad7d34f96f294ee84912225bc6b3cb5b8c317","Indeed","VP- Marketing","Infrrd","India","a2cad36d22fd28af10432efbd8a535999b5d1fb18fbd9d4e997bce84e2078abf","1","6","6","E","Materialized evaluation exists under active context fingerprint ""fbcfc83c5f8e7257aa2b92e1fbd91acfebf47c5f4ca3fcd167def146839b0ba9"", but serving adapter rendered evaluationState=LEGACY."
"282","782bc239dcee4f42","83fd321afd82809562bed39450b675b2091b452b42abd10bdc5722510006c38b","LinkedIn","Head of Engineering, Commercial Services","Tide","Hyderabad, Telangana, India (Hybrid)","af8bdfb1323d43271c19adaece7c1936489e8d3dea4179e0d5285038b6e8a728","1","5","5","E","Materialized evaluation exists under active context fingerprint ""fbcfc83c5f8e7257aa2b92e1fbd91acfebf47c5f4ca3fcd167def146839b0ba9"", but serving adapter rendered evaluationState=LEGACY."
"283","7865ee9964d25352","17484369b9bb8f153321142f174a2f85e59ee157744318f9e1fd44570f8c6276","Naukri","Lead Finance Analyst APAC GCC FP&A","Kenvue","Bengaluru","90c60e824d5c05838d3227146b08c0c47aea7d3500255a5218e1fb12d0edaf8c","1","5","5","E","Materialized evaluation exists under active context fingerprint ""fbcfc83c5f8e7257aa2b92e1fbd91acfebf47c5f4ca3fcd167def146839b0ba9"", but serving adapter rendered evaluationState=LEGACY."
"284","789567938b75aa97","37a874fb3d0a410020bd11c1606c1e3e3b434454f7fdea1291dcc9ba3d220505","Naukri","Industry Techno & Strategy Architect - Telco - Senior Manager","Accenture","Gurugram","32daed3ad2c123f59b2434bfd7844d0db9519fed03fc7906067548a3a163dc67","1","5","5","E","Materialized evaluation exists under active context fingerprint ""fbcfc83c5f8e7257aa2b92e1fbd91acfebf47c5f4ca3fcd167def146839b0ba9"", but serving adapter rendered evaluationState=LEGACY."
"285","7898067a49aae688","9aeb370b0fbee773f1a3ef516be0b902ee50141a8c69910dc247c9c710f24ea5","Naukri","Director of Digital Marketing - IndiGo Airlines","IndiGo","Gurugram","0f75ab8f341fb153d3d60e192e457c1d085deeb1e15fe846bce177f22abd8cad","1","5","5","E","Materialized evaluation exists under active context fingerprint ""fbcfc83c5f8e7257aa2b92e1fbd91acfebf47c5f4ca3fcd167def146839b0ba9"", but serving adapter rendered evaluationState=LEGACY."
"286","78d3c31acfdd25c3","a023db585efe711ebcac75e1de23966f9ecd59c44c3204773d990d7262850df1","Naukri","Vice President, Commerce","Mindshare","Mumbai","3d046af5a682ccdded7945028e5a146742b8f8e39aae71a89405dc18c2604162","1","5","5","E","Materialized evaluation exists under active context fingerprint ""fbcfc83c5f8e7257aa2b92e1fbd91acfebf47c5f4ca3fcd167def146839b0ba9"", but serving adapter rendered evaluationState=LEGACY."
"287","78f56ee691e38d14","6376713f94a7c8ac8b11606b635a6876bbf06974aa932580b9ffc16d64a64d70","Naukri","Flipspaces - Assistant Vice President - Growth (15-20 yrs)","Flipspaces","Mumbai","f51b73272bbdd65db3a52af4c31f27b90160fc4e55aa523344ecb3cac63ce608","1","5","5","E","Materialized evaluation exists under active context fingerprint ""fbcfc83c5f8e7257aa2b92e1fbd91acfebf47c5f4ca3fcd167def146839b0ba9"", but serving adapter rendered evaluationState=LEGACY."
"288","79d98afc4c72636b","79b1c51c91341491adf49929a9a5d30e727e1dba41f9a64ef690e58741a11099","LinkedIn","Head CRM/ senior CRM Specialist","Golden Opportunities","Chennai, Tamil Nadu, India (On-site)","623ea22b671d5dd46e937c8af9ab85e9023e2b4f0d043831396e6c6efd47a524","1","5","5","E","Materialized evaluation exists under active context fingerprint ""fbcfc83c5f8e7257aa2b92e1fbd91acfebf47c5f4ca3fcd167def146839b0ba9"", but serving adapter rendered evaluationState=LEGACY."
"289","7b0bbde76e79744e","68153e98f77e6932e87945aace7331b75e2465fd8b489bbc28668f9521b389d6","Indeed","Senior Manager- Brand Marketing","PERNOD RICARD INDIA PRIVATE LIMITED","Gurugram, Haryana","8287331050cc5ae69d27f98af47e642d60d5016462952e87ba4b75ddc15eb088","1","5","5","E","Materialized evaluation exists under active context fingerprint ""fbcfc83c5f8e7257aa2b92e1fbd91acfebf47c5f4ca3fcd167def146839b0ba9"", but serving adapter rendered evaluationState=LEGACY."
"290","7b6e8c2874efb350","50988e5844b543e1a26e94f9fadfa8cd906bea1ad06fd0bc366bb95e87993fcc","Naukri","Director - Company Secretary - ITeS/BPO (18-26 yrs)","Omam Consultants","Pune","4044efb1db52679f971fe7c0cb72eec67354e84f350913e8e5e56aa9d5ad1cc4","1","5","5","E","Materialized evaluation exists under active context fingerprint ""fbcfc83c5f8e7257aa2b92e1fbd91acfebf47c5f4ca3fcd167def146839b0ba9"", but serving adapter rendered evaluationState=LEGACY."
"291","7be777afe75a7d6c","88c0ad7b291ec5a8ac0d2f14d8037379862dce4b8a0d6d60015c0da5f48e5c12","Naukri","Marketing Head","Mcube Placements","Ghaziabad","d2abe193621832bb38dc5323f2ea3b29fcedb6aafcb86779b8181e1d1e36624d","1","5","5","E","Materialized evaluation exists under active context fingerprint ""fbcfc83c5f8e7257aa2b92e1fbd91acfebf47c5f4ca3fcd167def146839b0ba9"", but serving adapter rendered evaluationState=LEGACY."
"292","7c1977cdf204d3df","da2ea70bc1f39e4e63d5a0d7ac81a28f748aff5005b086ca7972172266ce60e3","Naukri","Corporate Sales AVP/VP/SVP EB/NON EB Insurance Broking","ANA Associates","Delhi / NCR, Pune, Mumbai (All Areas)","c33c900ff17ad28256f6b1033809fae0d82fb49a2a708092913e53d4269faecb","1","6","6","E","Materialized evaluation exists under active context fingerprint ""fbcfc83c5f8e7257aa2b92e1fbd91acfebf47c5f4ca3fcd167def146839b0ba9"", but serving adapter rendered evaluationState=LEGACY."
"293","7c35dc41b20b3801","65398e1cea27937aef642f2647405f5e519886d42da261a7ade4494cb870dfd6","LinkedIn","Director of Engineering (Remote)","MonetizeMore","India (Remote)","a7f9580b860173478c94cd46bf57546192aedc3d641e8557e56d5e72087f943d","1","5","5","E","Materialized evaluation exists under active context fingerprint ""fbcfc83c5f8e7257aa2b92e1fbd91acfebf47c5f4ca3fcd167def146839b0ba9"", but serving adapter rendered evaluationState=LEGACY."
"294","7c5592510608d780","5da7069296a1b7d5a87f3cc7654eaf27163ba462ca1b4203efc6d998b43c9af4","Indeed","Global Marketing Head","Saaki Argus & Averil Consulting","Delhi","a51cceeeae6c5808afd07a21b8e667c2db7a59fe0f2a3f87964ecf80bdc7329a","1","5","5","E","Materialized evaluation exists under active context fingerprint ""fbcfc83c5f8e7257aa2b92e1fbd91acfebf47c5f4ca3fcd167def146839b0ba9"", but serving adapter rendered evaluationState=LEGACY."
"295","7c5967a12f587e0d","d00bd078d9e3dff2387608587ca7a599eadf4fa10d964c747bd09de2016a8f27","Naukri","Head CRM","Gaurs","Noida(Sector 129)","084245aac97d1e293869a7417545d7c6cecf20cfd1bb262ed7cb6c4e33655b37","1","5","5","E","Materialized evaluation exists under active context fingerprint ""fbcfc83c5f8e7257aa2b92e1fbd91acfebf47c5f4ca3fcd167def146839b0ba9"", but serving adapter rendered evaluationState=LEGACY."
"296","7d3289d1d13ed8c8","dbc50e31487d7f9c979fc2a2f9654dae38aaa5349ecb46800afd0ec0414f68ce","Naukri","Vice President NBFC Sales Capital Market","Trust Group","Mumbai","e6c9faaf0c5852573209fc8df3e44bfbce312cf6e19c3ee34426c65b4ed23692","1","5","5","E","Materialized evaluation exists under active context fingerprint ""fbcfc83c5f8e7257aa2b92e1fbd91acfebf47c5f4ca3fcd167def146839b0ba9"", but serving adapter rendered evaluationState=LEGACY."
"297","7d52c99a76da17a7","7932a9d06d49fecc8db35e1e1b9c2348649decb05e5ffbe7539ab096c02aed45","Indeed","Chief Operating Officer (CEO)","Bharatiya Global Infomedia","Noida, Uttar Pradesh","c2863cba387e9165286730b60caa1b04ae99f1bd6caf60c90fdcb5783a5e10e7","1","5","5","E","Materialized evaluation exists under active context fingerprint ""fbcfc83c5f8e7257aa2b92e1fbd91acfebf47c5f4ca3fcd167def146839b0ba9"", but serving adapter rendered evaluationState=LEGACY."
"298","7d657a40b9800ebc","9235324b7e2955eb8f5692194c62a2c73f91e13d1db11b1b801d7533b6022ca8","Naukri","AI Sales Director","NLB Services","Gurugram, Delhi / NCR, Noida","f1bc1ab113225c7f18fe516a9f3e0fcd1277e6928e77db3016b7f5da80c6c957","1","5","5","E","Materialized evaluation exists under active context fingerprint ""fbcfc83c5f8e7257aa2b92e1fbd91acfebf47c5f4ca3fcd167def146839b0ba9"", but serving adapter rendered evaluationState=LEGACY."
"299","7e92a7e07dd177ca","7f1a6f23ff34e9a2b21f3fb37644f2459c611642a6ee08c4e7ede1486d7eff77","Naukri","Director - Corporate Communications (18-25 yrs)","Mancer Consulting Services","Gurugram","bca994f1a24864efa91738277fb6edae17a2ad65629e9e369aab7ec88d328d83","1","5","5","E","Materialized evaluation exists under active context fingerprint ""fbcfc83c5f8e7257aa2b92e1fbd91acfebf47c5f4ca3fcd167def146839b0ba9"", but serving adapter rendered evaluationState=LEGACY."
"300","7f3502e94e5881df","3a05967da7454ca67705ec0280de3ec2190e9380f7a9e2de37632c44acf50932","Naukri","AI Practice Manager","GSPANN","Gurugram, Noida, Hyderabad","123f5d0108492456cd8ba52f798ae73ffb169ae7cc654ce3936771ba17d81210","1","5","5","E","Materialized evaluation exists under active context fingerprint ""fbcfc83c5f8e7257aa2b92e1fbd91acfebf47c5f4ca3fcd167def146839b0ba9"", but serving adapter rendered evaluationState=LEGACY."
"301","7f42f4a481a719cc","f282661f83164d1332e2f9fa8ed057e58a1f7555e8c489b91ec0eda61916a06e","Naukri","LiquiLoans - Head - Growth Strategy (10-15 yrs)","Liquiloans","Mumbai","fd0803ea200ca13eda04d0cdb0bbeff8b48d99cf337f13c912117dcd0285dbbb","1","5","5","E","Materialized evaluation exists under active context fingerprint ""fbcfc83c5f8e7257aa2b92e1fbd91acfebf47c5f4ca3fcd167def146839b0ba9"", but serving adapter rendered evaluationState=LEGACY."
"302","7fb3ba0b07d34e92","446158d9c1e49ece30875d3734d4dcc9d2b9fe1dac8c1a96e3f458511560ec59","Naukri","Practice Lead (Capital Markets Operations & Transformation) AGM / AVP","Golden Opportunities","Mumbai, Chennai, Bengaluru","d3e085de17ffe0690cc356987b12439677bdd269016fb67aa5131d09012bf3c3","1","6","6","E","Materialized evaluation exists under active context fingerprint ""fbcfc83c5f8e7257aa2b92e1fbd91acfebf47c5f4ca3fcd167def146839b0ba9"", but serving adapter rendered evaluationState=LEGACY."
"303","7fff86fecc70804a","d152eaf5a8e3d4000cca0237fa619a6271d7c2d0c63dc88705212283765abf23","LinkedIn","Head of Growth - India","OLIVER | The Brandtech Group","Mumbai, Maharashtra, India (Hybrid)","9f177d93cb3d38625ca97ba63defc66ec19e6e8303cafc23eb2e395275e66e7e","1","5","5","E","Materialized evaluation exists under active context fingerprint ""fbcfc83c5f8e7257aa2b92e1fbd91acfebf47c5f4ca3fcd167def146839b0ba9"", but serving adapter rendered evaluationState=LEGACY."
"304","802f30cf9bd167f2","b67afdf4a0997ed3f325f1387b364af298d63e6a9bbf0cca8a30b3c7d306e47c","Naukri","Everest Group- Research & Advisory - Practice Director -HLS","Everest Business Advisory India","Hybrid - Gurugram(Sector 47), Bengaluru(Manayata Tech Park)","d9b20b74a7bfa30b8876928ba9982761a7b7ede4d3a614e4a73072bc3b88b966","1","5","5","E","Materialized evaluation exists under active context fingerprint ""fbcfc83c5f8e7257aa2b92e1fbd91acfebf47c5f4ca3fcd167def146839b0ba9"", but serving adapter rendered evaluationState=LEGACY."
"305","805f71dfe166956e","58443335785830de798abf6bde327de5f2fd4e3ba5d2c430c2ca05bff3f8545e","Naukri","MuleSoft Tower Head","Wilco Source","Hyderabad","7599bfd1fc60ccb82743c5cfd9ebe832b49ea515c4057b08023c93e72a5a821c","1","5","5","E","Materialized evaluation exists under active context fingerprint ""fbcfc83c5f8e7257aa2b92e1fbd91acfebf47c5f4ca3fcd167def146839b0ba9"", but serving adapter rendered evaluationState=LEGACY."
"306","80ecfcb110c8f05b","43ecf4b91639b3efeb16f4c98d6f5ef0a1fcd266002da0fceea2134e38e07283","Naukri","Director/Associate Director - Business Development (Oil & Gas)","Riverforest Connections","Hybrid - Gurugram, Mumbai (All Areas)","f546061b0b8c62d76f264a916eee51fe71f4b0338f12fc5cc6d0218ad1a564af","1","5","5","E","Materialized evaluation exists under active context fingerprint ""fbcfc83c5f8e7257aa2b92e1fbd91acfebf47c5f4ca3fcd167def146839b0ba9"", but serving adapter rendered evaluationState=LEGACY."
"307","80f6949b21dd7aa3","dd0ba2ba6952f1bb9133221896d2c58eedf111264472a1ab9aa72428fafded8a","Naukri","SeviceNow Director (16-25 yrs)","Mancer Consulting Services","Gurugram","ecc554ef528beff4cf1295df9b2fb7e49c22473f88be6e28abfa69cf6961b905","1","5","5","E","Materialized evaluation exists under active context fingerprint ""fbcfc83c5f8e7257aa2b92e1fbd91acfebf47c5f4ca3fcd167def146839b0ba9"", but serving adapter rendered evaluationState=LEGACY."
"308","811bd5ed1581774a","a31aa80b89e763efd0a705901a94988ae2f8389659504d0814cb1088f33ed231","Indeed","Chief Marketing Officer","RGB Web Tech","Chandigarh","cf19c331a610a39b1d2a2960bfd78dcda92e43698f67b5d5b9fa44f97bec9070","1","5","5","E","Materialized evaluation exists under active context fingerprint ""fbcfc83c5f8e7257aa2b92e1fbd91acfebf47c5f4ca3fcd167def146839b0ba9"", but serving adapter rendered evaluationState=LEGACY."
"309","8237fc72a4ea8005","a98f00f476b0baccb000bc16effcf3a6b75626b905d601cfa1dd5dbf6dad399a","Naukri","Vice President Projects","Kcc Buildcon","Gurugram(Sector 67)","a789b8ba5e1125c5390e77b25f7162ab2b61474ea7d4215c89bb0d5785f6149e","1","5","5","E","Materialized evaluation exists under active context fingerprint ""fbcfc83c5f8e7257aa2b92e1fbd91acfebf47c5f4ca3fcd167def146839b0ba9"", but serving adapter rendered evaluationState=LEGACY."
"310","829c871daddf233a","479bcabbc8c5435b4c1eb2cb20e75491dd7d1a4bb89af9a45c9df61a7e362d47","Indeed","Head of Marketing","Zenara Health","Remote in India","0a4cee1d59a36cffa9f925caeacd0ab0359ac873ff4c00acdde264970a07d5a4","1","5","5","E","Materialized evaluation exists under active context fingerprint ""fbcfc83c5f8e7257aa2b92e1fbd91acfebf47c5f4ca3fcd167def146839b0ba9"", but serving adapter rendered evaluationState=LEGACY."
"311","83fa2b78f8a93616","056169f118cb1ea370d8f2aab53298fbce0d7027dab7340a4af634d8cae7b9c7","Naukri","Head  Steel Melting Shop (SMS)","Shreeyam Power And Steel Industries","Gandhidham","061aa633e5340edef5f2c3600ac2e5a35defd3eb4ad589eafa57c07146b19eca","1","5","5","E","Materialized evaluation exists under active context fingerprint ""fbcfc83c5f8e7257aa2b92e1fbd91acfebf47c5f4ca3fcd167def146839b0ba9"", but serving adapter rendered evaluationState=LEGACY."
"312","841ee7ce571d01d3","f266b09eb3d62fd37c384db88dc2cb623f601e6c74c7255b7518d5e6586196d4","Indeed","Head of Growth - India","OLIVER Agency - APAC","Mumbai, Maharashtra","068151e51b5cbadf74687cf21dbf39c89a5abcc4043c470a4eda78d534be0c84","1","5","5","E","Materialized evaluation exists under active context fingerprint ""fbcfc83c5f8e7257aa2b92e1fbd91acfebf47c5f4ca3fcd167def146839b0ba9"", but serving adapter rendered evaluationState=LEGACY."
"313","84ed1917fa56f44e","ac9d78c6bce4543c9a241c00ddad1341379e4fa635676cb73895218decba4f0f","LinkedIn","Director of Engineering","Zeta Global","Bengaluru, Karnataka, India (Hybrid)","a12b036af574a0061de6c261ac576a235abd9144e68fe71f1e8b719e1c58bba3","1","5","5","E","Materialized evaluation exists under active context fingerprint ""fbcfc83c5f8e7257aa2b92e1fbd91acfebf47c5f4ca3fcd167def146839b0ba9"", but serving adapter rendered evaluationState=LEGACY."
"314","85089205ee3d7e8a","7a051bbf6230f633e219490e53893c9dd6c0b3ce04abb766ad745211b335cc4e","Naukri","Head- Export sales lead","Chaudhary Group","Gurugram","33f97b809f4e6aad44d02f7bef63c5fd8d5b22135f77e7032cdef6e640440c4a","1","5","5","E","Materialized evaluation exists under active context fingerprint ""fbcfc83c5f8e7257aa2b92e1fbd91acfebf47c5f4ca3fcd167def146839b0ba9"", but serving adapter rendered evaluationState=LEGACY."
"315","858cfc91ae660b2e","f1943929597d8647e05caa37540ec26cd39e044f0f2af336167b9b9447631df9","Naukri","Director","R1 RCM","Chennai","9efa7551d4803083d6fc8c8d94fabdacf61bc3a0edeeda7780bb902f75f8c2a1","1","5","5","E","Materialized evaluation exists under active context fingerprint ""fbcfc83c5f8e7257aa2b92e1fbd91acfebf47c5f4ca3fcd167def146839b0ba9"", but serving adapter rendered evaluationState=LEGACY."
"316","863bc677ea7de453","e7c256fe145b2140b0686c55d4e57c47d784d632ab45792072034aaf0b30da76","Naukri","LiquiLoans - Head - Growth Strategy (10-15 yrs)","Liquiloans","Mumbai","22f70ff38021c470cf710199587ad30bdea0264424da3bb2d8930538987c608c","1","5","5","E","Materialized evaluation exists under active context fingerprint ""fbcfc83c5f8e7257aa2b92e1fbd91acfebf47c5f4ca3fcd167def146839b0ba9"", but serving adapter rendered evaluationState=LEGACY."
"317","866fad890b0c5ce8","2131e627baa1a1db1d22f081806c99a85b01b344f1034fb8c0aa4812f5d3a62c","Naukri","Head - IT Risk/Cyber Security (15-20 yrs)","Crescendo Global Leadership Hiring India","Navi Mumbai, Chennai","cc23b6c2a7101cfecbaae61669ab3d90f397a6d43cb58dcc3714f7f096957918","1","5","5","E","Materialized evaluation exists under active context fingerprint ""fbcfc83c5f8e7257aa2b92e1fbd91acfebf47c5f4ca3fcd167def146839b0ba9"", but serving adapter rendered evaluationState=LEGACY."
"318","8685439fe4f51796","5f396aa494d4f133f3c8132915b87703321ed84025f4eb884e4a49ee300c76c0","Naukri","AI Head","NLB Services","Gurugram, Noida","633566ada33c8a785135a9399c86a7c38a6f804865d0e03b7a5a0d15bb54d64f","1","5","5","E","Materialized evaluation exists under active context fingerprint ""fbcfc83c5f8e7257aa2b92e1fbd91acfebf47c5f4ca3fcd167def146839b0ba9"", but serving adapter rendered evaluationState=LEGACY."
"319","87d224e142eff722","9b6522c1a6c70f41c9436c00eea0f3335618b66c0d60d657ca1dd8875e1e727a","Naukri","Zycus - Director - Marketing (10-13 yrs)","Zycus Infotech","Mumbai, Bengaluru","549d77e18c875e40f5d637e90662518e14d2f78a6cd471f8b3e330cfd4a2351a","1","5","5","E","Materialized evaluation exists under active context fingerprint ""fbcfc83c5f8e7257aa2b92e1fbd91acfebf47c5f4ca3fcd167def146839b0ba9"", but serving adapter rendered evaluationState=LEGACY."
"320","87dc3b1d78a327cf","81cb47ee34831826ab9a421d5945483725110732d36a5fe1ab6565bd90a0983b","Naukri","Chief Technology Officer","Xfactor Hiring","Mumbai, New Delhi, Bengaluru","a3964b6040247acca2239a91ab30b822c069a0c1104a2ca2b3aea055f70ef749","1","5","5","E","Materialized evaluation exists under active context fingerprint ""fbcfc83c5f8e7257aa2b92e1fbd91acfebf47c5f4ca3fcd167def146839b0ba9"", but serving adapter rendered evaluationState=LEGACY."
"321","8811f9dbf8c6962b","1a1527386f95cf3d6a9573eca00d38c729777e697d42874ccf24541304b501ea","Naukri","Manager","KP Group","Surat","0911ca80420821d1c8de4844659dcce936d56c859e995fe2c373477c00ceccab","1","5","5","E","Materialized evaluation exists under active context fingerprint ""fbcfc83c5f8e7257aa2b92e1fbd91acfebf47c5f4ca3fcd167def146839b0ba9"", but serving adapter rendered evaluationState=LEGACY."
"322","881290ca0be99650","65b28a0f3ba0a9cc73c3b3001447ebdd9bd21f2eb70b9683ec7f6edcbd8ee0e5","Naukri","Head - Digital Marketing - Financial Services (14-20 yrs)","Dimensions HRD Consultants","Mumbai","36ff28f37a8124f6429694530ef2d3655232b125b8ba4b76b14eb21fd116a187","1","5","5","E","Materialized evaluation exists under active context fingerprint ""fbcfc83c5f8e7257aa2b92e1fbd91acfebf47c5f4ca3fcd167def146839b0ba9"", but serving adapter rendered evaluationState=LEGACY."
"323","885c2613b295245e","a4702fdf6018b208b1325f2e03d9747f848de2c9d9c1d84f9953ec6f532a6baf","Naukri","India Head","Arimax Global","Mumbai(Lower Parel)","68a6817b1dd5849a34a9274b821d4ba403dd4a95a062f2e1c1ebf6fcb0ff9f87","1","5","5","E","Materialized evaluation exists under active context fingerprint ""fbcfc83c5f8e7257aa2b92e1fbd91acfebf47c5f4ca3fcd167def146839b0ba9"", but serving adapter rendered evaluationState=LEGACY."
"324","88c9d53226050615","7326a0342b26b8788a054f591a265f4065681f8a7504b35db2af71f4a8851eb5","Naukri","Yes Madam - Engineering Vice President (10-17 yrs)","Yes Madam","Noida","0cd75c6fb5dcfca94a44f0c5261a7ba9214527c00c8b6f74ebb4334e8180d6f7","1","5","5","E","Materialized evaluation exists under active context fingerprint ""fbcfc83c5f8e7257aa2b92e1fbd91acfebf47c5f4ca3fcd167def146839b0ba9"", but serving adapter rendered evaluationState=LEGACY."
"325","89b0c2071f1f77f3","25527b69dfefb4044dbd0624f9111bb1bf897011bfd056c21c0098cca1603ad3","LinkedIn","Head-D2C - Gurgaon || CTC Upto 35 LPA || fast-growing D2C Beauty & Personal Care brand","Talentiser","Gurugram, Haryana, India (On-site)","32a598456ed657d527968f127391d4a11b533e73149ad0aae926f212c9e147ec","1","5","5","E","Materialized evaluation exists under active context fingerprint ""fbcfc83c5f8e7257aa2b92e1fbd91acfebf47c5f4ca3fcd167def146839b0ba9"", but serving adapter rendered evaluationState=LEGACY."
"326","8a18a2cca6007431","c4b3caf45d73d544887d520316ccdc57584bf816d1065ff4cc6872744e692c78","Naukri","Director - FPNA (Insurance)","Golden Opportunities","Gurugram","cd91f9122aca599d3407b8d682e4558fce2d7ed865da1f6cb061094c903ee4c1","1","5","5","E","Materialized evaluation exists under active context fingerprint ""fbcfc83c5f8e7257aa2b92e1fbd91acfebf47c5f4ca3fcd167def146839b0ba9"", but serving adapter rendered evaluationState=LEGACY."
"327","8bce688a15f6af6c","ab22df62409bbddbd2fcd632842131d1f51f76cf5ae2350565275e777108c030","Indeed","Head of Global Partnerships & Alliances","Antarctica","Hybrid work in Mumbai, Maharashtra","058dc4c47d338a2f5c884bd53f474ad1e1920a8bc83db1b98a9ede4e6654a890","1","5","5","E","Materialized evaluation exists under active context fingerprint ""fbcfc83c5f8e7257aa2b92e1fbd91acfebf47c5f4ca3fcd167def146839b0ba9"", but serving adapter rendered evaluationState=LEGACY."
"328","8bfc77388771e8af","4b73f3d591bafb773ed11714ae96d78bdb21059380fae81e3c7933c984697e90","Naukri","VP, Engineering","Velsera","Pune","b48947e5d62a300b871b60ab5ee6fb03c78a4e3fdfd751de691252a9ed15b7b2","1","6","6","E","Materialized evaluation exists under active context fingerprint ""fbcfc83c5f8e7257aa2b92e1fbd91acfebf47c5f4ca3fcd167def146839b0ba9"", but serving adapter rendered evaluationState=LEGACY."
"329","8c003726968fe99f","fb542c5f9223aea14e298dc490981a1488fc5c614ee3696bef10982b6a0b6f54","Naukri","General Manager - Finance & Commercial, Beverage Industry, Mohali","Hire Resources","Ludhiana, Mohali, Panchkula","ae372750ec95a4bfb25d87ac44d5c0fd6de3cec0f9ecf8f13f41a73c95b14aac","1","5","5","E","Materialized evaluation exists under active context fingerprint ""fbcfc83c5f8e7257aa2b92e1fbd91acfebf47c5f4ca3fcd167def146839b0ba9"", but serving adapter rendered evaluationState=LEGACY."
"330","8c047b413ca62b60","1a2a9542e7aa9901f29940410710a86640a0da528c4c79d98221ddffa4d1174a","Indeed","Chief Manager - Performance Marketing","Saaki Argus & Averil Consulting","Chennai, Tamil Nadu","eec8f26a8856361521fc144079a792b01c3c3113c1ffc04ff662910e714c21ba","1","5","5","E","Materialized evaluation exists under active context fingerprint ""fbcfc83c5f8e7257aa2b92e1fbd91acfebf47c5f4ca3fcd167def146839b0ba9"", but serving adapter rendered evaluationState=LEGACY."
"331","8d5bf713efcdf213","707c65f950a10612f069906716c0cbd80a242e9fc0240c57b2a722ac12ada904","LinkedIn","Head Marketing","Golden Opportunities","Delhi, India (On-site)","96f0cbfb9bf560589c4ea0529a5ed49af33e22a6c7d2179bf4e6d83b73ca7f5d","1","5","5","E","Materialized evaluation exists under active context fingerprint ""fbcfc83c5f8e7257aa2b92e1fbd91acfebf47c5f4ca3fcd167def146839b0ba9"", but serving adapter rendered evaluationState=LEGACY."
"332","8d691c97f3432987","177ffba8dfb672a0f926983c7c842113c4b32b7a8e22237cb6717c94c06da7e9","Naukri","LiquiLoans - Head - Growth Strategy (10-15 yrs)","Liquiloans","Mumbai","24caa0fb5f6b642ea52c3c7823d728df8abd51ccc299f20047a588c4310cdd0d","1","5","5","E","Materialized evaluation exists under active context fingerprint ""fbcfc83c5f8e7257aa2b92e1fbd91acfebf47c5f4ca3fcd167def146839b0ba9"", but serving adapter rendered evaluationState=LEGACY."
"333","8f363a47657a5010","7bbb6d8d9a86a6f121f84fe295cd75307600ea6316e7dcf4333edb5857bb82ae","Indeed","Senior Manager - Product Marketing","InMobi","Bengaluru, Karnataka","1d7a1ae2fc11ae8e93433ad483dee86a9af0bb2eea1cbb580790422ce7836169","1","5","5","E","Materialized evaluation exists under active context fingerprint ""fbcfc83c5f8e7257aa2b92e1fbd91acfebf47c5f4ca3fcd167def146839b0ba9"", but serving adapter rendered evaluationState=LEGACY."
"334","8fae4df4776a86d2","a87dc5dcd43a30adcf701f308ecd7994690ce8189bfdbdf152278a90062734b1","Naukri","ACN S&C-GN-Strategy-Corporate Strategy & Growth - Manager","Accenture","Gurugram","cec461dd3323aad31a970b849fba705ba232ec60981b88a67d28776ee01603b4","1","5","5","E","Materialized evaluation exists under active context fingerprint ""fbcfc83c5f8e7257aa2b92e1fbd91acfebf47c5f4ca3fcd167def146839b0ba9"", but serving adapter rendered evaluationState=LEGACY."
"335","9236ed9d2c41e53c","f29430a5ed3e7825d33874ce848fadec4f100a471faa20376aed2a3aacf523db","Naukri","Head - PED","Lead Hr Services","Chennai","d72492eb0f38941503376a8c58bbcf8e143114adb727ec7f9ef4b1d098ef779f","1","5","5","E","Materialized evaluation exists under active context fingerprint ""fbcfc83c5f8e7257aa2b92e1fbd91acfebf47c5f4ca3fcd167def146839b0ba9"", but serving adapter rendered evaluationState=LEGACY."
"336","92a9e10cd988ad82","0fa21e6aacbf8e27f5500dcc65694078f366ca44d62fb1e013248091552d49a6","Naukri","Head - Digital Marketing - Financial Services (14-20 yrs)","Dimensions HRD Consultants","Mumbai","cd74da0d3c9c06187bb5e94b09a3b33f3bad2b16c123ec6a036f1826a3124982","1","5","5","E","Materialized evaluation exists under active context fingerprint ""fbcfc83c5f8e7257aa2b92e1fbd91acfebf47c5f4ca3fcd167def146839b0ba9"", but serving adapter rendered evaluationState=LEGACY."
"337","92d1c22e59ec97ae","0841cc64da537ec35f6955be9431687ec327b57281939545af92d82e8d9e2a1e","Naukri","Project Manager - Wealth Management","Optimum Solutions","Hybrid - Pune, Chennai","df16a94eb1c93e89f1ace697d08213272090a85225aca30607e2aa4c51b3e4ed","1","5","5","E","Materialized evaluation exists under active context fingerprint ""fbcfc83c5f8e7257aa2b92e1fbd91acfebf47c5f4ca3fcd167def146839b0ba9"", but serving adapter rendered evaluationState=LEGACY."
"338","932434afd2dc1341","fe453d289ae30dc8d2a4c12919a8c33a6d32ec6cd1c939b13dd35f7a2cef5179","Naukri","Engineering Manager VP","Barclays","Pune","0f991c0f2ec66b730f71951aea3a87a99f4f3ced956e277d63f09b3f2b1fdd10","1","6","5","E","Materialized evaluation exists under active context fingerprint ""fbcfc83c5f8e7257aa2b92e1fbd91acfebf47c5f4ca3fcd167def146839b0ba9"", but serving adapter rendered evaluationState=LEGACY."
"339","939ec0a92d802a8e","d8690659d418a5267e50b4d91c8cdf82cdb2985469fe6a1cba3bdb4511b7717e","Naukri","Medical Director/Sr. Consultant - Oncology","Benovymed Healthcare Private Limited","Kolkata","cc67b0220fe48c525d018a6e4359e396a9112324b56b42fb9da35f4dbc0ce00c","1","5","5","E","Materialized evaluation exists under active context fingerprint ""fbcfc83c5f8e7257aa2b92e1fbd91acfebf47c5f4ca3fcd167def146839b0ba9"", but serving adapter rendered evaluationState=LEGACY."
"340","953a756050d43968","8559347a1b8e2b572371d130abe59bcfe081e2cd0f41ef3650b195775c1dbbc9","Indeed","Vice President - Business Development (West)","Easebuzz Pvt Ltd","Mumbai, Maharashtra","8e5446998323d7b86912e7a51c51735b35baaf77ee799e450c23188a6eece0df","1","5","5","E","Materialized evaluation exists under active context fingerprint ""fbcfc83c5f8e7257aa2b92e1fbd91acfebf47c5f4ca3fcd167def146839b0ba9"", but serving adapter rendered evaluationState=LEGACY."
"341","95e992b8dd1e44a5","27c6d828d89c750d9bca5634d916672ba0b9254c8421011fc18925796eeb7378","Naukri","Zycus - Director - Marketing (10-13 yrs)","Zycus Infotech","Mumbai, Bengaluru","1add792c21a9ba5540853b14854b69a1df1d46e278512c0d6eedfec664028526","1","5","5","E","Materialized evaluation exists under active context fingerprint ""fbcfc83c5f8e7257aa2b92e1fbd91acfebf47c5f4ca3fcd167def146839b0ba9"", but serving adapter rendered evaluationState=LEGACY."
"342","96ad38c9f9af93ed","a540c672c2b6c04345ad6a80b4408531326d52ed152f1d32b0ab8c86771fac74","Naukri","Associate Director/ Director Executive Compensation","Jubilant Pharmova","Noida(Sector 16A)","4d97c99f4c9ef4c125537acda1f3bac13b48eb5985e1d6572a5b9ab8f823b86a","1","5","5","E","Materialized evaluation exists under active context fingerprint ""fbcfc83c5f8e7257aa2b92e1fbd91acfebf47c5f4ca3fcd167def146839b0ba9"", but serving adapter rendered evaluationState=LEGACY."
"343","972f0d4f908e4f1c","67b4cb8bbfce3b0cc1aa4605b3f0de0411bccd54063bcfbbadd0cf370f7b51a4","Naukri","Deputy General Manager  - Learning & Organization Development - Manufacturing (12-20 yrs)","Career Usher","Gurugram","3a6b1db4a2179bff695b4adc3f11690cd845bd80a52ba1e98b7026bae3a95d5c","1","5","5","E","Materialized evaluation exists under active context fingerprint ""fbcfc83c5f8e7257aa2b92e1fbd91acfebf47c5f4ca3fcd167def146839b0ba9"", but serving adapter rendered evaluationState=LEGACY."
"344","975673445358b83c","f9f8028525a0915d5e2c1b9dd0648aadc71a45efa2416ab9f4f7dc10051908a8","Naukri","International RGM Future Capabilities Director","Pepsico","Gurugram","c2d256c02b527a98381687f3fc1dedfa464fc2721b89fd2ada7dd3f1da182ce5","1","5","5","E","Materialized evaluation exists under active context fingerprint ""fbcfc83c5f8e7257aa2b92e1fbd91acfebf47c5f4ca3fcd167def146839b0ba9"", but serving adapter rendered evaluationState=LEGACY."
"345","98a2922b6f6abb62","b35d8351bb405a258278de6e9696f9fcd8ac4065ae02928f77d22e7b746f8018","Naukri","Vice President","KP Group","Surat","8a86e5fc4d6484ca4718f59d6cca63d02c5512feed5d6ea53c9857837bc1bb9a","1","5","5","E","Materialized evaluation exists under active context fingerprint ""fbcfc83c5f8e7257aa2b92e1fbd91acfebf47c5f4ca3fcd167def146839b0ba9"", but serving adapter rendered evaluationState=LEGACY."
"346","98ad6eac4bcd67aa","85fac65ed04a96724f0799144d3cfc1030971ecfbd977b24c1dd19f6c7463392","Naukri","Vice President Fundraising Ethnus Foundation","Ethnus","Bengaluru","14de1061dd7bd13363f9bff83cb34ec684b1862e7e7d03b6120c57bef1f91082","1","5","5","E","Materialized evaluation exists under active context fingerprint ""fbcfc83c5f8e7257aa2b92e1fbd91acfebf47c5f4ca3fcd167def146839b0ba9"", but serving adapter rendered evaluationState=LEGACY."
"347","98c1f1ff96bb8ea0","661311506fff1931353f6445e850f4f3c41fc21dab232cf2b2ecba79a8f20e2e","Naukri","Vice President/Head - Marketing - Boiler Manufacturing Firm (20-25 yrs)","Growel Softech","Mumbai","8d0f35003662422f976e7ab1db4b4d82f1c18f5fe0b972d3a327c7b917d5d803","1","5","5","E","Materialized evaluation exists under active context fingerprint ""fbcfc83c5f8e7257aa2b92e1fbd91acfebf47c5f4ca3fcd167def146839b0ba9"", but serving adapter rendered evaluationState=LEGACY."
"348","991311c80f265aad","d7a8d5af2a1f73e12a1d371bedff869b93f16f02cc1f3e0daaa6173dab50861f","Naukri","Marketing Head","RMX Industries","Jalandhar","2928d1c28fafd6b9a0840f5c4f7e2596ca3bb0a187422c7c4f90d98be0683754","1","5","5","E","Materialized evaluation exists under active context fingerprint ""fbcfc83c5f8e7257aa2b92e1fbd91acfebf47c5f4ca3fcd167def146839b0ba9"", but serving adapter rendered evaluationState=LEGACY."
"349","996ef2689bad8043","7dcba829a645cbb1ed240b1f6d99f3b73d8666c469d7970cd3181eab3d628888","Naukri","Chief Medical Officer","Seven Consultancy","Hyderabad","1513b76cf96ab6ebf04dbbb9559fcc8e15b3bbe3030bb94811cc275d504be72d","1","5","5","E","Materialized evaluation exists under active context fingerprint ""fbcfc83c5f8e7257aa2b92e1fbd91acfebf47c5f4ca3fcd167def146839b0ba9"", but serving adapter rendered evaluationState=LEGACY."
"350","9a328e9a5c487ecb","df01048d79bf3485b0259f2c1fa0a289af153505fc86ba400d47c32f3d369b03","LinkedIn","Marketing Director","Nians","India (Remote)","b40d80e2419421af60186eb712ab046bfab9b0192af60f9c4173853f5c81849c","1","5","5","E","Materialized evaluation exists under active context fingerprint ""fbcfc83c5f8e7257aa2b92e1fbd91acfebf47c5f4ca3fcd167def146839b0ba9"", but serving adapter rendered evaluationState=LEGACY."
"351","9aa118fdfcfd0b31","b1771058bbf52d0802ae54f6d5a8bb579145b31e8f4d72666244f3f4e129660b","Naukri","VP - Engineering (Remote: India)","Byteridge","Remote","104494fc659c70184f7711f603b8adf29987b5995e3fbfdba97f68fb2ada2906","1","6","5","E","Materialized evaluation exists under active context fingerprint ""fbcfc83c5f8e7257aa2b92e1fbd91acfebf47c5f4ca3fcd167def146839b0ba9"", but serving adapter rendered evaluationState=LEGACY."
"352","9c467adf96699b3e","54480e4851cf50a3112c81a251ef0fd529e4104f474f3885c9f5fd08fac3f52c","Indeed","Lead Generation Head","Saaki Argus & Averil Consulting","Noida, Uttar Pradesh","91da33234641de26a2b34726aa2e9faec6dd241181dabffa3b3d89280a77bd5a","1","5","5","E","Materialized evaluation exists under active context fingerprint ""fbcfc83c5f8e7257aa2b92e1fbd91acfebf47c5f4ca3fcd167def146839b0ba9"", but serving adapter rendered evaluationState=LEGACY."
"353","9c62b20ca551c091","2f9e9770c1d6d101c2b8318be87e131b803f77b9aedb795c0d59c0dfbbfbd018","Naukri","Director - Corporate Communications (18-25 yrs)","Mancer Consulting Services","Gurugram","8d9639c593d85459547f09816e8ade1cabfca0d8d3b9e356f4f97f33cd08f01c","1","5","5","E","Materialized evaluation exists under active context fingerprint ""fbcfc83c5f8e7257aa2b92e1fbd91acfebf47c5f4ca3fcd167def146839b0ba9"", but serving adapter rendered evaluationState=LEGACY."
"354","9cd7b0f0e19eb8b7","33a0d19fc395421945be09d420a1444699726d847aeb10c5dae9b26473b095bf","LinkedIn","Head of Marketing/ Team Lead- Digital Marketing","Blufig","Bengaluru South, Karnataka, India (On-site)","e0c3c28f53ededd83a38cb072779d79b8153e688bb0ecac061e7d55a0b4cd5f1","1","5","5","E","Materialized evaluation exists under active context fingerprint ""fbcfc83c5f8e7257aa2b92e1fbd91acfebf47c5f4ca3fcd167def146839b0ba9"", but serving adapter rendered evaluationState=LEGACY."
"355","9d9cdadd62abb8e5","f2a0047fe668d34d3e0ed3f6bda4e02f37eb77cbd039af2d295e44716aa05ed6","Naukri","Engineering Manager VP","Barclays","Pune","ae461ecd68019cc111fa130654cbf9891fb78fba8dbc436f9643c5b343017f1e","1","6","6","E","Materialized evaluation exists under active context fingerprint ""fbcfc83c5f8e7257aa2b92e1fbd91acfebf47c5f4ca3fcd167def146839b0ba9"", but serving adapter rendered evaluationState=LEGACY."
"356","9de57415b5a231e6","77abfe2b0200a32d0bafec941cb007049b36e4d3e8ed47628ccdae56f643deca","Naukri","Chief Marketing Officer & BD","People Process Teck","Pune","95a55d9e91c684aaf25b2ce36e1ac8114b7a2e0d39d86f4df88e2f12900c9962","1","5","5","E","Materialized evaluation exists under active context fingerprint ""fbcfc83c5f8e7257aa2b92e1fbd91acfebf47c5f4ca3fcd167def146839b0ba9"", but serving adapter rendered evaluationState=LEGACY."
"357","9dfc57d3f9279d13","80a3eb446f18f23c2aefee67516739ee2de3c0fec631feef94d390634093eaa8","Naukri","Assistant Vice President - Customer Relationship Management","SBI SG","Mumbai","f5f26b3482e68e85536feb1753fc29fdc9615d7b054fecb5149cf38951b088d1","1","5","5","E","Materialized evaluation exists under active context fingerprint ""fbcfc83c5f8e7257aa2b92e1fbd91acfebf47c5f4ca3fcd167def146839b0ba9"", but serving adapter rendered evaluationState=LEGACY."
"358","9e2ddf8aa2eb2eec","dc103988d85192f5fe65881045f9f7673df102a874c6d3408d5a7a84ac291c19","Naukri","Senior HR PMO & AI Enablement Manager","Axa Xl","Gurugram, Bengaluru","922f6d8223389e408529290765f75b5e3fabe2841a289e82f02b42b2cea0873b","1","5","5","E","Materialized evaluation exists under active context fingerprint ""fbcfc83c5f8e7257aa2b92e1fbd91acfebf47c5f4ca3fcd167def146839b0ba9"", but serving adapter rendered evaluationState=LEGACY."
"359","9e4fc823c98e4e62","dd4ea95f2985b2dc5e4ed9a343d7352d1d716aebdcff8c1ca5e623350908d0da","Naukri","VP, Employee Success Business Partner","Salesforce","Bengaluru","1ff18579e1a4eff36872b69ac558166b3e3b071c571fe897c900d28135a01a4c","1","6","6","E","Materialized evaluation exists under active context fingerprint ""fbcfc83c5f8e7257aa2b92e1fbd91acfebf47c5f4ca3fcd167def146839b0ba9"", but serving adapter rendered evaluationState=LEGACY."
"360","9e699e7226440ef9","b14f37d44e3f5056eaf02b6e861b3dc902d18b9bb0ca23a35b3d4d7a51469078","Naukri","Program Lead - India Strategy Private Bank","Barclays","Mumbai","cc2793d7f941989694976c810621c3c7422b7db0d10aa9bcbb5f1894b4710cde","1","5","5","E","Materialized evaluation exists under active context fingerprint ""fbcfc83c5f8e7257aa2b92e1fbd91acfebf47c5f4ca3fcd167def146839b0ba9"", but serving adapter rendered evaluationState=LEGACY."
"361","9e7a457e9145db52","b84bb2dbf7af042e0bfc15f8cbc9f74a6f29cca09b13e17cb1c8ec642105b1d4","Naukri","Sales Head","Oxycure","Gurugram","4d6cea8e760bb49dec3110d7a355c1192d545a23bed8cc8ed695d43ff836f035","1","5","5","E","Materialized evaluation exists under active context fingerprint ""fbcfc83c5f8e7257aa2b92e1fbd91acfebf47c5f4ca3fcd167def146839b0ba9"", but serving adapter rendered evaluationState=LEGACY."
"362","9eb382a6e9c13e50","eb4331f3fd5ee165cd23731dc9fa0fab9285d8aa4372a32a1ed1e2b19943c8a7","LinkedIn","Sr. Product Manager, IN CX Improvements, Amazon Customer Service","Amazon","Bengaluru, Karnataka, India (On-site)","8d283dd03c351d66c04392461fa309822843c9b7370ea75ffaa18815f2245e44","1","5","5","E","Materialized evaluation exists under active context fingerprint ""fbcfc83c5f8e7257aa2b92e1fbd91acfebf47c5f4ca3fcd167def146839b0ba9"", but serving adapter rendered evaluationState=LEGACY."
"363","9f066afed01a48e9","c5dfe6be167b633ff450cdd352ba55f1faf6deea9be4c8c956bfe83265d6e800","Naukri","Marketing Head","Plastemartjobs","Mumbai","d88aef4a8f47d02b9bb73fd8f1fe7a48ae3a8f712ad977dfca3ec124124c4e55","1","5","5","E","Materialized evaluation exists under active context fingerprint ""fbcfc83c5f8e7257aa2b92e1fbd91acfebf47c5f4ca3fcd167def146839b0ba9"", but serving adapter rendered evaluationState=LEGACY."
"364","a018a6ee59d8128a","f6189857be1011642c5351d6c323c8c53bcdd5d69fe2b437aeadf9770d49191f","Naukri","Marketing Head - Luxury Hospitality","ONE Atmosphere","Gurugram(Sector 74)","6c8edaba559cb9232ddbaa0336f48528e444ad15f666e2fd87d6b3ba8c2b3e64","1","5","5","E","Materialized evaluation exists under active context fingerprint ""fbcfc83c5f8e7257aa2b92e1fbd91acfebf47c5f4ca3fcd167def146839b0ba9"", but serving adapter rendered evaluationState=LEGACY."
"365","a055441a59519fac","ac86942a74ac08ce40a38f6fc43b0106d79a46ac4de67ffbea1a907972977374","Indeed","Chief manager Customer Life Cycle","Invokhr","Gurugram, Haryana","cca15b4e28d59112ce2cd94fc10cf32fbf5708d801cbca90d58e823a34995357","1","5","5","E","Materialized evaluation exists under active context fingerprint ""fbcfc83c5f8e7257aa2b92e1fbd91acfebf47c5f4ca3fcd167def146839b0ba9"", but serving adapter rendered evaluationState=LEGACY."
"366","a06e420a9bad5ffb","2690c9f4b36d7fd7519e6a07ee6cae4be57d7f1bc8c0b6e0fe746d944c8909e5","LinkedIn","Director / Senior Manager, Test Engineering","ValGenesis","Hyderabad, Telangana, India (On-site)","8f448dd264918259823d9478c4717bba972624023c0240bbbfa5a69f52591cd9","1","5","5","E","Materialized evaluation exists under active context fingerprint ""fbcfc83c5f8e7257aa2b92e1fbd91acfebf47c5f4ca3fcd167def146839b0ba9"", but serving adapter rendered evaluationState=LEGACY."
"367","a19e2b2e825cd2df","c6ce69ac33153662cc26ee2a89e7c89a54144a0b0b2690145e1d8ef6683e363f","Naukri","Vice President","AnnexMed","Kolkata, Mumbai, New Delhi, Hyderabad, Pune, Chennai, Bengaluru","b6502be7d2fc769732f82fd0b089f1cc149aba7e1cb680b831cdc18d9ed02931","1","5","5","E","Materialized evaluation exists under active context fingerprint ""fbcfc83c5f8e7257aa2b92e1fbd91acfebf47c5f4ca3fcd167def146839b0ba9"", but serving adapter rendered evaluationState=LEGACY."
"368","a1ffff3196ec252c","8aead10f0a1fe07c003f14988fa63a2d3975b22a701d7c4721be5cf10aef1d8f","Naukri","Senior VP – Marketing -Polymers","Assort 1 Corp Services Limited","Mumbai","c1efe5eeab1c8b20bb08c8b44045e230feae2d12203dc2d96d5346abaf45687c","1","6","6","E","Materialized evaluation exists under active context fingerprint ""fbcfc83c5f8e7257aa2b92e1fbd91acfebf47c5f4ca3fcd167def146839b0ba9"", but serving adapter rendered evaluationState=LEGACY."
"369","a2094d3694b9e49d","c2a5cc53de24eec5a6fc112b55beb74abf2e2ffc02ecb0e100927dc9a7a78e02","Naukri","Info Edge - Head - Growth - iimjobs & hirist (8-12 yrs)","Quadrangle","Noida","98e8ee575b74ad6d98f2676d0ff9c650fd301e144c8be902153d8b78f40fc9fa","1","5","5","E","Materialized evaluation exists under active context fingerprint ""fbcfc83c5f8e7257aa2b92e1fbd91acfebf47c5f4ca3fcd167def146839b0ba9"", but serving adapter rendered evaluationState=LEGACY."
"370","a2957ed693dfac92","18812bb1117c3db33d8d20a5321f7afdff375f979bfaa8a21f92a8ef108bbdf7","Indeed","VP -Business Operation-India /Global","Benovymed Healthcare","Delhi, Delhi","7e48e28aa3e3d18c5054cf1c8cc4c93291e16579589312697ee790b2bcddca71","1","6","6","E","Materialized evaluation exists under active context fingerprint ""fbcfc83c5f8e7257aa2b92e1fbd91acfebf47c5f4ca3fcd167def146839b0ba9"", but serving adapter rendered evaluationState=LEGACY."
"371","a2abcb88ea66e940","74ef1a4c573533b76cb54f2ea4a7646e4da7b99295cbc19aae963077ff39d75d","Naukri","Assistant Vice President Digital Transformation","Spencer N Hills Consulting","Noida","63b1b308b252acef91551eb6c421e1a79cea37a473e19abcf498b7b60d78908f","1","5","5","E","Materialized evaluation exists under active context fingerprint ""fbcfc83c5f8e7257aa2b92e1fbd91acfebf47c5f4ca3fcd167def146839b0ba9"", but serving adapter rendered evaluationState=LEGACY."
"372","a2db2348b1089f52","114eedfec37bc6546def946c4ce9884999034a3ea8d3a4e7ae41b3057a8b8f0c","Naukri","Medical Director/Sr. Consultant - Oncology","Benovymed Healthcare Private Limited","Faridabad","df9b482fc320b1063ce9cef0365850ade789490c155092b854bf76c07de18142","1","5","5","E","Materialized evaluation exists under active context fingerprint ""fbcfc83c5f8e7257aa2b92e1fbd91acfebf47c5f4ca3fcd167def146839b0ba9"", but serving adapter rendered evaluationState=LEGACY."
"373","a2f875158f09e4ba","692ef19e2ba327d9400c28422e054905555ba5588577caaab5e1e64ba698d715","Naukri","Head - Digital Marketing - Financial Services (14-20 yrs)","Dimensions HRD Consultants","Mumbai","bc47b5a030d22e588d58c987e366fc58bf5e60447179024d80a4a553c1da4354","1","5","5","E","Materialized evaluation exists under active context fingerprint ""fbcfc83c5f8e7257aa2b92e1fbd91acfebf47c5f4ca3fcd167def146839b0ba9"", but serving adapter rendered evaluationState=LEGACY."
"374","a3206dfc65916e1b","9d20691679ffcca5838e929aeaf4e7caf29979be1f6e96e470182a6d8e6f6c4a","Naukri","Vice President, CMO/CDMO (International Business Development)","Upahar India","Hyderabad, Mumbai (All Areas)","4760f7578aa6e75f014216e345f6825998096f160551377caed0ae3d4f4c1c04","1","5","5","E","Materialized evaluation exists under active context fingerprint ""fbcfc83c5f8e7257aa2b92e1fbd91acfebf47c5f4ca3fcd167def146839b0ba9"", but serving adapter rendered evaluationState=LEGACY."
"375","a35cfc6231bb54b1","d8c31b3ecb896151cd1400a229eb737da947cec2ade9ffafc73861a73f39be97","Indeed","VP - Head of Sales – Global Markets","ValueMentor","Kochi, Kerala","621795b9f5d292ff2d4161da7d809ea97ad4989fb0b2684ee021bacaab3827c9","1","6","6","E","Materialized evaluation exists under active context fingerprint ""fbcfc83c5f8e7257aa2b92e1fbd91acfebf47c5f4ca3fcd167def146839b0ba9"", but serving adapter rendered evaluationState=LEGACY."
"376","a3888714c7b4ee6d","ad1ff5327b3ebb0e31780df09076e06be82c0b84bc22f98cd40c5fee5b3a9764","Naukri","Origination Coverage, VP","Deutsche Bank","Bengaluru","fe975450ac4437f3b15ff4c9d4614de1ac522aa20b2dbd6b09b94ffc072fc482","1","6","6","E","Materialized evaluation exists under active context fingerprint ""fbcfc83c5f8e7257aa2b92e1fbd91acfebf47c5f4ca3fcd167def146839b0ba9"", but serving adapter rendered evaluationState=LEGACY."
"377","a42b55f58a258b9a","f073f8651dc36900dd2d957c351e8dc32c1952d1a692cb2b414b65ade43625f6","Naukri","Consulting- Regulatory Compliance – Senior Manager","EY","Gurugram, New Delhi, Bengaluru","2f222917641792cde7457c7a0d45fa14562ca09c2d5fbdd0c90c7b8cebf714f6","1","5","5","E","Materialized evaluation exists under active context fingerprint ""fbcfc83c5f8e7257aa2b92e1fbd91acfebf47c5f4ca3fcd167def146839b0ba9"", but serving adapter rendered evaluationState=LEGACY."
"378","a46482672a88272b","aee07d87647daa4f3d19ccd61e4018e896580ce54b82d0b1c3ad7a46c25e8c8c","Naukri","Head - Marketing & Growth","Dr B Lal Clinical Laboratory","Jaipur(Malviya Nagar)","8ff7b98937d9e867670603b4d785ec4545a6743057da00f0a24cb10fbd1a9580","1","5","5","E","Materialized evaluation exists under active context fingerprint ""fbcfc83c5f8e7257aa2b92e1fbd91acfebf47c5f4ca3fcd167def146839b0ba9"", but serving adapter rendered evaluationState=LEGACY."
"379","a485d812fabd4449","b40822dc900f32d2378e2c9ef3a284b021d032dbedb3531d6eb9e26e9c376b71","LinkedIn","Program Director – Digital Engineering Programs","Quantiphi","Bengaluru, Karnataka, India (Hybrid)","4fabea9c5e9e3ec9dc0a19659b93f083a05f1edf5fa0b90c79b2b269146aa949","1","5","5","E","Materialized evaluation exists under active context fingerprint ""fbcfc83c5f8e7257aa2b92e1fbd91acfebf47c5f4ca3fcd167def146839b0ba9"", but serving adapter rendered evaluationState=LEGACY."
"380","a4de36418e4b8220","5446cf621bdaebf6bd50d570a372efc24f1cd9210d764fc5139d6b839ce007e5","Naukri","Vice President","Quadrangle","Bengaluru","15215731d26a49a506bbaaad8f9c700c3b34ad2566810f01200ddac31a80c65b","1","5","5","E","Materialized evaluation exists under active context fingerprint ""fbcfc83c5f8e7257aa2b92e1fbd91acfebf47c5f4ca3fcd167def146839b0ba9"", but serving adapter rendered evaluationState=LEGACY."
"381","a54408eff7848f20","f803a61e10a26eb2feac32b8106c84b98d63f3287036e0868a938ae0584ff65a","Naukri","VP Finance Control Assurance","Barclays","Gurugram","2e93503d73a04e45d80752054869f84478e23c7c6a8ea7a17bac01305faae3b4","1","6","6","E","Materialized evaluation exists under active context fingerprint ""fbcfc83c5f8e7257aa2b92e1fbd91acfebf47c5f4ca3fcd167def146839b0ba9"", but serving adapter rendered evaluationState=LEGACY."
"382","a5ede76adcf7fe12","179b13feb3979a0f45ac1d22d4e89ded0c76d184c54b16f079adf0ae2ca2383b","Indeed","VP/SVP - India Sales","Saaki Argus & Averil Consulting","Mumbai, Maharashtra","9226a2612401226f1d93972a2f5b86420cbbbd18d2fea037f1c05b77b613a548","1","6","6","E","Materialized evaluation exists under active context fingerprint ""fbcfc83c5f8e7257aa2b92e1fbd91acfebf47c5f4ca3fcd167def146839b0ba9"", but serving adapter rendered evaluationState=LEGACY."
"383","a664105dbe88a19e","3b343a011bd5cd778f26fab03d9a10209b4465da62dd381a571ebcd74088df5c","Naukri","Head - Customer Insights","Forward","Mumbai","e65b067c6f9a18742f000cfe2be918dd000e3c663b09d4a9e1d804577babe74d","1","5","5","E","Materialized evaluation exists under active context fingerprint ""fbcfc83c5f8e7257aa2b92e1fbd91acfebf47c5f4ca3fcd167def146839b0ba9"", but serving adapter rendered evaluationState=LEGACY."
"384","a6d7cf561a29b7c1","9174464cfafbb54d33a10f997c33408ba20acb84ca35ed4755359155c8ba6ca2","LinkedIn","Global Head Digital Marketing","Ascendion","Bengaluru, Karnataka, India (On-site)","40dcf12e39c481b50c850e2dd66a30568a0938f88a9d71f0c21873a464adbf60","1","5","5","E","Materialized evaluation exists under active context fingerprint ""fbcfc83c5f8e7257aa2b92e1fbd91acfebf47c5f4ca3fcd167def146839b0ba9"", but serving adapter rendered evaluationState=LEGACY."
"385","a796a79390ac62ff","a579c1d08d832d9506b655df3151f76ed3ac0f0730a67093f6b2658bbdee275c","Naukri","Group Operations Manager - Bank (18-28 yrs)","Pylon Management Consulting","Gurugram","4861e6b61a93d112b812569ad408ace7ea5e31cb28bccc45e5bc85591a60cd42","1","5","5","E","Materialized evaluation exists under active context fingerprint ""fbcfc83c5f8e7257aa2b92e1fbd91acfebf47c5f4ca3fcd167def146839b0ba9"", but serving adapter rendered evaluationState=LEGACY."
"386","a7cba44f881ad4ae","867028710e5a0e466ecf0749fcb47ef1e8673c2100a5c108bc987c184642ba92","Naukri","Head of Referral Partners","SI UK","Noida","beb4e8f36f01f6d19a9dcd1b9ba8fbb378ce5737a6e8f7cb06e76f6d63f8bb34","1","5","5","E","Materialized evaluation exists under active context fingerprint ""fbcfc83c5f8e7257aa2b92e1fbd91acfebf47c5f4ca3fcd167def146839b0ba9"", but serving adapter rendered evaluationState=LEGACY."
"387","a8028429ce685dc8","4f8e8af5d8357ad3553ec726ef8694798750697c48c1bc6ce0607f256dd48763","Naukri","Head Customer Success","Info Edge","Noida","435d9b6f8f0b424e13202aea0849b16d80bae6b9357452cedd859a61efc0082f","1","5","5","E","Materialized evaluation exists under active context fingerprint ""fbcfc83c5f8e7257aa2b92e1fbd91acfebf47c5f4ca3fcd167def146839b0ba9"", but serving adapter rendered evaluationState=LEGACY."
"388","a859b15601c7a48c","2f47741a9cd2b999278d794e75ed1ed0e8c132a037a08cb2f4b5f943ebd86682","Naukri","Director","Future Gate Hr Solutions","Ahmedabad, Bengaluru, Vadodara","947aa678e2b8c847073674411aec552769a17c20af2dcf87f0284dc149dad7cb","1","5","5","E","Materialized evaluation exists under active context fingerprint ""fbcfc83c5f8e7257aa2b92e1fbd91acfebf47c5f4ca3fcd167def146839b0ba9"", but serving adapter rendered evaluationState=LEGACY."
"389","a864d2989e0e1ff5","624ef5593598f4a26db86dbe35954e7d4e7e69ce31fc9740cc5f029efc31f1a0","Naukri","Associate Director-Public Finance -Govt/Infra-15 Years -Pune/Mumbai","Crescendo Global Leadership Hiring India","Hybrid - Gurugram, Mumbai, Pune","f75388d6ea4ff8de6a650278847ad57b1c7c45850c03b6fe26a0ecb07bd6245d","1","5","5","E","Materialized evaluation exists under active context fingerprint ""fbcfc83c5f8e7257aa2b92e1fbd91acfebf47c5f4ca3fcd167def146839b0ba9"", but serving adapter rendered evaluationState=LEGACY."
"390","a884f118d4feb088","7d4496bf7aafd247e6ec192015bca34ca1ee1f752972b454b26937e390e9f89d","LinkedIn","VP - Engineering (Remote: India)","Byteridge","India (Remote)","4cac1c6920e3db298cc7afab7e376e56dbce67844fc3829cb3e0697b1877784e","1","6","6","E","Materialized evaluation exists under active context fingerprint ""fbcfc83c5f8e7257aa2b92e1fbd91acfebf47c5f4ca3fcd167def146839b0ba9"", but serving adapter rendered evaluationState=LEGACY."
"391","a893ff320a52d377","00d71e280f68297c7b3b14b9fc95c79dd7eaae25ac5f352eebf5426e6090c398","Naukri","Deputy Vice President - Digital Partnership","Forward","Mumbai, Bengaluru","f5dfc95b281232791ef9097a429edb5cc6181a89077b13fabdadce425d63eab1","1","5","5","E","Materialized evaluation exists under active context fingerprint ""fbcfc83c5f8e7257aa2b92e1fbd91acfebf47c5f4ca3fcd167def146839b0ba9"", but serving adapter rendered evaluationState=LEGACY."
"392","a91a600a98c9fecf","a411a987bf3db29501baa44db4fec663c2ce2d249dc1b6f999d825de400a6f85","Naukri","SeviceNow Director (16-25 yrs)","Mancer Consulting Services","Gurugram","7e6d7c09345a004314476e2a29f160459397ff0a675ba075a3325cf61571e3be","1","5","5","E","Materialized evaluation exists under active context fingerprint ""fbcfc83c5f8e7257aa2b92e1fbd91acfebf47c5f4ca3fcd167def146839b0ba9"", but serving adapter rendered evaluationState=LEGACY."
"393","a9391a756473da98","2df7b26a01f9c312cddf3f97a77520f73f4dc15915f6fe9258b09b065fcc3709","Naukri","Director - Corporate Communications (18-25 yrs)","Mancer Consulting Services","Gurugram","34f8ca0fd5913c1a2291ab0b65f9dbece9fa8d43dbeb1c7ae6b1ab1a4f63ddec","1","5","5","E","Materialized evaluation exists under active context fingerprint ""fbcfc83c5f8e7257aa2b92e1fbd91acfebf47c5f4ca3fcd167def146839b0ba9"", but serving adapter rendered evaluationState=LEGACY."
"394","aa30e3d88a73ec37","918c083f011a8db6882267c7328bf1213254286dbaec34669d647fcab9a8f8cd","Naukri","Chief Revenue Officer","SKS Enterpprises","Gurugram","374f9911d490e4925c655f9af255d019260a6ca4487f4fbd6ba4ff2d8d938a62","1","5","5","E","Materialized evaluation exists under active context fingerprint ""fbcfc83c5f8e7257aa2b92e1fbd91acfebf47c5f4ca3fcd167def146839b0ba9"", but serving adapter rendered evaluationState=LEGACY."
"395","aa32c973f4546247","e4c251c45994900a6d20529d939a0af24b071bda1c65a272d3339d1bd7ea6d4a","LinkedIn","0001-Vice President, Implementation Engineering","Innovaccer","Noida, Uttar Pradesh, India (On-site)","6c33725a659ba112ca81c7cbd398f4b358bb06eeab912e5e69c88e65d20df15c","1","5","5","E","Materialized evaluation exists under active context fingerprint ""fbcfc83c5f8e7257aa2b92e1fbd91acfebf47c5f4ca3fcd167def146839b0ba9"", but serving adapter rendered evaluationState=LEGACY."
"396","aa739dcb675fd1f2","bf6e92c9940668b0fd5d27069a6b10e4884dc72469708743a8af667be29b6bcf","Naukri","ServiceNow Tower Head","Wilco Source","Hyderabad","68cc45666eaee89631362547fd2ff7afc89cdbec2820c286e0553e1072b5da6e","1","5","5","E","Materialized evaluation exists under active context fingerprint ""fbcfc83c5f8e7257aa2b92e1fbd91acfebf47c5f4ca3fcd167def146839b0ba9"", but serving adapter rendered evaluationState=LEGACY."
"397","aab8a2550976692b","135258da32d990615e1304a308402c6b83b965a748b203da84564f9e264601f2","Naukri","Sr. Manager- CMO","Sun Pharma","Mumbai","f60003dee3576b3887eac52b4888573e088c849a3a889b3107fcacb5aed1cd95","1","5","5","E","Materialized evaluation exists under active context fingerprint ""fbcfc83c5f8e7257aa2b92e1fbd91acfebf47c5f4ca3fcd167def146839b0ba9"", but serving adapter rendered evaluationState=LEGACY."
"398","aae12a861191da67","27e8a01bde3e1200d2915d9d33d681997ce9937284242bc9d02f8b960117f354","Naukri","Vice President- Consumer Insights","Kantar","Gurugram","082c8e393a9b87fccfadb350d2c12980d5a243e78670ff9ee3c4a60744269ba5","1","5","5","E","Materialized evaluation exists under active context fingerprint ""fbcfc83c5f8e7257aa2b92e1fbd91acfebf47c5f4ca3fcd167def146839b0ba9"", but serving adapter rendered evaluationState=LEGACY."
"399","abd969e5fe32d927","f186e60772c06a0b981669c5fcaf6883d441ef543708f56102a0e73cf03ab948","Naukri","Business Transformation Assoc Director","Accenture","Gurugram","16207b4588c4790de04f62094044f9f371f9d76bb08465d4a0a029e71a015595","1","5","5","E","Materialized evaluation exists under active context fingerprint ""fbcfc83c5f8e7257aa2b92e1fbd91acfebf47c5f4ca3fcd167def146839b0ba9"", but serving adapter rendered evaluationState=LEGACY."
"400","ac1db002fea217f2","5c1fde1c50127e54a6b1aa45b66c4ce4be191efc86191a2f42e387aa1644430e","Indeed","Head of Content Marketing","SkanAI","Remote in India","4ebe24474f3cd19d35d997abfec0e8623b3aab5c93aaa9724112a900bfd4aa5c","1","5","5","E","Materialized evaluation exists under active context fingerprint ""fbcfc83c5f8e7257aa2b92e1fbd91acfebf47c5f4ca3fcd167def146839b0ba9"", but serving adapter rendered evaluationState=LEGACY."
"401","ac3cede41730193c","46badc45f3a5acabb5a92a1692276daae8336cb5f5040e59574155678048c5c5","LinkedIn","Director, Strategy","VaynerMedia","Gurugram, Haryana, India (On-site)","53d4a1dfbdb95f0ca674206956cb357f4c88f94218f5324316ed67b412b2051f","1","5","5","E","Materialized evaluation exists under active context fingerprint ""fbcfc83c5f8e7257aa2b92e1fbd91acfebf47c5f4ca3fcd167def146839b0ba9"", but serving adapter rendered evaluationState=LEGACY."
"402","aca35f0b25229192","922c25339d5578241610f8cfba3df3297cfd606ea978440f9ff4b365a8f1d0fd","Naukri","Regional Sales Head | Enterprise Sales , Warehousing & Transportation","Losung360","Gurugram, Chennai, Mumbai (All Areas)","b3d04e2ee3eda3cf74dc0e610dbba8fd84c9571e1a96be87fc03e2c26389a0d1","1","5","5","E","Materialized evaluation exists under active context fingerprint ""fbcfc83c5f8e7257aa2b92e1fbd91acfebf47c5f4ca3fcd167def146839b0ba9"", but serving adapter rendered evaluationState=LEGACY."
"403","acce4e3023feb430","f813dec63d5e665d12857a1fe14196c8eaf469d1bbf832b1e4c2d689e2390d23","Naukri","Chief Marketing Officer","Fusion Business Solutions","Udaipur","4b19adac55e2763d5deee5184716e23088caa188ee955269f1da2ab4f6cf4ef8","1","5","5","E","Materialized evaluation exists under active context fingerprint ""fbcfc83c5f8e7257aa2b92e1fbd91acfebf47c5f4ca3fcd167def146839b0ba9"", but serving adapter rendered evaluationState=LEGACY."
"404","ace1f1027e78f99b","004f713d355c4863d4f85e1eafb9fe9c5d30930a5e31e245aaf85f649d5ed4c8","Naukri","Zycus - Director - Marketing (10-13 yrs)","Zycus Infotech","Mumbai, Bengaluru","335ae72db1faccb0367e439b6759042ec54bf032d34955fc9192460808dd8f79","1","5","5","E","Materialized evaluation exists under active context fingerprint ""fbcfc83c5f8e7257aa2b92e1fbd91acfebf47c5f4ca3fcd167def146839b0ba9"", but serving adapter rendered evaluationState=LEGACY."
"405","ace875556ca39867","8ef5f54f7e44e492982e31eeb4c9aae534a90939cffafce838faf620a0884753","Indeed","Vice President - Marketing","eastwestpharma","India","3469d55959fdc8d03261fb400bfbaaf27395236bc505be80d41b04b22446e8dc","1","5","5","E","Materialized evaluation exists under active context fingerprint ""fbcfc83c5f8e7257aa2b92e1fbd91acfebf47c5f4ca3fcd167def146839b0ba9"", but serving adapter rendered evaluationState=LEGACY."
"406","aebe8a1e09344203","6bf7ad862b3209338615fc90cd868db1bc1ed8602e0de92b1aa3556036f4f12c","Naukri","Head Automative Business Developer","RJ Consultants","Gurugram","801f9731680230b42a31d2f9afaa953412c3349bd6987a626deb1b8e2c92889c","1","5","5","E","Materialized evaluation exists under active context fingerprint ""fbcfc83c5f8e7257aa2b92e1fbd91acfebf47c5f4ca3fcd167def146839b0ba9"", but serving adapter rendered evaluationState=LEGACY."
"407","aee28abe607005cd","b917845318e26aa9e0888feb69f3b251e3f7be8d805a2d26d37bfb6a33f4f448","Naukri","HRBP Associate Director","Zinnov Management Consulting","Hyderabad, Chennai, Bengaluru","c33781efc49288dca797a507864d224a0b23422e095c1415ebc3eafcf046fd25","1","5","5","E","Materialized evaluation exists under active context fingerprint ""fbcfc83c5f8e7257aa2b92e1fbd91acfebf47c5f4ca3fcd167def146839b0ba9"", but serving adapter rendered evaluationState=LEGACY."
"408","af5b3598b6df4348","af97a9041295bcdd600c482c29bde66a0d6aec1e4df28bda56118a7bdc8b0ea4","Naukri","Planning Manager (Lead Planner role)- Gurgaon","alfanar","Gurugram","af519ccfdfcd150129fe8edcd85582111ed356d606952ab800fc928e8c33fdaf","1","5","5","E","Materialized evaluation exists under active context fingerprint ""fbcfc83c5f8e7257aa2b92e1fbd91acfebf47c5f4ca3fcd167def146839b0ba9"", but serving adapter rendered evaluationState=LEGACY."
"409","af90f9c619d48786","ed16d48e00726591460a1f1305ad8dd322bae2a3b11295e85b4b3f9c83a4f622","Naukri","Chief Growth Officer - Hospitality Industry (20-25 yrs)","The Grand Group","Gurugram","3e60c254d9c902d4f36cb4dc5bfb8de806d8e97688e115708413c739a7035b58","1","5","5","E","Materialized evaluation exists under active context fingerprint ""fbcfc83c5f8e7257aa2b92e1fbd91acfebf47c5f4ca3fcd167def146839b0ba9"", but serving adapter rendered evaluationState=LEGACY."
"410","afc7b1fafdc0d07a","243ee7f7455278a9e96740d6affafa084ae844c9040050afca2c0052cc1025ca","Naukri","VP of Engineering","Digirecruitx","Pune","47244471e5373a406d8eae7f15853c4676cd7279eb5af32d52ecb69ff058d875","1","6","6","E","Materialized evaluation exists under active context fingerprint ""fbcfc83c5f8e7257aa2b92e1fbd91acfebf47c5f4ca3fcd167def146839b0ba9"", but serving adapter rendered evaluationState=LEGACY."
"411","b0739f50d3a1c75b","405ed4a6314b1fff5889ed8a9bb5e49f6aba54159e5d1a47df57ba01213e4d20","LinkedIn","Expert Opportunity - VP of Engineering ($80/hr, up to $1,600/week)","Ethos","India (Remote)","fc83a8a0b30c4ebdd9c6a9adab4d3927602f468649a19a10181af90aa1330407","1","6","6","E","Materialized evaluation exists under active context fingerprint ""fbcfc83c5f8e7257aa2b92e1fbd91acfebf47c5f4ca3fcd167def146839b0ba9"", but serving adapter rendered evaluationState=LEGACY."
"412","b1060935a34d78f1","ae8583710b4a3b2e8aa62cbfb70224c41fbae1abb173d4ef759d0b822028d1ef","LinkedIn","Executive Director - Customer Success","JPMorganChase","Bengaluru, Karnataka, India (On-site)","52dbc9e76521c18722085a04eb69652a8fd95b1d85a83d9ff64dbfb53ee5ec8f","1","5","5","E","Materialized evaluation exists under active context fingerprint ""fbcfc83c5f8e7257aa2b92e1fbd91acfebf47c5f4ca3fcd167def146839b0ba9"", but serving adapter rendered evaluationState=LEGACY."
"413","b115d8f4bda148a8","ad44344c6c5551ed313c48dbffd086b0aaf7cea2f74bcd95b7d9de7e4bb8cf53","Naukri","Vice President - Growth and Strategy","Korra Worldwide Advertising","Gurugram","49e3bf6f9f1d7f4afd981ceebed33d728067f3bb037e24e707641228cfcd906d","1","5","5","E","Materialized evaluation exists under active context fingerprint ""fbcfc83c5f8e7257aa2b92e1fbd91acfebf47c5f4ca3fcd167def146839b0ba9"", but serving adapter rendered evaluationState=LEGACY."
"414","b15c77266bd7df3b","e61819f7a6ae22ae7fbe5e8728039a286b73c9952e02cd2a98005fb944004c5c","Naukri","Sentiss Pharma - Deputy General Manager/Senior Manager - Legal & Company Secretary (10-12 yrs)","Sentiss Pharma","Gurugram","69cc2e726889ecca9fae4c68d4cacfc6c07dbca2a28ee10b5bdf7106a9e8cfff","1","5","5","E","Materialized evaluation exists under active context fingerprint ""fbcfc83c5f8e7257aa2b92e1fbd91acfebf47c5f4ca3fcd167def146839b0ba9"", but serving adapter rendered evaluationState=LEGACY."
"415","b15e5798915aea26","3f40fec58a4477b60b2de055a7aff18abd707cae2cdc6415381a31b124a5cc87","Indeed","Vice President, Commercial Strategy // CRM Enablement & Adoption","Portage Point Partners","Hybrid work in Gurugram, Haryana","062f23e5a5b727f7af85df2d34e573d6e5d9ab1137fcda2262a9dd4355de0c27","1","5","5","E","Materialized evaluation exists under active context fingerprint ""fbcfc83c5f8e7257aa2b92e1fbd91acfebf47c5f4ca3fcd167def146839b0ba9"", but serving adapter rendered evaluationState=LEGACY."
"416","b181e66a6c5d735e","d0ea07a8c2c828b3eeb0713b21fb9c049ed0d0f375ba96033eea9b912a03f2ca","Indeed","VP Director","RGB Web Tech","Chandigarh","e1889cf8947fa160a392b9742dc346d447d2e0fc040d19e9b618d5e4664e5d3c","1","6","6","E","Materialized evaluation exists under active context fingerprint ""fbcfc83c5f8e7257aa2b92e1fbd91acfebf47c5f4ca3fcd167def146839b0ba9"", but serving adapter rendered evaluationState=LEGACY."
"417","b1f31d672a2c2acc","c744062de38c726d7fa631ed248033659f6fc3a3be8343211237a51480ce57c1","Naukri","Associate Vice President Market Intelligence & Research","NS Global Corporation","Bengaluru","a624f631f7dbcaa87f07d31af099d3159a7ca4655db22253055fc65e19d59f4c","1","5","5","E","Materialized evaluation exists under active context fingerprint ""fbcfc83c5f8e7257aa2b92e1fbd91acfebf47c5f4ca3fcd167def146839b0ba9"", but serving adapter rendered evaluationState=LEGACY."
"418","b1faa7337317d796","d38bb02a2177b62fb8a1294d11ffea2c4b816e7b7e9b809c86eace911f5da4f8","LinkedIn","Chief Manager - Performance Marketing","Piramal Pharma Ltd","Mumbai, Maharashtra, India (On-site)","6dced5b2d5114620a90232f06c4c9e2f78c7cb0f3fd6320946554724975911cb","1","5","5","E","Materialized evaluation exists under active context fingerprint ""fbcfc83c5f8e7257aa2b92e1fbd91acfebf47c5f4ca3fcd167def146839b0ba9"", but serving adapter rendered evaluationState=LEGACY."
"419","b3b285f142731283","286eb2e3c31ddd19d03f4e79125447ae97ce2aa1e1344c5414add21de92e12c6","LinkedIn","VP of Growth","Clinikally (YC S22)","Gurugram, Haryana, India (On-site)","95bd4f71d74efd3baf9543e8db4ba3ca939ff05e8337d5910a98df1b1dfa11f8","1","6","6","E","Materialized evaluation exists under active context fingerprint ""fbcfc83c5f8e7257aa2b92e1fbd91acfebf47c5f4ca3fcd167def146839b0ba9"", but serving adapter rendered evaluationState=LEGACY."
"420","b458e72ddf08fe3a","9f8a8aae1312716db813637211742d45ab3d928a68206874d3552c05374e4706","LinkedIn","Performance Director","Jobgether","India (Remote)","33859fd53ee213916c24a61abf9ba15d6b38ec34b6ba19f16038702dd09fa6fa","1","5","5","E","Materialized evaluation exists under active context fingerprint ""fbcfc83c5f8e7257aa2b92e1fbd91acfebf47c5f4ca3fcd167def146839b0ba9"", but serving adapter rendered evaluationState=LEGACY."
"421","b50d0fcf700ee378","6dae27c3cb21bf83406d0999f90abc634dcdc400abd9fcbad74b086ffd17260c","LinkedIn","Senior Engineering Manager @ Chennai/Hyderabad/50-55L/Need from Product orgs with B.E/B.Tech ONLY/Strong hands-on experience with a core dotnet, ReactJS background","Live Connections","Chennai, Tamil Nadu, India (On-site)","595a86d15725ffdd69ec6b74dd4165bc9058063c6aa18cf9af5d65f155deac03","1","5","5","E","Materialized evaluation exists under active context fingerprint ""fbcfc83c5f8e7257aa2b92e1fbd91acfebf47c5f4ca3fcd167def146839b0ba9"", but serving adapter rendered evaluationState=LEGACY."
"422","b5c8bd552d36a07b","597e97662f17174a160b1dd4ef84f1ebc02f14dece2888490eab66f7a8db54fd","Naukri","Jasper Colin Research - Vice President - Engineering (15-20 yrs)","Jasper Colin Research","Gurugram","158ed61671c8a86e19d005645b6455c808500174ea07f767a49fa54c60720ad8","1","5","5","E","Materialized evaluation exists under active context fingerprint ""fbcfc83c5f8e7257aa2b92e1fbd91acfebf47c5f4ca3fcd167def146839b0ba9"", but serving adapter rendered evaluationState=LEGACY."
"423","b5ca89e464510fd6","712b65666cf6ec06f1773d2542999bac14e618210a42cdae34ec67a8d7095794","Naukri","D2C Website Manager","Exotic Mile","Gurugram","975dca49741a385bada76965347fcff42ba5c0b0fa7f36a76006e3eacb6c1bf8","1","5","5","E","Materialized evaluation exists under active context fingerprint ""fbcfc83c5f8e7257aa2b92e1fbd91acfebf47c5f4ca3fcd167def146839b0ba9"", but serving adapter rendered evaluationState=LEGACY."
"424","b5d1526de01f4f52","ddcfa4e729f2610bb52d41d63126be15dbce639ed1bd78e40975710002b6b97c","Naukri","Business Head (GCC Sales)","Tata Consultancy Services","Bengaluru","2b532abe00440ecb95b5a93a38f0e404f78ee5446ecbbaf2958032ee338a39c5","1","5","5","E","Materialized evaluation exists under active context fingerprint ""fbcfc83c5f8e7257aa2b92e1fbd91acfebf47c5f4ca3fcd167def146839b0ba9"", but serving adapter rendered evaluationState=LEGACY."
"425","b6c6a922ad9b8dfa","813b898f4630d4c52f437a9d882e0bacb76116133c56eca6effb26b2ec87a78f","Naukri","Opportunity_Gen AI Manager","Sigma Allied Services","Gurugram, Bengaluru, Mumbai (All Areas)","d06a814b611773bf95f04486aef231fd96f11790431a6569c8e01452ed51a280","1","5","5","E","Materialized evaluation exists under active context fingerprint ""fbcfc83c5f8e7257aa2b92e1fbd91acfebf47c5f4ca3fcd167def146839b0ba9"", but serving adapter rendered evaluationState=LEGACY."
"426","b7498a87b0a0c194","715541a886799af37496e381955ab010aef0204e6ed845606f8173a52c83846c","Indeed","Senior Marketing Manager / Head of Marketing","IROV Technologies Private Limited","Kochi, Kerala","982a1481f9a6ca0c085622942a7b60ed7998e274020fccbdf274af6c5607f50d","1","5","5","E","Materialized evaluation exists under active context fingerprint ""fbcfc83c5f8e7257aa2b92e1fbd91acfebf47c5f4ca3fcd167def146839b0ba9"", but serving adapter rendered evaluationState=LEGACY."
"427","b7608dac7df079d7","a531f70de5af2fccb0a4576b9e74ba1ad5028840add7fcad8b4f17bd45e899c6","LinkedIn","Head of Growth and GTM Manager | HealthTech | 4 to  yrs | Bengaluru","MetaMorph","Bengaluru, Karnataka, India (On-site)","e46bff22cf100db719b73aba6bba9bfc3075a535992c6fbeca6c6034ed0433d7","1","5","5","E","Materialized evaluation exists under active context fingerprint ""fbcfc83c5f8e7257aa2b92e1fbd91acfebf47c5f4ca3fcd167def146839b0ba9"", but serving adapter rendered evaluationState=LEGACY."
"428","b76213485c840928","33cfe455d906cc256de5b3d5d30123d53659a0775da4a663938433d57fe2848a","Naukri","Sales Account Manager - Life Sciences","Aveva","Mumbai, Hyderabad, Bengaluru","04c6930a344a6a33e1d24bee5b2373bb5919a28f27697ea60fe522672d23d5dc","1","5","5","E","Materialized evaluation exists under active context fingerprint ""fbcfc83c5f8e7257aa2b92e1fbd91acfebf47c5f4ca3fcd167def146839b0ba9"", but serving adapter rendered evaluationState=LEGACY."
"429","b7697b5912951eb1","9fa4fd2a1be6635e3286817256ce190730c44c41a8508fbee0689e335a3d93cd","Naukri","Vice President Works","Ramco Industries","Chennai(Mylapore)","eef667ff4d362557c29045ca25c6ac5ff77006496c89be8df9a77d9e6761306f","1","5","5","E","Materialized evaluation exists under active context fingerprint ""fbcfc83c5f8e7257aa2b92e1fbd91acfebf47c5f4ca3fcd167def146839b0ba9"", but serving adapter rendered evaluationState=LEGACY."
"430","b84cde0dfb952515","1cfd25c4421069d544bc6f6b53c02141acf130dbb4307b04b18dd431be3e6efc","Indeed","Chief Marketing Officer","StuCred","India","cfc5fffe11ed06ccf489fea588e388215b110b3b039862f92a493bf9a336c05b","1","5","5","E","Materialized evaluation exists under active context fingerprint ""fbcfc83c5f8e7257aa2b92e1fbd91acfebf47c5f4ca3fcd167def146839b0ba9"", but serving adapter rendered evaluationState=LEGACY."
"431","b863d2eb51ce62de","e8ee60fe0ac1e86a99832fd069191546a08d3bb4f7f1090650155ec6be82712b","LinkedIn","Marketing Director - Paytm(Agentic AI)","One97 Communications Limited","Noida, Uttar Pradesh, India (On-site)","49a960ef90942382d0e32a88b65e2fbc0658a27aaf2bfcccd72b41c16e4e3b25","1","5","5","E","Materialized evaluation exists under active context fingerprint ""fbcfc83c5f8e7257aa2b92e1fbd91acfebf47c5f4ca3fcd167def146839b0ba9"", but serving adapter rendered evaluationState=LEGACY."
"432","b8c29f443d8a7170","38135d4791be2939f141afb03a64441b99c6c41f3b9dbccef0ac26063b2e6565","Indeed","Head of Marketing Strategy, Planning and Operations","HP","Gurugram, Haryana","4f37e46f981acacbd79d8384204174f694315138b4ff87071e6591990dfefdef","1","5","5","E","Materialized evaluation exists under active context fingerprint ""fbcfc83c5f8e7257aa2b92e1fbd91acfebf47c5f4ca3fcd167def146839b0ba9"", but serving adapter rendered evaluationState=LEGACY."
"433","b8f56820b95d3b0f","efce498a2ecccad6fb3c82593ce3dd5d72eabaf8d73066fffb8bd56863db0159","Naukri","Vice President - Contingent Workforce Management","Ibridge Techsoft","Remote","2fdde6df847fcc1694b133afb930feb924e62e0685d5687f130ac20baef63d2c","1","5","5","E","Materialized evaluation exists under active context fingerprint ""fbcfc83c5f8e7257aa2b92e1fbd91acfebf47c5f4ca3fcd167def146839b0ba9"", but serving adapter rendered evaluationState=LEGACY."
"434","b92137373ec61036","6bd692e3353c62171a2d669324fb716ffae4afa6aeacf9947a875731e7969b40","Naukri","Royal Orchid Hotels - Chief Marketing Officer (10-28 yrs)","Royal Orchid & Regenta Hotels","Mumbai","b4ebb590caff7347b1989f389f54ffa3247f3d9fbea2ba8501cecd9d927a1860","1","5","5","E","Materialized evaluation exists under active context fingerprint ""fbcfc83c5f8e7257aa2b92e1fbd91acfebf47c5f4ca3fcd167def146839b0ba9"", but serving adapter rendered evaluationState=LEGACY."
"435","ba51703b04f11c96","2b44e5fe4e51a849e526a540fbff02c618a06d39ad9d48aebdfae6e7373d69d1","Naukri","Head Customer Engagement","Forward","Mumbai(Lower Parel)","2b04b5de6b7921cdb9a29b5c9c43d9b8deacb6a98c614d66757391a30db26871","1","5","5","E","Materialized evaluation exists under active context fingerprint ""fbcfc83c5f8e7257aa2b92e1fbd91acfebf47c5f4ca3fcd167def146839b0ba9"", but serving adapter rendered evaluationState=LEGACY."
"436","bad7cff98f06c2c4","2e435cd209a8a1c2ea5245ae3f6d2c691f5fb93b8a32af4017857c32f9e17f9c","Naukri","Group Account Director","Kantar","Gurugram","32dd2d6b4fd42280eadaf836f854a1d27f72b2929649cb3fbcfb53bcb3062a6a","1","5","5","E","Materialized evaluation exists under active context fingerprint ""fbcfc83c5f8e7257aa2b92e1fbd91acfebf47c5f4ca3fcd167def146839b0ba9"", but serving adapter rendered evaluationState=LEGACY."
"437","baec3be0307bc6ca","4fadaf3fd34dbd2d9a05594bce6e58f55a92fe659de17dde38aee9db8b41979c","Naukri","Partner / Director","Singhi Advisors","Mumbai","dd335d746b13741a897a829abdf997163230e0529790c88f4c3ed87301f10d1c","1","5","5","E","Materialized evaluation exists under active context fingerprint ""fbcfc83c5f8e7257aa2b92e1fbd91acfebf47c5f4ca3fcd167def146839b0ba9"", but serving adapter rendered evaluationState=LEGACY."
"438","bc21f7f59d7cf621","4caf9e1e4fffa31439f658967020746621f96a1121d037ebdab9215167dbcaa2","Naukri","Senior Manager- Business Finance","Urban Company (UC)","Gurugram","1a7186d7a2434deafdc17e3ae8dac80f02f4245c365ef5954bf9307c4a2f5eaa","1","5","5","E","Materialized evaluation exists under active context fingerprint ""fbcfc83c5f8e7257aa2b92e1fbd91acfebf47c5f4ca3fcd167def146839b0ba9"", but serving adapter rendered evaluationState=LEGACY."
"439","bc68db300896c85c","aeadfa83024344ce0cfd21a3bd12e1f1a2febb751d1773f3faddab37a4538b74","LinkedIn","Head of Marketing","Z47 Portfolio Company","Bengaluru, Karnataka, India (On-site)","c5df64ea5b04b098e23f25c0715450e73a0e5e9336faaaa69f6aa1606d9be217","1","5","5","E","Materialized evaluation exists under active context fingerprint ""fbcfc83c5f8e7257aa2b92e1fbd91acfebf47c5f4ca3fcd167def146839b0ba9"", but serving adapter rendered evaluationState=LEGACY."
"440","bcb795115916d7ba","cce5503ab0355e266211539ba189fc5419827443928339c7b0ac66d9e3950c72","LinkedIn","VP, Product Engineering","Uniphore","Bengaluru, Karnataka, India (On-site)","b5ae8fe3c7d91f206af43468fa7b45f2e5a302d7b45b6e483c0025f513e4c0ad","1","6","6","E","Materialized evaluation exists under active context fingerprint ""fbcfc83c5f8e7257aa2b92e1fbd91acfebf47c5f4ca3fcd167def146839b0ba9"", but serving adapter rendered evaluationState=LEGACY."
"441","bccbceddd1548c58","35e6fb4f03988192650575f57ce8c6baeb4e68577b718e6317d0c9bf3295f195","Indeed","Brand Manager","Skill-lync","Unknown, Karnataka","d371c8e5d143e416a9b1bd6e8bbc4ec03b45268cc645f0fd77b238bf8d3dfb42","1","5","5","E","Materialized evaluation exists under active context fingerprint ""fbcfc83c5f8e7257aa2b92e1fbd91acfebf47c5f4ca3fcd167def146839b0ba9"", but serving adapter rendered evaluationState=LEGACY."
"442","bd26f411f7608ee2","e879bd84ffda17d7bf6fcb6e17f3d66e73e29baa19b9d5fd1b31fc5e241520f5","Indeed","Market Director / Senior Market Director, India Subcontinent","Triptease","Remote in India","542d9f7bb0954d4ad90454421f587d1cc026da264d91286a59474bbe4c419504","1","5","5","E","Materialized evaluation exists under active context fingerprint ""fbcfc83c5f8e7257aa2b92e1fbd91acfebf47c5f4ca3fcd167def146839b0ba9"", but serving adapter rendered evaluationState=LEGACY."
"443","bd303c3b32161df1","be7936384df104e2f3ee7f30e04e1bf70ba3e31b749ad2cc5b200e900cae9ecb","Indeed","Head of E-Commerce","CareerBricks Learning Solutions","Unknown, Haryana","4fb0e6afb4235d56f7a846a462e76d1e80316462fcd79535078cf601a0054378","1","5","5","E","Materialized evaluation exists under active context fingerprint ""fbcfc83c5f8e7257aa2b92e1fbd91acfebf47c5f4ca3fcd167def146839b0ba9"", but serving adapter rendered evaluationState=LEGACY."
"444","bdcee0a25caca1f8","445976a689149a587809cc905f0255633c142dd925709ecfd31d92764407b873","Indeed","VP - Sales & Marketing","Visista","Hyderabad, Telangana","ebdb0ff1a02f48090a913c40e25b0ac3391b4f24452a5f84722335144d04c194","1","6","6","E","Materialized evaluation exists under active context fingerprint ""fbcfc83c5f8e7257aa2b92e1fbd91acfebf47c5f4ca3fcd167def146839b0ba9"", but serving adapter rendered evaluationState=LEGACY."
"445","bdf3d224f75e8f0d","bf308d5b5c3cd543261763b8eb993e8f2247ce7b6be069ec019e1902183d0534","Naukri","F&A COE - AGM / AVP","Golden Opportunities","Gurugram, Mumbai, Pune","df9e3f9754908d67b0fbe81c34d47de2ff6f0dba3436469fce9f97ca2141ea04","1","6","6","E","Materialized evaluation exists under active context fingerprint ""fbcfc83c5f8e7257aa2b92e1fbd91acfebf47c5f4ca3fcd167def146839b0ba9"", but serving adapter rendered evaluationState=LEGACY."
"446","bed0953f53420b40","653749a6887a8e668d31e19b4a96c60b8ca51731338a7b6bd4a16a249cd58ea5","Indeed","AVP / VP - Customer Success","Design'N'Buy","Ahmedabad, Gujarat","8a21390a30a8fcbdc539a55357e17be1867ab80aebb356bc508ac615bfbc86b0","1","6","6","E","Materialized evaluation exists under active context fingerprint ""fbcfc83c5f8e7257aa2b92e1fbd91acfebf47c5f4ca3fcd167def146839b0ba9"", but serving adapter rendered evaluationState=LEGACY."
"447","bed22ecf64c9b08b","824bc0301829f599ecd1dd172d5d3a0bd39062a6c068661a0ad8417b752e51a2","Naukri","VP of Engineering","DOERS TECH","Chennai","a0c4a74f0ee4bfdb9b28beab28cb85f04d9c353f08fa693a4782ebd8d9a2713c","1","6","6","E","Materialized evaluation exists under active context fingerprint ""fbcfc83c5f8e7257aa2b92e1fbd91acfebf47c5f4ca3fcd167def146839b0ba9"", but serving adapter rendered evaluationState=LEGACY."
"448","bef0e5ca5309db6f","c050ff6c7e8166244eedeefabf44212cbe7b09108e02ac8940756edd0dcfa0d0","Naukri","Brick&Bolt - Chief Marketing Officer (20-30 yrs)","Brick&Bolt","Bengaluru","ee5d13dd1935187ddbdd2b0d09fea917097aac68d21da24686a2c917fe96fada","1","5","5","E","Materialized evaluation exists under active context fingerprint ""fbcfc83c5f8e7257aa2b92e1fbd91acfebf47c5f4ca3fcd167def146839b0ba9"", but serving adapter rendered evaluationState=LEGACY."
"449","bf21f0d4621a0a67","fee4192dc53f4e2eb3d3b8829c5d4eb63867990b72646f38e68a661fc9b3122d","Naukri","Director - Mainframe Modernisation and transformation","BMC Software","Pune","f33f5f01fa24828eac5d5abf5bf0605b5f5945d5001a7a5c4fdcb27c01ceec1a","1","5","5","E","Materialized evaluation exists under active context fingerprint ""fbcfc83c5f8e7257aa2b92e1fbd91acfebf47c5f4ca3fcd167def146839b0ba9"", but serving adapter rendered evaluationState=LEGACY."
"450","c06dfb5d50c70828","9ee89d9daacf0e282afc0eeb2898389c32c8613fe92fa2cf8c0335ef6d3572d2","Naukri","Vice President (VP) Sales","Velocitai Digital","Gurugram","6f5314e0d8f5a2d9419c8c8220a611c7b7afe9423631c53565e2f24c0397f6c8","1","6","6","E","Materialized evaluation exists under active context fingerprint ""fbcfc83c5f8e7257aa2b92e1fbd91acfebf47c5f4ca3fcd167def146839b0ba9"", but serving adapter rendered evaluationState=LEGACY."
"451","c0c6660849657ddd","89805ef43bae1a24abd09dc448ae9ebf0c57116cc693c3bd97a1b42118ec10eb","Naukri","Head - Digital Products - Banking/FinTech (10-15 yrs)","Tefa Technologies","Mumbai","592e1bfdbe66341bd3cf75134b32fcbf17e57394a94f2eed3a6abdca4aab55d0","1","5","5","E","Materialized evaluation exists under active context fingerprint ""fbcfc83c5f8e7257aa2b92e1fbd91acfebf47c5f4ca3fcd167def146839b0ba9"", but serving adapter rendered evaluationState=LEGACY."
"452","c13d0c061e279f50","f3fcf67c4463f2e5372d61f83add2d88b886c0bcc3f9bfd39b97f0e8950d07be","LinkedIn","Senior Director Of Engineering","Aerospike","Bengaluru, Karnataka, India (Hybrid)","d93f3a081c32875b05c2239be37c0e7a5146907171ac00041fea1cc55af50867","1","5","5","E","Materialized evaluation exists under active context fingerprint ""fbcfc83c5f8e7257aa2b92e1fbd91acfebf47c5f4ca3fcd167def146839b0ba9"", but serving adapter rendered evaluationState=LEGACY."
"453","c18ea421a5cbeadc","602a9c4e487a1e943bb56d248132e8a2c74b7001bfbc02a72269f0ba0d2e2714","Naukri","Director- Global Partner Enablement","Automation Anywhere","Hybrid - Bengaluru","556a70c31176038bcbb5b3b97491af868e69c388fd642bae091b72f39f0c11ba","1","5","5","E","Materialized evaluation exists under active context fingerprint ""fbcfc83c5f8e7257aa2b92e1fbd91acfebf47c5f4ca3fcd167def146839b0ba9"", but serving adapter rendered evaluationState=LEGACY."
"454","c1f321764a32911a","b74dbe68f2d779555ab32ed4af0c3af2388b8702d02f928b49acd8fc027475ae","Indeed","VICE PRESIDENT","Isha One Coach Consult","Santacruz, Mumbai, Maharashtra","2cae53ce8238692856bb52b0f6acadeea26f5517ebe72ffe79ed58f057da8ce2","1","5","5","E","Materialized evaluation exists under active context fingerprint ""fbcfc83c5f8e7257aa2b92e1fbd91acfebf47c5f4ca3fcd167def146839b0ba9"", but serving adapter rendered evaluationState=LEGACY."
"455","c27ec203a20d30ff","435c34a8b785d43252e6d30ed1beb794d5f2561e3b669d4bb750eb60bb80fc6d","Naukri","Assistant Vice President, Growth","Unacademy","Bengaluru","3f142f985f5f6028f5de381eaabf2cb0663ebf2f8ee51cab09080f59040e6a2e","1","5","5","E","Materialized evaluation exists under active context fingerprint ""fbcfc83c5f8e7257aa2b92e1fbd91acfebf47c5f4ca3fcd167def146839b0ba9"", but serving adapter rendered evaluationState=LEGACY."
"456","c2b300e19bd53089","a863a5411a325226ef5cf1806e433be278693efac46f46f943e9fdf2a3dc4de7","Naukri","Medical Director/Senior Consultant - Oncology","Benovymed Healthcare Private Limited","Navi Mumbai","6a5d266c9c3559c210d0012cf473d1a2f7fbad0824f5c697dfe5e739110a8cbc","1","5","5","E","Materialized evaluation exists under active context fingerprint ""fbcfc83c5f8e7257aa2b92e1fbd91acfebf47c5f4ca3fcd167def146839b0ba9"", but serving adapter rendered evaluationState=LEGACY."
"457","c2ba40e64ee9745a","92fe12d2d05c7802529251d0e685a6749c330070454d03cd5caca57076108520","Naukri","Transaction Monitoring analytics - AVP","Barclays","Gurugram","c46bf55a84f9a9ff3ccc9ec747c5ef889af618f6d3e736f71c32fffb4e14d291","1","6","6","E","Materialized evaluation exists under active context fingerprint ""fbcfc83c5f8e7257aa2b92e1fbd91acfebf47c5f4ca3fcd167def146839b0ba9"", but serving adapter rendered evaluationState=LEGACY."
"458","c49069bb3457fe47","5487d049d3ccbe1bd143aba1ae410475d00d6f71d9001d82054cab15000347b8","Naukri","Head IT Risk","Crescendo Global Leadership Hiring India","Navi Mumbai, Chennai","2874ed4b1806fbfa774b2417b0f2f2722727b1617c06b958c0f18f1699b62195","1","5","5","E","Materialized evaluation exists under active context fingerprint ""fbcfc83c5f8e7257aa2b92e1fbd91acfebf47c5f4ca3fcd167def146839b0ba9"", but serving adapter rendered evaluationState=LEGACY."
"459","c51a93c6b98ee154","2da53d86344edf05fe20b8738d9dea4bfd2a5733038287afdbc02bb96919ddb9","Naukri","True Credits - Head - Risk (10-16 yrs)","True Credits","Gurugram","96ba2e1965ce5b5623bc2202a8758eb4cbf68ff65dc51ac5887baf527f816a58","1","5","5","E","Materialized evaluation exists under active context fingerprint ""fbcfc83c5f8e7257aa2b92e1fbd91acfebf47c5f4ca3fcd167def146839b0ba9"", but serving adapter rendered evaluationState=LEGACY."
"460","c550ee16ed1ec717","ffdc0830c966cd23853e980a0330279058d99020cbf10546ada7e0a5e21d73f8","Naukri","Head of Strategic Alliances","XpertReach","Gurugram","54bb0c445de5fbaae58a9081a989e0cc304f224cca6844e285ffe001bd5110c1","1","5","5","E","Materialized evaluation exists under active context fingerprint ""fbcfc83c5f8e7257aa2b92e1fbd91acfebf47c5f4ca3fcd167def146839b0ba9"", but serving adapter rendered evaluationState=LEGACY."
"461","c5eb50f0e128767c","54d50ea3aab23f18ffdd99513e7f31acffb82d8c0fbe8314a1716024d97c7a43","Naukri","Solar Square - Associate Director - Center of Excellence (3-8 yrs)","Solarsquare Energy","Mumbai","c5ccc829c33eccd472e1270a8fc03b55b655916122a4b628644ce42a8e6d83ae","1","5","5","E","Materialized evaluation exists under active context fingerprint ""fbcfc83c5f8e7257aa2b92e1fbd91acfebf47c5f4ca3fcd167def146839b0ba9"", but serving adapter rendered evaluationState=LEGACY."
"462","c74fb989d025659a","ea5c2c1eafc9d1eaacd8b04b9654944e99b860a721ab755ce3ae194b28bd49ac","Indeed","Head of Delivery/COO","Saaki Argus & Averil Consulting","Chennai, Tamil Nadu","a5fe6cbe373330cd88c60a82fe6832eb73b05fb4db2c511be416ec97a868ff2d","1","5","5","E","Materialized evaluation exists under active context fingerprint ""fbcfc83c5f8e7257aa2b92e1fbd91acfebf47c5f4ca3fcd167def146839b0ba9"", but serving adapter rendered evaluationState=LEGACY."
"463","c765896bc34f6bdf","18075dcbfe2f7aa0158ed2bd17e2326e60a26817bceba85162387adadd989fc6","Indeed","Vice President","Unique Builders","Jaipur, Rajasthan","4b7209d67e6d6de527c5f5756177db7343172b5de67cb8b305b11e2ea91d7e03","1","5","5","E","Materialized evaluation exists under active context fingerprint ""fbcfc83c5f8e7257aa2b92e1fbd91acfebf47c5f4ca3fcd167def146839b0ba9"", but serving adapter rendered evaluationState=LEGACY."
"464","c772923942f4dbce","a16c6a62eae4e1730f7eb76ab5807a850ce2488e8aa2b97adf38b698b97a3a85","Indeed","Lead - New Business Growth","Saaki Argus & Averil Consulting","Chennai, Tamil Nadu","9c014965ef1cc39896277381f7d80ac0053638aa791051c7771b139250aa290b","1","5","5","E","Materialized evaluation exists under active context fingerprint ""fbcfc83c5f8e7257aa2b92e1fbd91acfebf47c5f4ca3fcd167def146839b0ba9"", but serving adapter rendered evaluationState=LEGACY."
"465","c78085694cdd32d8","8d017e97b26929f2c05a5b2f9b48b01fb0c563f66d0085cc89d1d28ce4c2933c","Indeed","Head – Strategic Alliance (_/ VP)","india1ATM","Bengaluru, Karnataka","0d02a4ea9ba97ce6c5c2c1594fa8eb9b3512c2b15f066ab4d60395e2dc103b72","1","6","6","E","Materialized evaluation exists under active context fingerprint ""fbcfc83c5f8e7257aa2b92e1fbd91acfebf47c5f4ca3fcd167def146839b0ba9"", but serving adapter rendered evaluationState=LEGACY."
"466","c85770669498ccb9","433080fa6cbf2b4ad054e2e94c86989f370d9a01c8429cac915062c671e0869a","Naukri","Director - Corporate Communications (18-25 yrs)","Mancer Consulting Services","Gurugram","2c49905a05fa088a60dcd26f20533dd99cd4065467d2bf59c94b37978dd19b2e","1","5","5","E","Materialized evaluation exists under active context fingerprint ""fbcfc83c5f8e7257aa2b92e1fbd91acfebf47c5f4ca3fcd167def146839b0ba9"", but serving adapter rendered evaluationState=LEGACY."
"467","c8ad472fad89931d","5c17ea1afc419db0321496bc017e91440277b0d654a5c26c12955ca7cecdf410","Naukri","Regional Head – Marketing & Business Development (North)","Resustainability","Gurugram, Delhi / NCR","94f0fd88e0775bf7a3cf62b74de3895ef98796eb6010fed9552b6812c6c268fe","1","5","5","E","Materialized evaluation exists under active context fingerprint ""fbcfc83c5f8e7257aa2b92e1fbd91acfebf47c5f4ca3fcd167def146839b0ba9"", but serving adapter rendered evaluationState=LEGACY."
"468","c8c0bd2b0a646da4","69a5932daf903dc703acbfb813ac8139165ac4a7a59a2871b2c9947db466da70","Naukri","Group Operations Manager - Bank (18-28 yrs)","Pylon Management Consulting","Gurugram","931428eca99ecc9591a8453a6054a3a97b949ae176c58a4339631f3d108e1f3e","1","5","5","E","Materialized evaluation exists under active context fingerprint ""fbcfc83c5f8e7257aa2b92e1fbd91acfebf47c5f4ca3fcd167def146839b0ba9"", but serving adapter rendered evaluationState=LEGACY."
"469","c90ec4435b0b50cb","b0fdafb61f19230d2f9f8e00ec87982c795dd2f2c38f1c82d4c09e279a75f588","Naukri","Sr Manager - RTR","Bunge","Mohali","f9659a4447e86bfc23de952427d2df4f8df57888dc022b46654a2b35fbeec224","1","5","5","E","Materialized evaluation exists under active context fingerprint ""fbcfc83c5f8e7257aa2b92e1fbd91acfebf47c5f4ca3fcd167def146839b0ba9"", but serving adapter rendered evaluationState=LEGACY."
"470","c9a40b15357cb7b0","696d663230ed5a4455bca5746d5066d6a032dd6c0f1fcf4019ef9a83a01cc6a9","Naukri","Tescra -  Chief Marketing Officer - SaaS - AI/HR Tech (12-20 yrs)","Tescra","Bengaluru","c79ad7ed146efdda5d3f444209086ee1d7ce2c3e3b00adac89d2789e1834a071","1","5","5","E","Materialized evaluation exists under active context fingerprint ""fbcfc83c5f8e7257aa2b92e1fbd91acfebf47c5f4ca3fcd167def146839b0ba9"", but serving adapter rendered evaluationState=LEGACY."
"471","ca219200a1d4cc80","48119b813533b232fa072f6dc062366f83f0b41baeddc0bb7fb7516534ccfcc8","Naukri","Navin's -  Chief Marketing Officer (20-25 yrs)","Navin Housing Properties","Chennai","e2821e723d85863e31bfeb6632f4e2a9a0d83ea92b65a51ef7e7136e3ea23b4e","1","5","5","E","Materialized evaluation exists under active context fingerprint ""fbcfc83c5f8e7257aa2b92e1fbd91acfebf47c5f4ca3fcd167def146839b0ba9"", but serving adapter rendered evaluationState=LEGACY."
"472","ca47c6d10c0e84df","e01988a2833577b9330c6b9dc1b2f799a753f385016bdfe8df39a6bb02fb012e","LinkedIn","VP. Global Support","UKG","Pune Division, Maharashtra, India (On-site)","54e79bb0d8aacb01ea735c5f2bb1a5b6ae96699f4c975155e2463e1bb063afd1","1","6","6","E","Materialized evaluation exists under active context fingerprint ""fbcfc83c5f8e7257aa2b92e1fbd91acfebf47c5f4ca3fcd167def146839b0ba9"", but serving adapter rendered evaluationState=LEGACY."
"473","ca60f4965ac2be0e","558fdad10b2992a8fefc4eea2b2a499f95d43e5a036f49b547ed3c0021795c0e","Naukri","Center Head - US Recruitment","Rang Technologies","Ahmedabad, Vadodara","aaab10a123fb612864c7c4f89b7cb087dac8a5856a9c0be62144a205eefad9b4","1","5","5","E","Materialized evaluation exists under active context fingerprint ""fbcfc83c5f8e7257aa2b92e1fbd91acfebf47c5f4ca3fcd167def146839b0ba9"", but serving adapter rendered evaluationState=LEGACY."
"474","cb1519bde1a4597d","3200e8b45e38520c7718568206cd25ce6b025bb091f233fab420f3d3beb8055f","LinkedIn","Senior Director, Data & AI Engineering","SonicWall SLED","Pune Division, Maharashtra, India (Hybrid)","28b3ed0ad67adc7203242b8d1351f6f5eb7559abaf43ca7432e9211f6c6147b9","1","5","5","E","Materialized evaluation exists under active context fingerprint ""fbcfc83c5f8e7257aa2b92e1fbd91acfebf47c5f4ca3fcd167def146839b0ba9"", but serving adapter rendered evaluationState=LEGACY."
"475","cb6cce6b30b99706","9523d498cf8fcec67ac521e7bd879c90a6671e3175971463a9504d5e924d8d13","Indeed","Senior Marketing Manager","SFJ Business Solutions","Remote","2a55bc4bdef94302bf39836df9b2a55e361c8fa3c50f8f1fbb9de39a95c2aec9","1","5","5","E","Materialized evaluation exists under active context fingerprint ""fbcfc83c5f8e7257aa2b92e1fbd91acfebf47c5f4ca3fcd167def146839b0ba9"", but serving adapter rendered evaluationState=LEGACY."
"476","cb6e9b410c6d530a","7ced739e81caf17d0d107bb89079dc0810d5b48fbe21cacfc272bca36b8f63aa","Naukri","Creative Director (AI)","Mediamonks","Gurugram","a2b2292543b218dd323daba62d7486dbd71ea92fe7d2bdc92c103cd6490157ea","1","5","5","E","Materialized evaluation exists under active context fingerprint ""fbcfc83c5f8e7257aa2b92e1fbd91acfebf47c5f4ca3fcd167def146839b0ba9"", but serving adapter rendered evaluationState=LEGACY."
"477","cb9ed82ea89241e0","0d023a53621039192ebe459a2862ed1143d123e3129e222fee71da88a75b9d2a","Naukri","DCF Lead","Barclays","Pune","45886128847f1017febe1e332425846f87499f99bf6ab8c1918a20d85b9366e8","1","5","5","E","Materialized evaluation exists under active context fingerprint ""fbcfc83c5f8e7257aa2b92e1fbd91acfebf47c5f4ca3fcd167def146839b0ba9"", but serving adapter rendered evaluationState=LEGACY."
"478","cbc01c730c1e6f6d","048b9ea98dd404f621b25babe04f560acb4819dc929b5d8ac53f9d827c43849a","Naukri","Masters' Union - Head - Visa & Mobility (10-16 yrs)","Shanti Informatics","Gurugram","b56740ed0c459efcd4e8efebe9865472bf2b6e5692353bc00c0e0a0189c3a403","1","5","5","E","Materialized evaluation exists under active context fingerprint ""fbcfc83c5f8e7257aa2b92e1fbd91acfebf47c5f4ca3fcd167def146839b0ba9"", but serving adapter rendered evaluationState=LEGACY."
"479","cbc6ac625ada0f36","7175edc4077c568762d7c5ea418c83bae95bc29ae568e0733dc62a5bc917f29b","LinkedIn","Vice President – Digital Marketing","Recex.co","Navi Mumbai, Maharashtra, India (On-site)","dd8d1bc4f2f9c2567e873dd5fb10fce8e2e673d6a89de64c32f13daddf87a09e","1","5","5","E","Materialized evaluation exists under active context fingerprint ""fbcfc83c5f8e7257aa2b92e1fbd91acfebf47c5f4ca3fcd167def146839b0ba9"", but serving adapter rendered evaluationState=LEGACY."
"480","cbf7801cfe9778d4","23af6b420903e2633248408795d64c52ddbc5159772a86ea17d5040987d761bb","Naukri","YesMadam - Vice President - Supply - Onboarding (8-12 yrs)","Yes Madam","Noida","0acf2432aa25ecf3c6d37a4f1c6487ffb4f14803c2d2a62abfcba52e3a60138c","1","5","5","E","Materialized evaluation exists under active context fingerprint ""fbcfc83c5f8e7257aa2b92e1fbd91acfebf47c5f4ca3fcd167def146839b0ba9"", but serving adapter rendered evaluationState=LEGACY."
"481","cc15f81f7becbbd6","0dd8d67140865e6bfa1c50c819253313eb34ca2bdb469d1c22f3c5e60813c373","Indeed","Marketing Strategy & Transformation Lead","Seco Tools","Pune, Maharashtra","311d3ee197338ca135f1a544c7e42878a31a514a745edcd58d87c120a7bff68a","1","5","5","E","Materialized evaluation exists under active context fingerprint ""fbcfc83c5f8e7257aa2b92e1fbd91acfebf47c5f4ca3fcd167def146839b0ba9"", but serving adapter rendered evaluationState=LEGACY."
"482","cd824463dc77e2d6","93d95f97ce1878c3a6056423fd99699a90b6d19990f4719ae964bbd8ecd5f7ef","Indeed","Vice President - Marketing","LoginextSolutions","Mumbai, Maharashtra","6e13cf03b80eed933a633d61b950b0b209de85e0ba54bb36b6b8012495e689f2","1","5","5","E","Materialized evaluation exists under active context fingerprint ""fbcfc83c5f8e7257aa2b92e1fbd91acfebf47c5f4ca3fcd167def146839b0ba9"", but serving adapter rendered evaluationState=LEGACY."
"483","ce075fde4b898041","d25e107b8162cac5e02d9629369f9977dadeb3d3eb1847ff13e3d5b51bb788e3","LinkedIn","Deputy Director - Brand Marketing","Myntra","Bengaluru, Karnataka, India (On-site)","c2622ca68e979df6524a0b588bc344cfa283eb0fbdc2e6ddbf9fae0c00b68060","1","5","5","E","Materialized evaluation exists under active context fingerprint ""fbcfc83c5f8e7257aa2b92e1fbd91acfebf47c5f4ca3fcd167def146839b0ba9"", but serving adapter rendered evaluationState=LEGACY."
"484","ce4f9d0b986a0578","4975cde93f6da2204b83283540e74a91709009edf2ac4678ee41069c623a59a4","Naukri","Vice President - Management Division","Manfin Infotech Ltd","Ahmedabad","89d7b00e35c46d7461b52f97f079ef572978d807a5f210dd8fed2b3ce340c865","1","5","5","E","Materialized evaluation exists under active context fingerprint ""fbcfc83c5f8e7257aa2b92e1fbd91acfebf47c5f4ca3fcd167def146839b0ba9"", but serving adapter rendered evaluationState=LEGACY."
"485","ce6b6dd53dd5a4a8","ce8c39014413f47a290150616795cf6958ac1ac2881537d094a8d3d8301e9bdb","Naukri","Info Edge - Head - Growth - iimjobs.com & hirist.tech (8-12 yrs)","Quadrangle","Noida","6166f86e931ee056ea9ae9459fab2b6be6619e882720f70e12688b214f29f08f","1","5","5","E","Materialized evaluation exists under active context fingerprint ""fbcfc83c5f8e7257aa2b92e1fbd91acfebf47c5f4ca3fcd167def146839b0ba9"", but serving adapter rendered evaluationState=LEGACY."
"486","cf14b417ebd2e74e","affe8650dcba7599f7d29fc36ff07cbb5788dc9a691ea09690c3800e3292e0ab","Indeed","Chief Technology Officer","Saaki Argus & Averil Consulting","Chennai, Tamil Nadu","6793c048545a601328a38444bc6698787463be2944b2efb0b57555458a149778","1","5","5","E","Materialized evaluation exists under active context fingerprint ""fbcfc83c5f8e7257aa2b92e1fbd91acfebf47c5f4ca3fcd167def146839b0ba9"", but serving adapter rendered evaluationState=LEGACY."
"487","cf36ea08ed6c64b2","0ccd93b68b793ee551f446294bd2b5e81c867d666c93a581ca9e227daf962a1f","Indeed","Sr. Marketing Manager","Emgage","Ahmedabad, Gujarat","48cd17ef71e3cd94393d86feddccbf8cda149bbc9088baccdc617b524bce011a","1","5","5","E","Materialized evaluation exists under active context fingerprint ""fbcfc83c5f8e7257aa2b92e1fbd91acfebf47c5f4ca3fcd167def146839b0ba9"", but serving adapter rendered evaluationState=LEGACY."
"488","d0810e5e71f78395","414a26b275b1ea4a29ecf2b66cedf46a1c243a2c146c3bd38de51cfbf1f1f20d","Naukri","SeviceNow Director (16-25 yrs)","Mancer Consulting Services","Gurugram","14c4b7966e7ad22d21c4b9188a1ba98f572fff0ae93593ed958eea33fe2ca425","1","5","5","E","Materialized evaluation exists under active context fingerprint ""fbcfc83c5f8e7257aa2b92e1fbd91acfebf47c5f4ca3fcd167def146839b0ba9"", but serving adapter rendered evaluationState=LEGACY."
"489","d15d44e751b37404","7e394476cf66a62bdd37b53f70b505820f1bdd54ead66d554594966bc00d09e0","Indeed","Head of AI","Tachyon IT Solutions Pvt Ltd","Remote","f60cb18e6baf91e8969cbd28b56e0ab5c73234309dc0dcf1225f5a77adc69ec4","1","5","5","E","Materialized evaluation exists under active context fingerprint ""fbcfc83c5f8e7257aa2b92e1fbd91acfebf47c5f4ca3fcd167def146839b0ba9"", but serving adapter rendered evaluationState=LEGACY."
"490","d1674a3729ee775f","69cc90dce35eabcd588d42e06b1617137f7b31720f180f0d668f894d674f7f84","Naukri","Head - Sales - Media Digital Tech Platform (15-25 yrs)","Mynavi Solutions India","Gurugram","ea3461c25f3ba16d8af3d09a13f0618c81f76cc055907a1c44ada9ec66382977","1","5","5","E","Materialized evaluation exists under active context fingerprint ""fbcfc83c5f8e7257aa2b92e1fbd91acfebf47c5f4ca3fcd167def146839b0ba9"", but serving adapter rendered evaluationState=LEGACY."
"491","d1cd3697bfbe21b7","608826f705aaa47494980cea73a6f6dc9cac5a881edf276339a818701964b47d","LinkedIn","Consulting-Marketing Ops-Operations Vice President","Deloitte","Chennai, Tamil Nadu, India (On-site)","8829e84cc67e1a0ae0d0bacd883f928080083f45b95957fc2d72a9f6474683b5","1","5","5","E","Materialized evaluation exists under active context fingerprint ""fbcfc83c5f8e7257aa2b92e1fbd91acfebf47c5f4ca3fcd167def146839b0ba9"", but serving adapter rendered evaluationState=LEGACY."
"492","d21af99124e2cd49","976874b622949e09af9160080672d55d66f6030ce49c921c515ff987d288f187","LinkedIn","Marketing Head","Luke Coutinho Holistic Healing Systems","India (Remote)","14018c3d93f19b052e1b407a40113631f8d2b3e65080e3df2058e5f368c46fb2","1","5","5","E","Materialized evaluation exists under active context fingerprint ""fbcfc83c5f8e7257aa2b92e1fbd91acfebf47c5f4ca3fcd167def146839b0ba9"", but serving adapter rendered evaluationState=LEGACY."
"493","d2642170ae7d17bf","0a9a873b2ea198c0053a8c61ab0843b1758675d5435565164b9fbed20cc433d7","Naukri","Jubilant Bhartia Group - Senior Manager - Business Excellence - IIM/ISB/MDI/FMS (18-20 yrs)","Jubilant Pharmova","Noida","5df1646da6d06f94348a28c489bccb3a9154eef01827c8f32dd681a96faa6823","1","5","5","E","Materialized evaluation exists under active context fingerprint ""fbcfc83c5f8e7257aa2b92e1fbd91acfebf47c5f4ca3fcd167def146839b0ba9"", but serving adapter rendered evaluationState=LEGACY."
"494","d492577219fe37ad","dab195a99bbea5f5f74704fc98119226717fe37da02ce4398df9486939009861","Naukri","VP Information Management","Hsbc","Bengaluru","b65eadead9bc825fc3e62019bd340b22990a320143578ea4bb33383249d11b2c","1","6","6","E","Materialized evaluation exists under active context fingerprint ""fbcfc83c5f8e7257aa2b92e1fbd91acfebf47c5f4ca3fcd167def146839b0ba9"", but serving adapter rendered evaluationState=LEGACY."
"495","d4a2c9a5e372cb6f","776bf178c2af3bbf9667f45b445cd8a509e41ccaa63da210ec8a8239621b459d","Naukri","Vice President - Fundraising","PSS Global","Mumbai","35f591f71559eae9739ece0f464fefc268d6afa6512afaebce94a85df5133a1f","1","5","5","E","Materialized evaluation exists under active context fingerprint ""fbcfc83c5f8e7257aa2b92e1fbd91acfebf47c5f4ca3fcd167def146839b0ba9"", but serving adapter rendered evaluationState=LEGACY."
"496","d553b26ead2809f5","34cd8f9463d77ef6407f8cf77c4ec61ad64667f9bfeae19882fccb995ca0598c","Naukri","Associate Channel Account Manager","PTC","Gurugram","816e6f2cebc747725deedcea58080a2501d5aaf7347a4b53f018092ca07bb7a0","1","5","5","E","Materialized evaluation exists under active context fingerprint ""fbcfc83c5f8e7257aa2b92e1fbd91acfebf47c5f4ca3fcd167def146839b0ba9"", but serving adapter rendered evaluationState=LEGACY."
"497","d58a7d1165ea0509","5ba9c75868bb400d457d841fd1f3ed9bf020d03f9af9ec13bf390643caf93513","Indeed","Chief Operating Officer (COO)","Uruvyacas Research and Technological Solutions Pvt...","Remote","46ce01daf73612eef8b800b7da4fbea67d3f686eb2735510d3eb29cddd7b7d6e","1","5","5","E","Materialized evaluation exists under active context fingerprint ""fbcfc83c5f8e7257aa2b92e1fbd91acfebf47c5f4ca3fcd167def146839b0ba9"", but serving adapter rendered evaluationState=LEGACY."
"498","d62a5905f8f47e4e","88254e76ffa10bb14fa0cc1e289fc983a6f7d284d65f18905b06b1f30af08e2f","Naukri","Sales Enterprise Manager","Codincity Digital Technologies","Gurugram, Noida, New Delhi","f75a6dba951c6fb012883db34fd6a16dde6dea4f2e77d72033bff4f9081476ae","1","5","5","E","Materialized evaluation exists under active context fingerprint ""fbcfc83c5f8e7257aa2b92e1fbd91acfebf47c5f4ca3fcd167def146839b0ba9"", but serving adapter rendered evaluationState=LEGACY."
"499","d7d6488aad3fc850","06861616003cccfd11429c9a6e2353c1b49becd69891ff1e389b673e0848bb24","Indeed","Manager - Strategy & Planning","VML","Hybrid work in Gurugram, Haryana","dba062280f728d4d7a5abb2147dcd905adcba24aa760756157845aab2b269490","1","5","5","E","Materialized evaluation exists under active context fingerprint ""fbcfc83c5f8e7257aa2b92e1fbd91acfebf47c5f4ca3fcd167def146839b0ba9"", but serving adapter rendered evaluationState=LEGACY."
"500","d847292c0bd50d19","8306a5830aed8690c43acc62eae2c05d778234124c618dd267cad9f2e211569e","Indeed","Chief Marketing Officer (CMO)","Acuiti Labs","Pune, Maharashtra","e44b7da3c703c4ad1219ef4a3daf257ff87aa96fdd4e01c5620f77f8c55712d5","1","5","5","E","Materialized evaluation exists under active context fingerprint ""fbcfc83c5f8e7257aa2b92e1fbd91acfebf47c5f4ca3fcd167def146839b0ba9"", but serving adapter rendered evaluationState=LEGACY."
"501","d9e56e72c1474535","a9884f3a3da4c2147f0f9569cebca182bf9b581b9b8fa406a88fad7f440febcd","Naukri","AVP / VP","Realty 360 Degree","Noida","6a9e2b239e4d99edb51251b45ec1739a5468c33306d83a8000e7ee32f7d5133d","1","6","6","E","Materialized evaluation exists under active context fingerprint ""fbcfc83c5f8e7257aa2b92e1fbd91acfebf47c5f4ca3fcd167def146839b0ba9"", but serving adapter rendered evaluationState=LEGACY."
"502","da23fae6e506217a","599d78d2545f384ba8aeae31b9380cb1bf3b451ba3b2cd682bd5c1aa08e929cb","Naukri","Flipspaces - Assistant Vice President - Growth (15-20 yrs)","Flipspaces","Mumbai","55b212d2238bce88ef607771805a4be34209b346d785bc6d276f07a53f6bbb62","1","5","5","E","Materialized evaluation exists under active context fingerprint ""fbcfc83c5f8e7257aa2b92e1fbd91acfebf47c5f4ca3fcd167def146839b0ba9"", but serving adapter rendered evaluationState=LEGACY."
"503","da79986b10d2b9fd","8329542cba211641652cfe2859fdcd9f92cfe3260a4440b38bc9aa8f720dab6c","Indeed","Chief Operating Officer","RGB Web Tech","Chandigarh","25b11191cbdbe6df112fd1412205d3d57931300ddee3d2ec598253a0f70b55b5","1","5","5","E","Materialized evaluation exists under active context fingerprint ""fbcfc83c5f8e7257aa2b92e1fbd91acfebf47c5f4ca3fcd167def146839b0ba9"", but serving adapter rendered evaluationState=LEGACY."
"504","dc0682ac53011aa1","86f86640756bb48e54fe08c986eda6b5e636497e2bb9c0fe80c41963bbdb5995","Naukri","Chief of Office - Founders Office","CIEL HR","Coimbatore","0796a166be5eda34d4c326786b855d28f8223465bb11e615015ac5014cfa1ae8","1","5","5","E","Materialized evaluation exists under active context fingerprint ""fbcfc83c5f8e7257aa2b92e1fbd91acfebf47c5f4ca3fcd167def146839b0ba9"", but serving adapter rendered evaluationState=LEGACY."
"505","dc9880aeb172ccd4","25ee08ec4913afb4e0870363d12112b20070b8c244b79a230da311b0b0c75755","Indeed","Associate Director","LTM","Unknown, Unknown, Maharashtra","78d8842ff10f7e8bd6d325373808c140f955ff744f7f6ddc965647c09174bd89","1","5","5","E","Materialized evaluation exists under active context fingerprint ""fbcfc83c5f8e7257aa2b92e1fbd91acfebf47c5f4ca3fcd167def146839b0ba9"", but serving adapter rendered evaluationState=LEGACY."
"506","dcdde2047cc60988","38622b11f366a36533eb120d93c02bc7b1b544cd1e03c79a8309b76d15a1dfa3","Naukri","Senior Data Engineer","S&P Global Market Intelligence","Gurugram, Hyderabad","8e7dba4d050d2ec1150263b7b932437a4895995d286924f6de845ec23215d6c4","1","5","5","E","Materialized evaluation exists under active context fingerprint ""fbcfc83c5f8e7257aa2b92e1fbd91acfebf47c5f4ca3fcd167def146839b0ba9"", but serving adapter rendered evaluationState=LEGACY."
"507","dd6284d892e41d3a","489aa4dbc6dd70b596d8313e1b74f21779a7805c0ad85f4ad141198a3155d422","Naukri","True Credits - Head - Customer Management (10-16 yrs)","True Credits","Gurugram","aa6851751cbf8852601414a9a4150bfc91cd94cc487e2cd3c419bafbe34e3695","1","5","5","E","Materialized evaluation exists under active context fingerprint ""fbcfc83c5f8e7257aa2b92e1fbd91acfebf47c5f4ca3fcd167def146839b0ba9"", but serving adapter rendered evaluationState=LEGACY."
"508","dd75ab313ea214ce","6de19931a09dbba659618d9ea449cad1a2f5f2c1594dd0daee10b300c57c3f7f","Naukri","Kaleidofin - Senior Manager/Assistant Vice President - Debt Capital Markets (5-9 yrs)","Kaleidofin","Mumbai, Chennai, Bengaluru","c17e1445c86ac2a2aa3eebac5b5cc020dc3bc09478dcddb8a824911b05df2fae","1","5","5","E","Materialized evaluation exists under active context fingerprint ""fbcfc83c5f8e7257aa2b92e1fbd91acfebf47c5f4ca3fcd167def146839b0ba9"", but serving adapter rendered evaluationState=LEGACY."
"509","dda0182bc6375ddc","a73945af2e880e4d466f0e841dd81d9fec49dde65f902a00349049d8cab85815","Indeed","Marketing Head","Kugelblitz Private Limited","Jaipur, Rajasthan","950a64f0f0914a3864a1b8fcf73b79e2e5a3dafd038e83fe57e01fcc1b7cf738","1","5","5","E","Materialized evaluation exists under active context fingerprint ""fbcfc83c5f8e7257aa2b92e1fbd91acfebf47c5f4ca3fcd167def146839b0ba9"", but serving adapter rendered evaluationState=LEGACY."
"510","de13a964c8ed660d","d31bcf9ee1011302ac287857bc67b3c76dddd1e59432d70b8f18429a945c1dc9","Naukri","Group Manager / SVP Fundraising - Industrial","Matrix Hr Technologies","Chennai","7236ebe85d7d1d1a19505c384569805fb5ac4196374df9fac73db119214067fa","1","6","6","E","Materialized evaluation exists under active context fingerprint ""fbcfc83c5f8e7257aa2b92e1fbd91acfebf47c5f4ca3fcd167def146839b0ba9"", but serving adapter rendered evaluationState=LEGACY."
"511","de47a3d45da856d0","807b3ba098f2dae9b7b1583586b6d6fb938aa283c5848aad18b0840b49023bbf","Naukri","Associate Vice President, Strategic Initiatives - India","Impact Investment Exchange","Mumbai","8911d5c871ba6c6458baa5cadec425d48e8e79f8157c7fc85fae381e39dd63fd","1","5","5","E","Materialized evaluation exists under active context fingerprint ""fbcfc83c5f8e7257aa2b92e1fbd91acfebf47c5f4ca3fcd167def146839b0ba9"", but serving adapter rendered evaluationState=LEGACY."
"512","de576f83a296a7e2","b0fe8ba764e90ac81753a4e60c31fadb63953c6578a1cd880492cc331b4432b5","Naukri","Associate Director_HR Operations","Mobikwik","Gurugram","3ed0b5f950953a75e03b83d6e1589a7c5f2f9b46223357d4b0b4deb2571a6dab","1","5","5","E","Materialized evaluation exists under active context fingerprint ""fbcfc83c5f8e7257aa2b92e1fbd91acfebf47c5f4ca3fcd167def146839b0ba9"", but serving adapter rendered evaluationState=LEGACY."
"513","de88e21b16f3a91e","1ec00ee9034516f749dcbbb9b2ef654f4f286eab394dee385c14e1c7a1d59537","Naukri","Deloitte - Associate Director - Workforce Transformation - IIM/FMS/MDI/XLRI (10-15 yrs)","Deloitte Shared Services India","Mumbai, Bengaluru, Delhi NCR","80eb505eb59bbdfaacceff4ef58d8beb53154f4d7b24fa2cfbc1746b548ffeb2","1","5","5","E","Materialized evaluation exists under active context fingerprint ""fbcfc83c5f8e7257aa2b92e1fbd91acfebf47c5f4ca3fcd167def146839b0ba9"", but serving adapter rendered evaluationState=LEGACY."
"514","de9c3e51e25d7e76","701bcc2ef10da72a80319d1e7224eed4e8237fb49e6c9f8a2ced9c8e058abae3","Naukri","AI / Artificial Intelligence Practice Manager","GSPANN","Gurugram, Hyderabad, Bengaluru","a50232e4ed79bfc2e891ff9b48b42e62aa9b52e7d3d10a81966a14ce9a4680c9","1","5","5","E","Materialized evaluation exists under active context fingerprint ""fbcfc83c5f8e7257aa2b92e1fbd91acfebf47c5f4ca3fcd167def146839b0ba9"", but serving adapter rendered evaluationState=LEGACY."
"515","ded87e4c41600351","eaafc638845a15c5dbbe7860acd989a36b2ea0d19eb8ffd81ed50635e138f6f2","Naukri","Senior Vice President - Chief Growth Officer (20-25 yrs)","3i Infotech","Mumbai, Navi Mumbai","c28b349a86339d74109340892c361145f34e6a14a0e08efc4797f9af1989b5ea","1","5","5","E","Materialized evaluation exists under active context fingerprint ""fbcfc83c5f8e7257aa2b92e1fbd91acfebf47c5f4ca3fcd167def146839b0ba9"", but serving adapter rendered evaluationState=LEGACY."
"516","deebc4ba1c8203c5","d1fc4ec9c5f4824082374ee6cb209eb706c72b976ec12f12b80b140d9cc47af6","Naukri","Kaleidofin - Senior Manager/Assistant Vice President - Debt Capital Markets (5-9 yrs)","Kaleidofin","Mumbai, Chennai, Bengaluru","74c75e17c8c0b07970da7044dcbcb276b57ed2f4d2af325425a1b38e7f8217dd","1","5","5","E","Materialized evaluation exists under active context fingerprint ""fbcfc83c5f8e7257aa2b92e1fbd91acfebf47c5f4ca3fcd167def146839b0ba9"", but serving adapter rendered evaluationState=LEGACY."
"517","e1296ec99654db08","265bb105b2bfccacd090b41b42b2d79d327d0e774ea081bea7116a3802e5bd23","Naukri","Quality Assurance/Quality Control Head  - Data Center Constructions","Jones Lang Lasalle Property Consultants","Hyderabad","80df0b2942d73323b5345c972edbe79ecd77b68bb77ee143e4234a0e39ad7b35","1","5","5","E","Materialized evaluation exists under active context fingerprint ""fbcfc83c5f8e7257aa2b92e1fbd91acfebf47c5f4ca3fcd167def146839b0ba9"", but serving adapter rendered evaluationState=LEGACY."
"518","e19a23e21255d25a","bafb327112ef96607b84c71fffc86d510bc730e282b968692fc10742f49b64cb","Naukri","Director Marketing","Phenom Cloud India Pvt Ltd","Vijayawada","e762c48a6faa0e1a9d49e5006e29c21b417a17cc1b54ae2caf413f77fa784b03","1","5","5","E","Materialized evaluation exists under active context fingerprint ""fbcfc83c5f8e7257aa2b92e1fbd91acfebf47c5f4ca3fcd167def146839b0ba9"", but serving adapter rendered evaluationState=LEGACY."
"519","e2d233e7694c9114","7ccf25410eb60b4afa6b38668341f29f93f66c76a0384d1a6ca9590343d47517","Indeed","Director of Demand Generation (India)","Flosum","Remote in India","6be41c989847750350245427c76e366058e46088bc86956e56eaa8c97ed55a09","1","5","5","E","Materialized evaluation exists under active context fingerprint ""fbcfc83c5f8e7257aa2b92e1fbd91acfebf47c5f4ca3fcd167def146839b0ba9"", but serving adapter rendered evaluationState=LEGACY."
"520","e2f0856c3670bb99","332f7d1058c0a40142c7a1453f06fe67b67379e8429aa0b7e03b7dcb8f5eead2","Naukri","Fabel Services - Head - Growth Marketing (10-15 yrs)","Fabel Services","Gurugram","4a36cd733860389aa3170d9c67f178e85f7c42e03ae2eff953843f3ff0d38919","1","5","5","E","Materialized evaluation exists under active context fingerprint ""fbcfc83c5f8e7257aa2b92e1fbd91acfebf47c5f4ca3fcd167def146839b0ba9"", but serving adapter rendered evaluationState=LEGACY."
"521","e365cd162dffab4a","0aebbeee649dc6e031eccf0bdfa6429528b09642987a070d7981d115117fed4f","Naukri","Associate Manager- Management Accounting","SG Lottery India","Hybrid - Bengaluru","8b8721c861c821202f9e612bebafa2941b8d6641fc2e18e435c4dd2b81d5f416","1","5","5","E","Materialized evaluation exists under active context fingerprint ""fbcfc83c5f8e7257aa2b92e1fbd91acfebf47c5f4ca3fcd167def146839b0ba9"", but serving adapter rendered evaluationState=LEGACY."
"522","e37bd6b099254133","1f7df0f63617866876b25789ccd3c4b1905753e49bf8bb5a9b32b9e7092e4dfa","Naukri","Solution Sales & Services Lead (Senior Role)","Haarvard Management Consultants","Remote","4bd368ce6f89ccc456ca828b4e7898a567bcc8dd85b5e16e1a8ecad5dbb93a34","1","5","5","E","Materialized evaluation exists under active context fingerprint ""fbcfc83c5f8e7257aa2b92e1fbd91acfebf47c5f4ca3fcd167def146839b0ba9"", but serving adapter rendered evaluationState=LEGACY."
"523","e386da46de539535","0a48fb3ac82fa32b3496d556d5fb5f0fbd75758c13a04c52b069f6ea3affbe2b","Naukri","Assistant Vice President, Digital Platform Speciliast","DBS Bank","Mumbai","d44aea93f877b46a9961ffbb56c5601f119ff7054d1a5f7726b06e2c602dd775","1","5","5","E","Materialized evaluation exists under active context fingerprint ""fbcfc83c5f8e7257aa2b92e1fbd91acfebf47c5f4ca3fcd167def146839b0ba9"", but serving adapter rendered evaluationState=LEGACY."
"524","e3e54cc1587d28bd","410cde869a97ca6c60b0dc113ff0deeba13087d5bdbd5cb117ba0e2ef402aac8","Indeed","Head- Strategy- Gold Business","Saaki Argus & Averil Consulting","Chennai, Tamil Nadu","7106043f7b9ad8bbdfa957efe4a5b03c3bd09bb9b85371d50f87c66213e8d58d","1","5","5","E","Materialized evaluation exists under active context fingerprint ""fbcfc83c5f8e7257aa2b92e1fbd91acfebf47c5f4ca3fcd167def146839b0ba9"", but serving adapter rendered evaluationState=LEGACY."
"525","e400990b18561089","e01581ecdaffaba4984b2e883746fddc37923636cffd312cf112fa152e3e3b70","Naukri","SKV India - Head - Client Success (12-18 yrs)","Studiokon Ventures","Gurugram","1ad744fb39bbecf118710eb04a6dcf590b566a0f7ebc7f4422133b0f88812208","1","5","5","E","Materialized evaluation exists under active context fingerprint ""fbcfc83c5f8e7257aa2b92e1fbd91acfebf47c5f4ca3fcd167def146839b0ba9"", but serving adapter rendered evaluationState=LEGACY."
"526","e4ab8626f2236a5a","88c378b9c4712b9525730ff50a774f4ff1dd05a321e96eb61c1656a71d7dfcc6","Naukri","F&A COE - AGM / AVP","Golden Opportunities","Gurugram, Mumbai, Pune","4f788c3360bd0ff9df8a3fe5329d55f03cc6e5f9086758727b367134f7a55480","1","6","6","E","Materialized evaluation exists under active context fingerprint ""fbcfc83c5f8e7257aa2b92e1fbd91acfebf47c5f4ca3fcd167def146839b0ba9"", but serving adapter rendered evaluationState=LEGACY."
"527","e52e9403f8fdb75d","9a702837181836304b754669fe193362ce9b11a4065b3bdd4adfc5be6e681f50","Indeed","Vice President - Business Head","Kharesiya Brands pvt ltd","Dwarka, Delhi, Delhi","7540b098284caee0b26b853735d3ba1894c474736d36e5854d8a1f83cdf33cd9","1","5","5","E","Materialized evaluation exists under active context fingerprint ""fbcfc83c5f8e7257aa2b92e1fbd91acfebf47c5f4ca3fcd167def146839b0ba9"", but serving adapter rendered evaluationState=LEGACY."
"528","e576b77232f6851e","b400d4f6b37f958768261d355865b1c558e2a4c24034dcdfc5993bd69b7ebeac","Naukri","Chief Technology Officer (15-20 yrs)","PMS Consulting","Gurugram","a6d9183e60f5d7c9e1f5081021a39c0b7a58f022d14385224af8cebb0a421507","1","5","5","E","Materialized evaluation exists under active context fingerprint ""fbcfc83c5f8e7257aa2b92e1fbd91acfebf47c5f4ca3fcd167def146839b0ba9"", but serving adapter rendered evaluationState=LEGACY."
"529","e5f12f2bec4744e4","f3d16c4e9dfad9220a5f67951492722a59f1fe1665873dede9aeebf3d9544ed1","Indeed","Head of Marketing, Branding","Saaki Argus & Averil Consulting","Chennai, Tamil Nadu","dcc9a9080d02eb972732d6cdef1ca6cdf7387adee1247ab4c5e2936ba1ef8aba","1","5","5","E","Materialized evaluation exists under active context fingerprint ""fbcfc83c5f8e7257aa2b92e1fbd91acfebf47c5f4ca3fcd167def146839b0ba9"", but serving adapter rendered evaluationState=LEGACY."
"530","e691add6a70a7a2d","a0dc50334e4cb384097ffaa034c5e8b6f70839dd8392e92804dedd14fb0d2b41","Naukri","Head of Marketing","Superstuff","Gurugram","13ab6a340f08eedbcb5af5cff2173764823a0459db330808bead0b93d4cfcb81","1","5","5","E","Materialized evaluation exists under active context fingerprint ""fbcfc83c5f8e7257aa2b92e1fbd91acfebf47c5f4ca3fcd167def146839b0ba9"", but serving adapter rendered evaluationState=LEGACY."
"531","e6c42705b5670440","aaeea58dd9edcdf20605b36ac13a46fd5c8b3981d85e4433405131f59e3e921f","Naukri","Head of Organizational Architecting and High Performance Organization","Careallianz","Kolkata, Mumbai, New Delhi, Hyderabad, Pune, Chennai, Bengaluru","686cdece477a17f5030670092841dba89a5d0b36c63ff8cc498341f087a579d3","1","5","5","E","Materialized evaluation exists under active context fingerprint ""fbcfc83c5f8e7257aa2b92e1fbd91acfebf47c5f4ca3fcd167def146839b0ba9"", but serving adapter rendered evaluationState=LEGACY."
"532","e77c8eab5c2377cb","d4d7a4edb975a89c6acc8f115efca803164e48b3f7a6fe83bc9af38429389bb7","LinkedIn","VP, Head of (Quality) Engineering","Conga","Bengaluru, Karnataka, India (On-site)","9c3b2da950c01dd0ff20d919c28143c8c64410a5b0d032321d9bd3c02db4516a","1","6","6","E","Materialized evaluation exists under active context fingerprint ""fbcfc83c5f8e7257aa2b92e1fbd91acfebf47c5f4ca3fcd167def146839b0ba9"", but serving adapter rendered evaluationState=LEGACY."
"533","e7e4a19a41ea1fae","ec89bdb629a314f714584fdab76112020110e504fe4be6e4630eab45914cdbd3","Indeed","Chief Technical Officer (CTO)","Bharatiya Global Infomedia","Noida, Uttar Pradesh","f8494f0a7a786cbc3dad7e73881302adf9a874dfad39ffb3775de77b59aeb41a","1","5","5","E","Materialized evaluation exists under active context fingerprint ""fbcfc83c5f8e7257aa2b92e1fbd91acfebf47c5f4ca3fcd167def146839b0ba9"", but serving adapter rendered evaluationState=LEGACY."
"534","e85536fef8f2575c","bdfc8d71bf19fe378d09c4f5c9d538785047366f2ea5d76626cef25ee1be5007","Naukri","Head - Growth Marketing -B2B FINTECH SAAS","Skiad","Bengaluru","77b03a078f1ba1d935d1b95cd251ea01385e2876885f98419643f543dd748a41","1","5","5","E","Materialized evaluation exists under active context fingerprint ""fbcfc83c5f8e7257aa2b92e1fbd91acfebf47c5f4ca3fcd167def146839b0ba9"", but serving adapter rendered evaluationState=LEGACY."
"535","e9184fbbb7b47501","d09060fd0ee5cf29e48956e977a19da6173f48da48d823f924a53a369a78f7eb","Naukri","Director - Private Markets","Crisil","Mumbai","c28226a01b0e30b8a24edaee9b26ffa0e3dfdaffb756f7bbbf9dadfd1eb60289","1","5","5","E","Materialized evaluation exists under active context fingerprint ""fbcfc83c5f8e7257aa2b92e1fbd91acfebf47c5f4ca3fcd167def146839b0ba9"", but serving adapter rendered evaluationState=LEGACY."
"536","e92c9f07b2730411","3e6cfdaa7f8e66d1c36975d2785c5c96b191baa48e14b05b484c4a44e968a238","Naukri","AVP - Strategy & Planning","Salmon Commerce","Gurugram","2dd60aa2fd2043399911c1ae99d7d8386e0923cd0b644e0fd9fd1fc899e9ed09","1","6","6","E","Materialized evaluation exists under active context fingerprint ""fbcfc83c5f8e7257aa2b92e1fbd91acfebf47c5f4ca3fcd167def146839b0ba9"", but serving adapter rendered evaluationState=LEGACY."
"537","ea4549782df14c99","8dbe01f87eee8bdc7695595317215cbb67c80c21198d9ad2dbecf0f3ee9d0ff8","Indeed","Director, Commercial Strategy // Consumer Insights","Portage Point Partners","Hybrid work in Gurugram, Haryana","4f3f2419da19553bb3bd07f47e4e5faa2022db5f54e3cf33fdb4edd1d59503a4","1","5","5","E","Materialized evaluation exists under active context fingerprint ""fbcfc83c5f8e7257aa2b92e1fbd91acfebf47c5f4ca3fcd167def146839b0ba9"", but serving adapter rendered evaluationState=LEGACY."
"538","eaaa91f871e1830d","e9ffdc119cf15c1caf7681521fd0849118e4805423d28e9f5c8931eb8fcf6fc5","Naukri","Enterprise Sales Account Manager","Iron Mountain","Gurugram","5f88e85bc9bf6f3246c171a159a966329c2eaff0377b3cf4c790af190944b7f0","1","5","5","E","Materialized evaluation exists under active context fingerprint ""fbcfc83c5f8e7257aa2b92e1fbd91acfebf47c5f4ca3fcd167def146839b0ba9"", but serving adapter rendered evaluationState=LEGACY."
"539","eac8b6d87aacccbd","ef0115163da9a5d30b9b629cc981c72401a58ba71e508d8f1c3e6ed98ca6be03","Naukri","Lead / Principal Consultant - HR Consulting (GCC)","Vlaunchu","Bengaluru","24110e176fd53e740e8696ec0284f14cd1baad9d8b9d31765aa81dde27531b22","1","5","5","E","Materialized evaluation exists under active context fingerprint ""fbcfc83c5f8e7257aa2b92e1fbd91acfebf47c5f4ca3fcd167def146839b0ba9"", but serving adapter rendered evaluationState=LEGACY."
"540","ebadb8403cbbbf3c","237c5444fdc49b0bb54248ec281ad814e9cfcaf183d562727516ad82c214aa28","Naukri","Head of marketing","The Fourth Wall Noida","Noida","be14711587ba8f5eb3de30cfd4905707ada473615614dd193728147f7d33469c","1","5","5","E","Materialized evaluation exists under active context fingerprint ""fbcfc83c5f8e7257aa2b92e1fbd91acfebf47c5f4ca3fcd167def146839b0ba9"", but serving adapter rendered evaluationState=LEGACY."
"541","ebdad068fcd413e8","b27fbaeb0535482230efdcda038c7b21eed537109e42e65083411e3131c2b77a","Indeed","Vice President of Global Business Development","Zycus","Mumbai, Maharashtra","2b9689ecce199a6a5d554af10c4d459b7f2dd5a2ed5fba4c67723dd550377f49","1","5","5","E","Materialized evaluation exists under active context fingerprint ""fbcfc83c5f8e7257aa2b92e1fbd91acfebf47c5f4ca3fcd167def146839b0ba9"", but serving adapter rendered evaluationState=LEGACY."
"542","ec393c56667bebce","15f2d7dd0ec0fd6bc1f8c8613d0a8dccf17d9a525ee503951dcac35bcbf04343","Naukri","General Manager","Gold Plus Glass Industry","Delhi / NCR, Roorkee, Belagavi","19a1f26fee4a8de49748a7a474240183518f1d4b8197993d673dd9d94673f4e2","1","5","5","E","Materialized evaluation exists under active context fingerprint ""fbcfc83c5f8e7257aa2b92e1fbd91acfebf47c5f4ca3fcd167def146839b0ba9"", but serving adapter rendered evaluationState=LEGACY."
"543","ed352afe9f9df12e","2408842cd9481e13a2b7790bef40b3c3ae9d11b23bca2eb7c5c5c3cbee310e99","Naukri","AI VP/SVP Engineering","Info Edge","Noida","407af164062125bee8269a6b33a15cdfd0af904ce13d38eee3e0c36a1de4fc0f","1","6","6","E","Materialized evaluation exists under active context fingerprint ""fbcfc83c5f8e7257aa2b92e1fbd91acfebf47c5f4ca3fcd167def146839b0ba9"", but serving adapter rendered evaluationState=LEGACY."
"544","ed3e3c7fb14c4976","7f741543b0380b893863226c1dac797233c97efc823ccbf37e4e19d41b5172cc","Naukri","Zycus - Director - Marketing (10-13 yrs)","Zycus Infotech","Mumbai, Bengaluru","3c5f066166169ab6897a4bb31824d92ef740e5106f04f2f9917a84397d7bb9ab","1","5","5","E","Materialized evaluation exists under active context fingerprint ""fbcfc83c5f8e7257aa2b92e1fbd91acfebf47c5f4ca3fcd167def146839b0ba9"", but serving adapter rendered evaluationState=LEGACY."
"545","ed4eea48783ba846","a93e3f11a29cf3a5d9b0942f8e5d6b8ddcea69f18cb6e9123c3d701d84740bf7","Naukri","HRBP Head","Nibav Lifts","Chennai","a3159da1e5dad37e008eb1a790eb8d9bc753c3dd3c7a153d0becdf21864a1a45","1","5","5","E","Materialized evaluation exists under active context fingerprint ""fbcfc83c5f8e7257aa2b92e1fbd91acfebf47c5f4ca3fcd167def146839b0ba9"", but serving adapter rendered evaluationState=LEGACY."
"546","ee030bbd2fd06aa0","5054a6f7379043a85f2aa5095f2f6a45f72b18b4db804ec6e8199d39b3058bab","Indeed","AVP - Marketing","Saaki Argus & Averil Consulting","Chennai, Tamil Nadu","b3c7b7df01f99ea4e31b652ba9563ceb188e556c7ece8f5277b3147dc9dd3722","1","6","6","E","Materialized evaluation exists under active context fingerprint ""fbcfc83c5f8e7257aa2b92e1fbd91acfebf47c5f4ca3fcd167def146839b0ba9"", but serving adapter rendered evaluationState=LEGACY."
"547","ee4bc6958ff4fb78","67cb6d075722b601cc15d8f47fcb5a464119936407e50c74acca5a2b35447466","Naukri","SKV India - Head - Client Success (12-18 yrs)","Studiokon Ventures","Gurugram","26eb90a805a4a9917adbba1ac8aced34a1342a11b16f47cfd341966001524115","1","5","5","E","Materialized evaluation exists under active context fingerprint ""fbcfc83c5f8e7257aa2b92e1fbd91acfebf47c5f4ca3fcd167def146839b0ba9"", but serving adapter rendered evaluationState=LEGACY."
"548","eeb3ec729ad369c6","7f372627e12f3551dddd0f28ab24d4ef950e1315c7cf07288770265b20f78ca9","Naukri","Tescra -  Chief Marketing Officer - SaaS - AI/HR Tech (12-20 yrs)","Tescra","Bengaluru","0db2414f8c9474d391a3d27ecde305e67f82c9a6f379c65aa93b17f9e42f0a34","1","5","5","E","Materialized evaluation exists under active context fingerprint ""fbcfc83c5f8e7257aa2b92e1fbd91acfebf47c5f4ca3fcd167def146839b0ba9"", but serving adapter rendered evaluationState=LEGACY."
"549","eeb849404662eb2f","f0e6c442fc5ee79369a13854b8d294aeef32116afeee880f6dad73b787783d57","Naukri","Director of Growth Marketing","Tech Stalwart Solution","Kolkata, Mumbai, New Delhi, Hyderabad, Pune, Chennai, Bengaluru","35d3e83c22f591004b361f2c08f3e7693c3d4d0edabb421e6e9f5da45b710f2e","1","5","5","E","Materialized evaluation exists under active context fingerprint ""fbcfc83c5f8e7257aa2b92e1fbd91acfebf47c5f4ca3fcd167def146839b0ba9"", but serving adapter rendered evaluationState=LEGACY."
"550","eeefe01df25abf0c","94afc12a72e0dc4dcd644d2822d0ad51ea277a4a6a3c5518ea67df9a0e418a5b","Indeed","Director of Growth (India-Based)","Vulcury Venture Studio and Advisors","Remote","8c90d6b086e4ad7befe832e966ab3ea3d3879f9dec0be477c71fb30d81e2f935","1","5","5","E","Materialized evaluation exists under active context fingerprint ""fbcfc83c5f8e7257aa2b92e1fbd91acfebf47c5f4ca3fcd167def146839b0ba9"", but serving adapter rendered evaluationState=LEGACY."
"551","ef090a1fd5a83d78","e5ebdbae3c8b7bf4b1e2a833fc035341e95ede2d12447bda834247797ab002ba","Naukri","Indifi Technologies - Associate Director - Business Development (3-6 yrs)","Indifi Technologies","Gurugram","05a9ba59a83b2a3d6f27b14474185b86c5f56c496811617b321f0d570e55014a","1","5","5","E","Materialized evaluation exists under active context fingerprint ""fbcfc83c5f8e7257aa2b92e1fbd91acfebf47c5f4ca3fcd167def146839b0ba9"", but serving adapter rendered evaluationState=LEGACY."
"552","ef41467a2465aec1","31147564e545e0f14929ac18c53a49c0dab91794ab86174cfd56611890ecf78e","Naukri","Head of Marketing","ImagicaaWorld Entertainment Limited","Pune","e0c6c3f4a96cca619689107e9b791373b4e8b59fcbe7aecfbf97d9cc2744e090","1","5","5","E","Materialized evaluation exists under active context fingerprint ""fbcfc83c5f8e7257aa2b92e1fbd91acfebf47c5f4ca3fcd167def146839b0ba9"", but serving adapter rendered evaluationState=LEGACY."
"553","ef552ed298764794","9af2ea1cb85e1cdb8ee227dbba20c111f031b0ae41cb16f2b1052db872927f4c","Naukri","Marketing Director","Trufid Services","Mumbai","7d4b6aa4712334e61c283712882706cf9685ada6453412a85298539de4f3d648","1","5","5","E","Materialized evaluation exists under active context fingerprint ""fbcfc83c5f8e7257aa2b92e1fbd91acfebf47c5f4ca3fcd167def146839b0ba9"", but serving adapter rendered evaluationState=LEGACY."
"554","efdeb67f45085d05","f78b7d17682d9b8e676abd293f8815f93ff7a4d794ae0fa7656fd5737c890873","Naukri","VP Marketing Head Hydrocarbon","The Placer Noida","Mumbai","90b3a6e8b33c6cab5bfef268c3df2fc840fd55e1d8ebab23909cec6343baff7f","1","6","6","E","Materialized evaluation exists under active context fingerprint ""fbcfc83c5f8e7257aa2b92e1fbd91acfebf47c5f4ca3fcd167def146839b0ba9"", but serving adapter rendered evaluationState=LEGACY."
"555","f137e811f4643bf5","ed0b6e070c4fafc5ac8cfb6f480ca3525816369ad7a62160c7ec1b7b88401773","Naukri","Indifi Technologies - Associate Director - Business Development (3-6 yrs)","Indifi Technologies","Gurugram","26c04da6ef3b04ff07beafb626af888e83e2173ffc73c55a10f4a80e13e68eaa","1","5","5","E","Materialized evaluation exists under active context fingerprint ""fbcfc83c5f8e7257aa2b92e1fbd91acfebf47c5f4ca3fcd167def146839b0ba9"", but serving adapter rendered evaluationState=LEGACY."
"556","f19bbe901b04b3a4","6b37b66f2d58b0996bb28bbda0471e437d048c1023f3c3566aba0b22247bdc48","Naukri","National Sales Head - Digital Post Press Business (15-20 yrs)","MNR Solutions","Mumbai","5b68e4da9e1a37ebbf492379af0eb00cb5493cc101b8aa03df634230680c7673","1","5","5","E","Materialized evaluation exists under active context fingerprint ""fbcfc83c5f8e7257aa2b92e1fbd91acfebf47c5f4ca3fcd167def146839b0ba9"", but serving adapter rendered evaluationState=LEGACY."
"557","f22daa7788bfe8c1","be7d240af66a1143c45b16e661f622ce5db8cf37539600ccaa21a97069fac798","Naukri","AVP/VP Strategic Alliance","Z1 Tech","Gurugram","526df67e1257aee66d0b806be97ed281cbe768b098380d3ecc65995a2bb15da8","1","6","6","E","Materialized evaluation exists under active context fingerprint ""fbcfc83c5f8e7257aa2b92e1fbd91acfebf47c5f4ca3fcd167def146839b0ba9"", but serving adapter rendered evaluationState=LEGACY."
"558","f23a2056bfa2fa51","d756bae247b9af1166fe9b6c51abf190ed728d930e655550e8c4140434407714","Naukri","General Manager - After Sales Service ( Commercial Vehicle Dealer )","PERSOL","Chennai","b298e2243b500e3b3fede08588a6bc91371d5f18a12d2128377e14043de22dae","1","5","5","E","Materialized evaluation exists under active context fingerprint ""fbcfc83c5f8e7257aa2b92e1fbd91acfebf47c5f4ca3fcd167def146839b0ba9"", but serving adapter rendered evaluationState=LEGACY."
"559","f30c096ea0524d6b","7984fedb59ed447ca278b6f3b6f4246345483e158c4b61e800780e055f8cf99d","Naukri","Associate Vice President, Marketplace and Partnerships","Mindshare","Gurugram","19ea0a3dd47e959f0926c5c54aee29a2f35958b85a5ba81a5f11458ee01ca9ef","1","5","5","E","Materialized evaluation exists under active context fingerprint ""fbcfc83c5f8e7257aa2b92e1fbd91acfebf47c5f4ca3fcd167def146839b0ba9"", but serving adapter rendered evaluationState=LEGACY."
"560","f3456c1bac0f19f5","65c24f79d234a2b1326d1be481dcfddd610f80aa4c964c67578943d4a9d9155c","Indeed","Vice President","KP Groups","Surat, Gujarat","f12d18ca6076a30cf4b75ff9afa4f8cab5ae33387bad726e1fb5cb5277994fd5","1","5","5","E","Materialized evaluation exists under active context fingerprint ""fbcfc83c5f8e7257aa2b92e1fbd91acfebf47c5f4ca3fcd167def146839b0ba9"", but serving adapter rendered evaluationState=LEGACY."
"561","f35f8fd5eb26313e","ed2523b7624516269b53dd63f3ec538af776c804be74f616d7da1debc274950f","Naukri","Vice President - Engineering - FinTech/Payments (10-15 yrs)","Tefa Technologies","Gurugram","48797ba7f885f1b3c4f6a4a1a994cd00a92cc21f3bc4cdacc8e446bbd7ca0797","1","5","5","E","Materialized evaluation exists under active context fingerprint ""fbcfc83c5f8e7257aa2b92e1fbd91acfebf47c5f4ca3fcd167def146839b0ba9"", but serving adapter rendered evaluationState=LEGACY."
"562","f3b603ed2bd371c6","19809a54aa1ed179caa4c2ddd4ca6d213e565474e8bddce838d9449547986096","Naukri","Moody - Assistant Vice President - Product Analysis/Digital Assets Domain (7-10 yrs)","Moody's Analytics","Gurugram, Bengaluru","c4759208385e4a39d8c92c577e1c1e4b3c4d2dfa8d92f1ec3df9f819904ce769","1","5","5","E","Materialized evaluation exists under active context fingerprint ""fbcfc83c5f8e7257aa2b92e1fbd91acfebf47c5f4ca3fcd167def146839b0ba9"", but serving adapter rendered evaluationState=LEGACY."
"563","f47645cfe9666c11","1fbb2fecb1ad8a982160dd9450b0d6bea9ddcfa87dc9f28b26f5f93cf862ef8a","LinkedIn","Senior Director of Marketing-SAAS","Pump Dynamics","Chennai, Tamil Nadu, India (On-site)","aed902c0fbdc755b4e8535881a71c311b4d1c94b60cbdb8a043764886468b208","1","5","5","E","Materialized evaluation exists under active context fingerprint ""fbcfc83c5f8e7257aa2b92e1fbd91acfebf47c5f4ca3fcd167def146839b0ba9"", but serving adapter rendered evaluationState=LEGACY."
"564","f482b1a60837fddd","da03afd4c3c3366940143271337104f0abc95c2b052b8fa80f99222de559d23b","Naukri","AVP Data analytics /Business Analytics - US MNC (Analytics)","Aspyra Hr Services","Hybrid - Gurugram, Bengaluru","c73e07b89959e4b5ee524d9786e6d946d15a79a244cd5cb4c4d99525fe98c2f5","1","6","6","E","Materialized evaluation exists under active context fingerprint ""fbcfc83c5f8e7257aa2b92e1fbd91acfebf47c5f4ca3fcd167def146839b0ba9"", but serving adapter rendered evaluationState=LEGACY."
"565","f4ba774f600f87d0","a9ec4c595896dbb00928455489291d7dd8d974d70f57b2cd451508c3352cb87d","Naukri","Marketing Head","ACZ Global","Bengaluru","e611d4d1da253efd98d5b71c299aaae4f0e9367ac206363fe3b6bce95a8f255b","1","5","5","E","Materialized evaluation exists under active context fingerprint ""fbcfc83c5f8e7257aa2b92e1fbd91acfebf47c5f4ca3fcd167def146839b0ba9"", but serving adapter rendered evaluationState=LEGACY."
"566","f516934f681a21ad","b4cdd459b530aa2ad0d03452b16b8d25995bfbf9823c5ba69b5284eeb34870ee","Naukri","BMS Head","Waaree Energies","Valsad, Vapi, Navsari","2b0721cfa22743d0f37da5ae383fb9e1bea0c8ef84aa96b7289f07b098eb4c08","1","5","5","E","Materialized evaluation exists under active context fingerprint ""fbcfc83c5f8e7257aa2b92e1fbd91acfebf47c5f4ca3fcd167def146839b0ba9"", but serving adapter rendered evaluationState=LEGACY."
"567","f52f3d9883b5f9b8","5e03960645a58f3c0e94452d3ceab16cbf48daf8ebd0a1351f661e5a63bf08c2","Indeed","Head of Customer Experiences","Thrillophilia","Jaipur, Rajasthan","d7eee3111bcb0fb0fd41e3212c1c25083ecda694994ac842024b51e2fab64dd6","1","5","5","E","Materialized evaluation exists under active context fingerprint ""fbcfc83c5f8e7257aa2b92e1fbd91acfebf47c5f4ca3fcd167def146839b0ba9"", but serving adapter rendered evaluationState=LEGACY."
"568","f53835a70144e617","16506a1bb84657ee208342d52cfc4753b309bf0eb5d6316e249e0ebc221ef521","Naukri","VP- Engineering","Head Hunters","Pune","f16bee7e245d97701ca7abb955d28c4be7922db19580ab469f84291a79a4bc6c","1","6","5","E","Materialized evaluation exists under active context fingerprint ""fbcfc83c5f8e7257aa2b92e1fbd91acfebf47c5f4ca3fcd167def146839b0ba9"", but serving adapter rendered evaluationState=LEGACY."
"569","f55e9c9c66ab9905","b93a39e7f158854ca81093711c1faef9a07f734d64d3b4a057c6e2b2f02e1dc8","Naukri","Business Head / Category Head (D2C)","Adecco India","Gurugram","2d236ea069d09edafaf80cf2d97d98129d24a2a729791a38deedb3db34109376","1","5","5","E","Materialized evaluation exists under active context fingerprint ""fbcfc83c5f8e7257aa2b92e1fbd91acfebf47c5f4ca3fcd167def146839b0ba9"", but serving adapter rendered evaluationState=LEGACY."
"570","f62d6e8ce262c189","430c678a8ddf607ac40922ad9e02e32eb5951ae770019f7c5eaaac173df3d8ce","Naukri","Brick&Bolt - Chief Marketing Officer (20-30 yrs)","Brick&Bolt","Bengaluru","7694095cabbc3b9cb22ea9cf0aafcb3639e0cec8366f40a3cce746a0c42cef1a","1","5","5","E","Materialized evaluation exists under active context fingerprint ""fbcfc83c5f8e7257aa2b92e1fbd91acfebf47c5f4ca3fcd167def146839b0ba9"", but serving adapter rendered evaluationState=LEGACY."
"571","f64d5f7aea08b77f","24da6d27756551aec6b978bfcc79b5cc7bfa27920b1cf254ba0a1b43c9851ebd","Naukri","Director - Revenue Operations (Strategy & Transformation)","Mastercard","Gurugram","4a8aac39f8123326e6fa7e72f528851af9a35bc96b7af83ab4dd1d540712efed","1","5","5","E","Materialized evaluation exists under active context fingerprint ""fbcfc83c5f8e7257aa2b92e1fbd91acfebf47c5f4ca3fcd167def146839b0ba9"", but serving adapter rendered evaluationState=LEGACY."
"572","f684a1a332a7a17a","45cc5fdb32302c8fa2056e1dc7affb69e8e98dfc3e027b26c6ba58e0bbcd5b60","Naukri","Oracle CoE & GTM Leader - Cloud & EBS (SCM | FIN | HCM | CX)","Jade Global","Pune","12a340c292bc9c6fb60b82176bac7175592694694bee7f7fc5310bb6fe160da6","1","5","5","E","Materialized evaluation exists under active context fingerprint ""fbcfc83c5f8e7257aa2b92e1fbd91acfebf47c5f4ca3fcd167def146839b0ba9"", but serving adapter rendered evaluationState=LEGACY."
"573","f68c44a97f9e2f69","0c460ec6e3ed399511b2513a1e112c19e22b8dcbd9502e127c906408db3dce0c","Naukri","Director - Compliance - Banking (18-26 yrs)","Black Turtle","Gurugram, Noida","7ef76e8db9baf97165e992d88d045214d503a8ff1aec2c51c77decf573899f4c","1","5","5","E","Materialized evaluation exists under active context fingerprint ""fbcfc83c5f8e7257aa2b92e1fbd91acfebf47c5f4ca3fcd167def146839b0ba9"", but serving adapter rendered evaluationState=LEGACY."
"574","f70f4d0ad230bc47","d04d1e6ce51058ffd5e3ff1ff7b156f46a03a7ad9a26fe92160690fa044be7a7","Naukri","Chief Marketing Officer/ General Manager -S&M Cement Building Industry","People Alliance Workforce","Guwahati, Kolkata, Jabalpur","fe905684abab0d0a8bd65333a5ee93703e0f965e095b54661e11739454d7c8df","1","5","5","E","Materialized evaluation exists under active context fingerprint ""fbcfc83c5f8e7257aa2b92e1fbd91acfebf47c5f4ca3fcd167def146839b0ba9"", but serving adapter rendered evaluationState=LEGACY."
"575","f8739e3f6eed7d6b","8db9bff9fe1331bc145b463486c4add3a28e7bfc7434aa66e6e524cbbd2d176a","LinkedIn","VP – Lifetime Customer Value","DocOnline","Remote","0685fa6921d3411973efb7af825f838dfac403ffa0738bdf64ecdc81325cd083","1","6","6","E","Materialized evaluation exists under active context fingerprint ""fbcfc83c5f8e7257aa2b92e1fbd91acfebf47c5f4ca3fcd167def146839b0ba9"", but serving adapter rendered evaluationState=LEGACY."
"576","f876be1e93b1a168","b7d368740fb295b11eb8fcccbcd932ce1e16bcc8df2e685dc4202afebcd1e7b8","Naukri","Director - Finance Business Partner","Randstad","Bengaluru","95185f9a500fe51dca200d97fa4d8871124fbb9e5236a19221ff88f9122105d7","1","5","5","E","Materialized evaluation exists under active context fingerprint ""fbcfc83c5f8e7257aa2b92e1fbd91acfebf47c5f4ca3fcd167def146839b0ba9"", but serving adapter rendered evaluationState=LEGACY."
"577","f90602dd9dd26efb","34e232f1db6d320fd33474f2a21ffea24127ce4895a0ee03113bc71b59eb9d4a","Naukri","Chief Business Head  Real Estate Developer Gurugram","Mcube Placements","Gurugram","6c7761806eb5c1c69ed1c2f2c88991f3d0121428f8018a7e6e74e523ad08691c","1","5","5","E","Materialized evaluation exists under active context fingerprint ""fbcfc83c5f8e7257aa2b92e1fbd91acfebf47c5f4ca3fcd167def146839b0ba9"", but serving adapter rendered evaluationState=LEGACY."
"578","f9b95b0fa783b62a","1c88b28b6f3286f019c2e38a76e42c3bb95c27b0b6037a95d91ae7b7e1ea1bef","Naukri","Senior Manager","Axtria","Noida","b7f7355ca610b625bd8b63ae4dfba78127f4b1aa46b9050c5c16b3269ebc909e","1","5","5","E","Materialized evaluation exists under active context fingerprint ""fbcfc83c5f8e7257aa2b92e1fbd91acfebf47c5f4ca3fcd167def146839b0ba9"", but serving adapter rendered evaluationState=LEGACY."
"579","fa8bbb5d60e5c5f6","02a1d4df2bdf5587d4c0c7ba626ddbf5ac45ebd4f5d228ff1ce37b3dd923a123","Naukri","Oracle Fusion HCM Lead","Aanseacore","Chennai","94bc1c3a91b0d33cbbf59be003c7b4ef9065831fff5d99a369bee6a04f4ecc04","1","5","5","E","Materialized evaluation exists under active context fingerprint ""fbcfc83c5f8e7257aa2b92e1fbd91acfebf47c5f4ca3fcd167def146839b0ba9"", but serving adapter rendered evaluationState=LEGACY."
"580","fbbf23d04a17582d","9a23f4529c0b3f693f63708e86aecbd1aeb28f849565e6171fac4dc20fdd94f7","Naukri","P2P COE Head","Welspun World","Ahmedabad","69a13ed2b6e9b1701a7962f1579ef07d3631d7340452ac07daa54599b5ef031b","1","5","5","E","Materialized evaluation exists under active context fingerprint ""fbcfc83c5f8e7257aa2b92e1fbd91acfebf47c5f4ca3fcd167def146839b0ba9"", but serving adapter rendered evaluationState=LEGACY."
"581","fbc17f52bca02354","159fa1d6fde5b1e650f50c60763947bbb72f7423a3f66ad495a9803d3b0194ec","Indeed","AVP Business Strategy & Operations","Tracxn Technologies","Bengaluru, Karnataka","0e0c9644b6c9eb9c2dc75a3463c3515b63f67da25a8aec502acb535669968c8d","1","6","6","E","Materialized evaluation exists under active context fingerprint ""fbcfc83c5f8e7257aa2b92e1fbd91acfebf47c5f4ca3fcd167def146839b0ba9"", but serving adapter rendered evaluationState=LEGACY."
"582","fc903997df11f2b7","b28109d11e9cdbd94bbefe3b59c60c064093b4717e8975569027b4df2cf8d1b5","Naukri","Business Development Manager","Digidarts Marketing","Gurugram","68213fd83d0418e6c96aff3c25d615309df0adddb4c74abdeaf4684825324cfe","1","5","5","E","Materialized evaluation exists under active context fingerprint ""fbcfc83c5f8e7257aa2b92e1fbd91acfebf47c5f4ca3fcd167def146839b0ba9"", but serving adapter rendered evaluationState=LEGACY."
"583","fc92c6c218dce071","f198b27566a09f2309dbeea42595d13e9efe653307f6e74219f7ed3a71b4b084","Naukri","Head - IT, Cybersecurity & Digital - India GCC","Aanseacore","Chennai","dc5663bbbb4981761239ddcf0adc5b4c9c2392a89c31a46999341e9e3a90a144","1","5","5","E","Materialized evaluation exists under active context fingerprint ""fbcfc83c5f8e7257aa2b92e1fbd91acfebf47c5f4ca3fcd167def146839b0ba9"", but serving adapter rendered evaluationState=LEGACY."
"584","fcec5a9bd26838cf","41c66c0f28983dadf57d6831fd4ab573cd8009eea8ea4de1aa462cc074ad101f","Indeed","VP - Product Marketing","SkanAI","India","db0196c964a000a0199b2d548d804d0c00ff24824a5f5b36e4d8ce37ba8caab6","1","6","6","E","Materialized evaluation exists under active context fingerprint ""fbcfc83c5f8e7257aa2b92e1fbd91acfebf47c5f4ca3fcd167def146839b0ba9"", but serving adapter rendered evaluationState=LEGACY."
"585","fd225c21534da6e6","adf6d1576e97ef9a769969af7eb603156e15eba9c8cab3089cafd4a609dd2690","Naukri","Senior Manager/GCC Account Lead - Solution Architecture (12-20 yrs)","BLJ Tech Geeks","Hyderabad, Pune, Bengaluru","46905397c9e6c1ec62e6b7c07d867d7ce6127acd69f40cb8850e221be8c29f2f","1","5","5","E","Materialized evaluation exists under active context fingerprint ""fbcfc83c5f8e7257aa2b92e1fbd91acfebf47c5f4ca3fcd167def146839b0ba9"", but serving adapter rendered evaluationState=LEGACY."
"586","fd9d2eb6359f1316","74821e54c3ce85224f5d4f73c7a38fac4886078fc91edd4b4f7ef0a58c314d4a","Indeed","Partnerships Acquisitions Manager, India","SchoolApply","Remote in Delhi","d63c7d64db3be0ccf549a91848bd0b4f86266934ffc3d86a0f5b5a0cd845a9fc","1","5","5","E","Materialized evaluation exists under active context fingerprint ""fbcfc83c5f8e7257aa2b92e1fbd91acfebf47c5f4ca3fcd167def146839b0ba9"", but serving adapter rendered evaluationState=LEGACY."
"587","fda32bd64b3bb530","9364bc6f03d97f5dabc86430f710b762c18207aaaaf661dec7b1971256c43641","Naukri","VP - Global eMarketplace Growth & Partnerships","Mahasurya Ventures India","Gurugram, Mumbai(Mulund), Siliguri","13ea3283089f7d317476aec406f14ae27b2f306b17e44a40e609110354839cd4","1","6","6","E","Materialized evaluation exists under active context fingerprint ""fbcfc83c5f8e7257aa2b92e1fbd91acfebf47c5f4ca3fcd167def146839b0ba9"", but serving adapter rendered evaluationState=LEGACY."
"588","fdd9e8ce815b62fe","dd6b43989473ca2db94480ae23fc560a307b8a8fd3e362f5d1ac6e3a66cab59c","Naukri","State Head","Symbiosis Management Consultants","Delhi / NCR, Mumbai(Maharashtra Nagar), Chandigarh","753bf85480b4c3faed78395405998f85e49dc2426f286c3754e64206cd8216a4","1","5","5","E","Materialized evaluation exists under active context fingerprint ""fbcfc83c5f8e7257aa2b92e1fbd91acfebf47c5f4ca3fcd167def146839b0ba9"", but serving adapter rendered evaluationState=LEGACY."
"589","fe0fc130a9f21192","57ded65e6df1f49ca7203c1528c8817d74537d899c0918881eab73caa9ec8f5f","Naukri","Business Transformation Assoc Manager","Accenture","Gurugram","658af94bb1741489588aedc8e5e281a1e6e55391dd7409990610389d782ddb6e","1","5","5","E","Materialized evaluation exists under active context fingerprint ""fbcfc83c5f8e7257aa2b92e1fbd91acfebf47c5f4ca3fcd167def146839b0ba9"", but serving adapter rendered evaluationState=LEGACY."
"590","fe8ce6aaa91d2ae0","63f8189d3101c47f996f55145f78c0de0cb3fd001e8d4d0224788b3ee6c51796","Naukri","Director - AM_CP","Axtria","Gurugram","fd2a4a8c1b5f385082abe20ef4561e969bb66789ff62b661566f74604ba80998","1","5","5","E","Materialized evaluation exists under active context fingerprint ""fbcfc83c5f8e7257aa2b92e1fbd91acfebf47c5f4ca3fcd167def146839b0ba9"", but serving adapter rendered evaluationState=LEGACY."
"591","fea31c4a6143ab6f","d2f76ef2296a15d44076b88a564c1b0327935421ae2374e8d69432dceda21dcd","Naukri","Senior Manager","Axtria","Bengaluru","6d075519c6b22e746180c6061460bd5da9f9996a0a5f5d89e68f56a3cbdc9cac","1","5","5","E","Materialized evaluation exists under active context fingerprint ""fbcfc83c5f8e7257aa2b92e1fbd91acfebf47c5f4ca3fcd167def146839b0ba9"", but serving adapter rendered evaluationState=LEGACY."
"592","fead1cb18791edfe","0c56a134f9a997da2e3fc81b84371cf99ad87d287f00e0cbe93bff8dc76a2b51","LinkedIn","VP - Engineering Lead","Barclays","Pune Division, Maharashtra, India (On-site)","85fe97d04808a3c40bff96ed40b0de475bbdee04394ae5f54bfa15fa6560ad7a","1","6","6","E","Materialized evaluation exists under active context fingerprint ""fbcfc83c5f8e7257aa2b92e1fbd91acfebf47c5f4ca3fcd167def146839b0ba9"", but serving adapter rendered evaluationState=LEGACY."
"593","fef98d34e920f429","d03122676762f6c68a9524e477226022c63912095654042b2a324f57bd5297a6","LinkedIn","DIRECTOR ENGINEERING - Project Management","Happiest Minds Technologies","Bengaluru, Karnataka, India (On-site)","d232997ebc3df107795b8d32be2219385a9581545299e8b3ccc22370765b161e","1","5","5","E","Materialized evaluation exists under active context fingerprint ""fbcfc83c5f8e7257aa2b92e1fbd91acfebf47c5f4ca3fcd167def146839b0ba9"", but serving adapter rendered evaluationState=LEGACY."
"594","fefcdd83ee565748","07cb5dd848ec6b5af7330e4ac5455d7573da28c05ba054989ae57e4123ee0360","Naukri","Sales Director","Plastemartjobs","Mumbai","544c154318f3d54a7d7e5d0478658e6885e6537a4003fb9e72035063a553a77f","1","5","5","E","Materialized evaluation exists under active context fingerprint ""fbcfc83c5f8e7257aa2b92e1fbd91acfebf47c5f4ca3fcd167def146839b0ba9"", but serving adapter rendered evaluationState=LEGACY."
"595","005dff7fce8c1279","28377040ce9d2702c00184b3e150df81fa1b5d8cd1ac6a1865e842496fa1395e","Naukri","Executive Opportunity","Unknown Company","Unknown","ea207e16bee216b580485f041d042e600d83da5756350bd7e05772cd07996616","1","0","0","A","No evaluation_job and no materialized_evaluation exists in DB for this canonical opportunity."
"596","0158ad302863b3e4","0c87bf606119d0873bb31eb82d9adcdc10c295f79b26bd52cdf87eb3dbed049b","Naukri","Executive Opportunity","Unknown Company","Unknown","bd0282a274a88e176d09452c10aa6ae8797364e1b0409b1d4c63893f718fbe23","1","0","0","A","No evaluation_job and no materialized_evaluation exists in DB for this canonical opportunity."
"597","0166b0e6e94620de","c7726a0d962718d26ef8e8b56f234f581ac1929ea06862d9fd293223c1aa1cef","LinkedIn","Executive Opportunity","Unknown Company","Unknown","2b8953415adb328bd91b14baa0ea9a7f2e04092dbeff29a533e3d84b07458394","1","0","0","A","No evaluation_job and no materialized_evaluation exists in DB for this canonical opportunity."
"598","01d88441522001d4","3dd623f55b7d581df90ec6d420b8d50bb494ae6a12c7dfc6a661e009fd641cd5","Naukri","Executive Opportunity","Unknown Company","Unknown","fc8d2cdca437bef6975e50ee738c13c86f98188543ee7b21c724ad504af3a6a1","1","0","0","A","No evaluation_job and no materialized_evaluation exists in DB for this canonical opportunity."
"599","02c15dbf61c68f88","c014aafac049e320679c799c71e0fd63a9e7b4d7b08b031eec4c1a9ce9aefc17","Indeed","Executive Opportunity","Unknown Company","Unknown","703714e3f20296172878dda9fc6878404f2e1d9e50fcdf82fc4b252cd3b2107d","1","0","0","A","No evaluation_job and no materialized_evaluation exists in DB for this canonical opportunity."
"600","02cf36e0d562d5e5","9241e50f91c435658eaafbce5850bb8d3a9df3f0ed6491dcde7a2e339352b95c","Indeed","Executive Opportunity","Unknown Company","Unknown","8a8dc3f43fa484b67babe083d15a3f6474f073f889653aa52a711f7913941da6","1","0","0","A","No evaluation_job and no materialized_evaluation exists in DB for this canonical opportunity."
"601","02e8217bf6a8d438","05b93156c475b5eeaeee6cb5bbf0f53ce1b9756cfa9542137386e990bc82769f","Naukri","Executive Opportunity","Unknown Company","Unknown","0dca9e3604d0af256d23cc3b587f3a13a03283fe9daa261b6988e3995ecfb753","1","0","0","A","No evaluation_job and no materialized_evaluation exists in DB for this canonical opportunity."
"602","03dabd1c1e71502d","3395681458c7a3009ea4bdb29e0d7cf3b91db888041ceeb25c71d3288f0c1195","Naukri","Executive Opportunity","Unknown Company","Unknown","06873a2b3aa4633bf0d8e67ac45d12af7e2d2512c52cc03cf3a731d9d097c1d5","1","0","0","A","No evaluation_job and no materialized_evaluation exists in DB for this canonical opportunity."
"603","03e81bccddf7b143","7b07efd7cdc530620466fe76577610b8494de2946489b6e5ac1b23cbfb9dc732","Indeed","Executive Opportunity","Unknown Company","Unknown","e6f38a5e6b3dad1caaa443a100dbb85eb70ba4e99ab76d3ecfe771e23cc0fa73","1","0","0","A","No evaluation_job and no materialized_evaluation exists in DB for this canonical opportunity."
"604","044aecf7ac9a148c","3170b002efa47e4604378732d61077d02dc891974d2efa74fd902eb2c0102c11","Naukri","Executive Opportunity","Unknown Company","Unknown","ebd6798ead3c5bcee1c019b288df94054ee445d62b383d7a08f3534705de763d","1","0","0","A","No evaluation_job and no materialized_evaluation exists in DB for this canonical opportunity."
"605","045201489e8cab27","0afd65441564f0bb3619b455b6621e9fe11f0b4df86e0fa2f6649da2fb9e069c","Naukri","Executive Opportunity","Unknown Company","Unknown","223418ffabeb05205932db4c4c4f2c7945ef57b244cf3d490cb2a5755cde1d02","1","0","0","A","No evaluation_job and no materialized_evaluation exists in DB for this canonical opportunity."
"606","04610cefff19793a","06984fecfd262ae6597b23b102bb427eb36bab1f566c5581cb8509929b520c6d","Naukri","Executive Opportunity","Unknown Company","Unknown","38c9f8b36676dcefb4a81166a7ec55a0233b82f7d6ff4fcdf9e672ef4c355733","1","0","0","A","No evaluation_job and no materialized_evaluation exists in DB for this canonical opportunity."
"607","04f11232c370046b","da9ff11c7c9463f661bb201d0feda0bae51774c21914e50ab96768b1d41fc63f","Naukri","Executive Opportunity","Unknown Company","Unknown","b071c96bcec3e9a60b3ad1167734c0703e0b0a712dcbc53e12d324c94a7bf126","1","0","0","A","No evaluation_job and no materialized_evaluation exists in DB for this canonical opportunity."
"608","07b9c202ccb8ac72","c9f3d4d64bf0d142e020b98247255b900e01a46a47981b0bd3842e41b975a5df","Naukri","Executive Opportunity","Unknown Company","Unknown","7786671b943b86b286f73bdf45eaf87ab015c45057cfdc58e35c199e9530724e","1","0","0","A","No evaluation_job and no materialized_evaluation exists in DB for this canonical opportunity."
"609","0911fee274b9139f","58bebe0feb538e9631f1bdc9be949f57ea51b7295905119d81cee84cc2a8d987","Naukri","Executive Opportunity","Unknown Company","Unknown","77a714cc11c84282989d9e98b035c6e6d7383d6c73c70efc7536a13af1ed356a","1","0","0","A","No evaluation_job and no materialized_evaluation exists in DB for this canonical opportunity."
"610","0996785dac225db2","ab15a9653be634ce748f3f8e9f99ca8aa6989e9204fe3b37343aceb05fac922a","Naukri","Executive Opportunity","Unknown Company","Unknown","14ee4ef2f6fe3372a0881e4100c7f9fb20856e3209c9e636739adb2c04f55ae9","1","0","0","A","No evaluation_job and no materialized_evaluation exists in DB for this canonical opportunity."
"611","09a297da9ffd0b7d","076f4a7e47a45bfcf4cf387ef493b150e995759108085110d564548fe7cda243","Naukri","Executive Opportunity","Unknown Company","Unknown","b90eb53ac304d8ed3e5ead40f294161471a44c494a58aff8de73306f684bd36b","1","0","0","A","No evaluation_job and no materialized_evaluation exists in DB for this canonical opportunity."
"612","09cfdf77a23ed363","a530c30a9319129de8aaef4906a8a08165965a400ffba60ab5dfd5bd4f5bc034","Naukri","Executive Opportunity","Unknown Company","Unknown","8831b9dd6da1418d7de6ab4ce90a6eece18ceea04115f9e1ff8f7a19805e59a0","1","0","0","A","No evaluation_job and no materialized_evaluation exists in DB for this canonical opportunity."
"613","09ec492af9b5709f","f1e9dd89e1d446945be4ce85eaf554da1bb569cf324a26ca1b418e75e46afa31","Naukri","Executive Opportunity","Unknown Company","Unknown","066e55e8f1f5368cdacaf537a2d0a35f96c8d4bf3efc52178874cb34c1e92622","1","0","0","A","No evaluation_job and no materialized_evaluation exists in DB for this canonical opportunity."
"614","0a7c3ff2015b4312","abaebb844ce4a0b5da50acc4027c41b9651e1710b434b5b01da78135f95820c3","Naukri","Executive Opportunity","Unknown Company","Unknown","3290a82e9d9055d6787eda6acb268124bd74cfe25dd50ac1f5d2c673e8a998e1","1","0","0","A","No evaluation_job and no materialized_evaluation exists in DB for this canonical opportunity."
"615","0aaa41beea867ab0","66b5da52cf5e1ceb6ea78dc2e60bfb5535bcf1c0ee87eae90c5df171cfac29a7","Naukri","Executive Opportunity","Unknown Company","Unknown","a90f714be2fa0746a6536e3c80adba8a9c20ac8f530f41dd18479518c448f9b8","1","0","0","A","No evaluation_job and no materialized_evaluation exists in DB for this canonical opportunity."
"616","0b07b546416c28f9","ce96e7bde8b0a2024ab5922000e54868c37184db2670b7223576ff75543f31fe","Naukri","Executive Opportunity","Unknown Company","Unknown","ae04f10866c351815552bb619a73e720985210a59c2a127384edf448a56fa028","1","0","0","A","No evaluation_job and no materialized_evaluation exists in DB for this canonical opportunity."
"617","0bd2bda02a915679","3f76bab5c2c3c82f4d75a3bb881284f1487a2ec3e0cf27bb72f52b2f1be52a94","Indeed","Head - Account Management","Saaki Argus & Averil Consulting","Chennai, Tamil Nadu","3bf3111c83e11c00722cd2f73f6b23ff366601a448a23cf1e083b0768373d70d","1","5","5","E","Materialized evaluation exists under active context fingerprint ""fbcfc83c5f8e7257aa2b92e1fbd91acfebf47c5f4ca3fcd167def146839b0ba9"", but serving adapter rendered evaluationState=ACQUISITION_PENDING."
"618","0c19cc4ecc103951","5f2d5529c4312065a647848ba0f76fa9cda78d259b3a1ed45850ababec4a0792","Indeed","Executive Opportunity","Unknown Company","Unknown","caac4cee857ab12f64cda3caaef6ca966cb5b1d1ca0213815b4ff5c90f66f034","1","0","0","A","No evaluation_job and no materialized_evaluation exists in DB for this canonical opportunity."
"619","0cc89ace7a52e4f7","6a540b72c86ce067bec5a9843b1d0855fcf445462d3f48ca6e9c58a472ab7959","Naukri","Executive Opportunity","Unknown Company","Unknown","c641506259e4ea6f73053b281c0ee850fcb6b3439edf623e26ee5840e1865637","1","0","0","A","No evaluation_job and no materialized_evaluation exists in DB for this canonical opportunity."
"620","0cf3160ad0c09c84","ac0839cbf3a8a0819b35eb4fc297dd52527eae1bb807fe3b6c21babbc07df40d","Indeed","Executive Opportunity","Unknown Company","Unknown","2bc4f92d63267dc8e18c48d0ba4e6acc3cbb334dba89fb3e7f10e2bb5231cad8","1","0","0","A","No evaluation_job and no materialized_evaluation exists in DB for this canonical opportunity."
"621","0ecd4933c5f16eab","4e6a019dea5eea442982805600fa46eace6b470d9dcd4b185d77df7388df79d5","Indeed","Executive Opportunity","Unknown Company","Unknown","a3a14ded4e2b590b6527063aab66e4bd7bd70d55f337a53185f1568e1ff8dbd3","1","0","0","A","No evaluation_job and no materialized_evaluation exists in DB for this canonical opportunity."
"622","0eeef2b70ca67339","b8e16649a9049ab4f0cc9e5d2a27a81bf5c4b28032ff3d9f14f8acb63cf68490","Naukri","Executive Opportunity","Unknown Company","Unknown","055724f733028bee2b623b4763d0aeb29f37432a3899b470ae36002066d238b9","1","0","0","A","No evaluation_job and no materialized_evaluation exists in DB for this canonical opportunity."
"623","0f271f7cf136d35f","42550845bb00c0518f8502597ed0ce79c8e8824972f7fa53b62f96c464523043","Naukri","Executive Opportunity","Unknown Company","Unknown","5e06782aa1025850c531aca592fd4729e8f480a7fa6b4765495af1cfb9ceedb0","1","0","0","A","No evaluation_job and no materialized_evaluation exists in DB for this canonical opportunity."
"624","0f8db86443f1d87f","c99a172eee852cb445e3d3fe4b765c60f595345ee875f7fa334a1cdc86ae69f3","Naukri","Executive Opportunity","Unknown Company","Unknown","92097113bdbca1117b985b09b5a58530a2c25ddb4cc5ddb318c27c536f543359","1","0","0","A","No evaluation_job and no materialized_evaluation exists in DB for this canonical opportunity."
"625","106550d53d95b9fb","5b2cda1fbc3e4f1a4944d5433ef36593ad914dc11a5d1a6dcc41f1239dd7f142","Naukri","Executive Opportunity","Unknown Company","Unknown","1d402f1bb6582bb79be0c33a9cf12626767c0c8a6a01b593ec9ec3c087108275","1","0","0","A","No evaluation_job and no materialized_evaluation exists in DB for this canonical opportunity."
"626","10f6d09bc12c7e30","87db42e0a6b57ea70364e0883178b0562baaaf840899b41f29aac02a58a1104f","Naukri","Executive Opportunity","Unknown Company","Unknown","44090f16b463bc38da00ff7ad5eb707b95dbf2fec63b1c93d221e83dcf248706","1","0","0","A","No evaluation_job and no materialized_evaluation exists in DB for this canonical opportunity."
"627","116e2131d1e74abb","b91d5133ce577c29a3d2dced9307289641631c014f7000c21491c907e0e6c67e","LinkedIn","Executive Opportunity","Unknown Company","Unknown","73bcc7da07c323e959dd35695f5144be1ee3c95602b8031a294f8a997b43cb9f","1","0","0","A","No evaluation_job and no materialized_evaluation exists in DB for this canonical opportunity."
"628","127f77b9cc016326","157434e26020ec302b1ce8f5f7f874f51de641b52e98f36838ab10143ae855fe","Naukri","Executive Opportunity","Unknown Company","Unknown","45eed9563ab4707e8605b98fe1e10b63dc928ca51332c20ba9b1192c4ec32c72","1","0","0","A","No evaluation_job and no materialized_evaluation exists in DB for this canonical opportunity."
"629","131638fbc8c57250","a59746ac5197b78fe7f9da0083b85b01b4b7cee7b0b3943088513e20009027e6","Naukri","Executive Opportunity","Unknown Company","Unknown","e04eb68733b8377aa41ece9a31c8c5d86ca081329462375063383c29d27769e3","1","0","0","A","No evaluation_job and no materialized_evaluation exists in DB for this canonical opportunity."
"630","13202d97ddb3394d","9ff0620b35207519fd45bd834f9c3aa79b7cad228d54b941176a85025e8f6fa9","Naukri","Executive Opportunity","Unknown Company","Unknown","37c3749e8146bd3ad461e8ad611d03644b6e7f5ef1027a370ecd231855ab59c6","1","0","0","A","No evaluation_job and no materialized_evaluation exists in DB for this canonical opportunity."
"631","140e05d49e764419","b0d0cdc9d76b397100ffda885ecc07b4d7855a2d2a53e9ec9f54ba6de4ec3dec","Naukri","Executive Opportunity","Unknown Company","Unknown","4b541e4008e60ab2c2d7a4183ed637ee82fa86c248394f8766ac988911faa70b","1","0","0","A","No evaluation_job and no materialized_evaluation exists in DB for this canonical opportunity."
"632","1473684a0844589f","aa32241f0a246fd6008cb5c3d078820f52412af575345d7d4f22c0e3ac91f65c","Naukri","Executive Opportunity","Unknown Company","Unknown","bd5b6510f4b9e12ed98434d6fe2a8427ab6d15c37009d56a31e5b22d0a19be0c","1","0","0","A","No evaluation_job and no materialized_evaluation exists in DB for this canonical opportunity."
"633","1473912ebc1f14f9","d8b96d1847c7b4942c45063a8af4ccff75fe24d94bb7946b775f04c1398c2f37","Naukri","Executive Opportunity","Unknown Company","Unknown","07371e672e501f5707810a3bd987d4e8d1cebf6536170f9b0a54133734237939","1","0","0","A","No evaluation_job and no materialized_evaluation exists in DB for this canonical opportunity."
"634","15298e195b5ad5af","c994be1e91d03ad616c099e5d573256873e932b338743a417b419fbe7621da7c","Naukri","Executive Opportunity","Unknown Company","Unknown","e9fca8e3498422b331137b51f7b29207b7265404832441f05ca813e1087fc1fa","1","0","0","A","No evaluation_job and no materialized_evaluation exists in DB for this canonical opportunity."
"635","1539396db3d5065a","47384ed13c127fd326bda0cd55eb8d71a88e43574961937fe2c284510b2fff54","Naukri","Executive Opportunity","Unknown Company","Unknown","8d29db1ba4683cab2b0ad549832d6aecc5be102fc5753d34bf942deab48c9034","1","0","0","A","No evaluation_job and no materialized_evaluation exists in DB for this canonical opportunity."
"636","15965de05d86d29a","415a66bfff5e2ce5f2be474519bb8cc9975d8bed4ef3f6cc8ebaa59140fb4932","Indeed","Executive Opportunity","Unknown Company","Unknown","d145a188477fc3d679f8b4ed25115adc43e3c491c2c36ac85abdc58c753668b2","1","0","0","A","No evaluation_job and no materialized_evaluation exists in DB for this canonical opportunity."
"637","162876fab48d2d3f","d74855b0dca187b3c5df3a8f33c7e618282b6fde45e57b2bab4d83a80523a2e0","Naukri","Executive Opportunity","Unknown Company","Unknown","c6d352b108a5771cb180565d0ffb94eb7779e17ca1edfb4d64cca47613402bc7","1","0","0","A","No evaluation_job and no materialized_evaluation exists in DB for this canonical opportunity."
"638","16380e2fcebcb7ea","9e03d31284ea490b099344b72eff4cc5648d22e2bcd2d50535ae26d0b799d41b","Naukri","Executive Opportunity","Unknown Company","Unknown","e7f2ef2ca02b90ad8161ef5f3fd4632eb325849228074caba3dfb3f69104b605","1","0","0","A","No evaluation_job and no materialized_evaluation exists in DB for this canonical opportunity."
"639","16530b47df85c3ff","88c104b91cbc9146356f2833dfa18106de1c2410ce6820de62530caec7531ae7","LinkedIn","Executive Opportunity","Unknown Company","Unknown","5a9aa7ddc4ffeca23fb69f0aaf808e9c73a5c57d0c2518fb96fa12cbcf259620","1","0","0","A","No evaluation_job and no materialized_evaluation exists in DB for this canonical opportunity."
"640","16918950245e8283","5b42ae1a67c4c94b5a811f65a957720547fc91a69507157b09c28014128408bc","Naukri","Executive Opportunity","Unknown Company","Unknown","a0ef44e0b1326f8015e35ffb8c9d43041ee4c32cb6491373066c13eb36c7f0c9","1","0","0","A","No evaluation_job and no materialized_evaluation exists in DB for this canonical opportunity."
"641","16b0b58369237529","7abc32526390d8a55ab59d8b43c293f6217ae390886ae6491bbb04b47ba12cdb","Naukri","Executive Opportunity","Unknown Company","Unknown","200a4eed9ea583d08be637b2f73e1fec789c0c566fe69eaf273224cf120a4e7d","1","0","0","A","No evaluation_job and no materialized_evaluation exists in DB for this canonical opportunity."
"642","180c0088e092acdd","c70b18eb387f256a6f09df3cd293d03169f60d4f53a28767eb9f3cd87aa2fcab","Naukri","Executive Opportunity","Unknown Company","Unknown","f67d3f0d3e1b1a5d5c50475b3a3d7ebfc6fea652ffb9e8c11735cf758b720403","1","0","0","A","No evaluation_job and no materialized_evaluation exists in DB for this canonical opportunity."
"643","1864cea88506f122","172cf93c37537265bc57cdf8310dcef7cfad2f61276d9a21da5beb3eb1de2723","Naukri","Executive Opportunity","Unknown Company","Unknown","65f59707d6ac66090cd394d39da6d9e52c9d36faf061a280cd6acdf8f03b10d1","1","0","0","A","No evaluation_job and no materialized_evaluation exists in DB for this canonical opportunity."
"644","188a8dc306bbcf3f","61a8d9488059bdc7aaa520a53f868e0120176ba3822da8a72176bd625d2f5edd","Naukri","Executive Opportunity","Unknown Company","Unknown","bb7381dfd2d79a0200d53c75bb00e90c9b537d28293c54b8294d493204de0869","1","0","0","A","No evaluation_job and no materialized_evaluation exists in DB for this canonical opportunity."
"645","18a488e79d33710d","88cc783d00d9e3ead6963d86ef800e6867cefe736967c9cb6e6e93b915db1059","Naukri","Executive Opportunity","Unknown Company","Unknown","5ff581770c06cb25a5ca0d824ca4b6bedf316cc392f2718103bb5e31427b034f","1","0","0","A","No evaluation_job and no materialized_evaluation exists in DB for this canonical opportunity."
"646","18c1cd85c01147dc","95ae2acca3fb167df5e6474840ed368a21e5115db0d1d4d8dc67e7ef67de5615","Naukri","Executive Opportunity","Unknown Company","Unknown","de6e6b88babb42a76d8f18162b3b4fb1b50d648a39d6ef66e616d22662ef4be8","1","0","0","A","No evaluation_job and no materialized_evaluation exists in DB for this canonical opportunity."
"647","1a32ba0719d40d23","7f85c98a056e13dffe147fa4d75ca39f86133942d52bb66d89fbd51336e3ac9f","Naukri","Executive Opportunity","Unknown Company","Unknown","b924f87771fcb175df9920fd69f0cb3cb0d9a3424dcd13e47cf601be11fb7ff6","1","0","0","A","No evaluation_job and no materialized_evaluation exists in DB for this canonical opportunity."
"648","1ac5827a96fd2231","96b659ad01df285b099d2609919de63225a36ecef9b370315f60e5a196ff625b","Naukri","Executive Opportunity","Unknown Company","Unknown","80583d9ac50bf55a90ffe1001930b679cb395fd738206168d1f072bfb6a141dd","1","0","0","A","No evaluation_job and no materialized_evaluation exists in DB for this canonical opportunity."
"649","1bf266417491e282","c59abb5979b7dc4d68db0b049112bde1811b4f7b6c9f54e46c26eced0617d6bc","Indeed","Executive Opportunity","Unknown Company","Unknown","25f0a0970053f574e9fbac4446f748b2062c472fc2c7ef0c21000de830b5ce37","1","0","0","A","No evaluation_job and no materialized_evaluation exists in DB for this canonical opportunity."
"650","1c0400229c426a2a","2596181e1b8001d7bc0cacbe341ffaad00741dabe364768a8d75c7e4a54593e6","Naukri","Executive Opportunity","Unknown Company","Unknown","d33f4f7313fdfb355896a1eca945f79953d221a78f97b6c17769c497ffe66c10","1","0","0","A","No evaluation_job and no materialized_evaluation exists in DB for this canonical opportunity."
"651","1c445b539795b49a","3a52ae5bea061501f59746de0e6a5a19dc0035a75bd83dfa326b8225994531c1","Indeed","Executive Opportunity","Unknown Company","Unknown","91a5889c683997d90afb6a8ea480d45c5d15b96396de25f04a0da42c1be7e3ab","1","0","0","A","No evaluation_job and no materialized_evaluation exists in DB for this canonical opportunity."
"652","1ca8000e4b3cbdb6","8b03f6024d1f748539b2a98e8f5f24ff4da7a2e01d09ca675c70e27b73e7f18e","Indeed","Vice President - Business Head","Kharesiya Brands pvt ltd","Unknown","572539ee27e4427d6a0ce59847eaf379ed6c21ccdbc0d47dfce590147780a01f","1","5","5","E","Materialized evaluation exists under active context fingerprint ""fbcfc83c5f8e7257aa2b92e1fbd91acfebf47c5f4ca3fcd167def146839b0ba9"", but serving adapter rendered evaluationState=ACQUISITION_PENDING."
"653","1d53c6e4ffb337f7","96024539af7274aaeb2395449893759f583eeced830fba741dd3a85436043d8a","Naukri","Executive Opportunity","Unknown Company","Unknown","01426a2ac34989ff0af8666fdde46c003e6d702cf7fe19b6f963db8dfeb42100","1","0","0","A","No evaluation_job and no materialized_evaluation exists in DB for this canonical opportunity."
"654","1dcea4cc37ae3dd6","ca534cbd8202b0b05f368b2bdc150cc850c849511dc1f0d05edd77ac9f0506cd","Naukri","Executive Opportunity","Unknown Company","Unknown","a9532876e151a31e6159e05bd76c4a9728454696cd6e3a51555f035538b259a3","1","0","0","A","No evaluation_job and no materialized_evaluation exists in DB for this canonical opportunity."
"655","1e8ff0457608d8e6","5c2310ef9757342219ea0a49898798948061c8467adb608e460c0f358cb0bf0b","Naukri","Executive Opportunity","Unknown Company","Unknown","c5b1de46bc13c063e673d704d1cccc85ce06ff34f37882d7ae0b0a66f332ead8","1","0","0","A","No evaluation_job and no materialized_evaluation exists in DB for this canonical opportunity."
"656","1eb7e44453cad48b","aca7750f757884323ac9cb37df6bc1f1f8eae0382c764c807901c467af0069e4","Naukri","Executive Opportunity","Unknown Company","Unknown","7192c4daab716362e2f58b3e02ac557dac0b05451db40ab396b4f0b8dd31f8c3","1","0","0","A","No evaluation_job and no materialized_evaluation exists in DB for this canonical opportunity."
"657","1ec5e6935eb947b0","8697c75bf010568e6c6f7af822234f7ec151fa63533dcdd1aca6d1a8688a554e","Naukri","Executive Opportunity","Unknown Company","Unknown","83a663ac80c7ce1d8571457b6bf952286bbdc753a8531eac1f43eed67c3c3b86","1","0","0","A","No evaluation_job and no materialized_evaluation exists in DB for this canonical opportunity."
"658","1fb1bc97fd700f78","9fffb5d16a489acf0318ad5b2d25f624235b4ca4a8ab85be8007f8865f419dad","Indeed","Executive Opportunity","Unknown Company","Unknown","aab8550dd4a179da43fd53deadd0fc336a5d1801964a236a22ffca6b2ce06dcc","1","0","0","A","No evaluation_job and no materialized_evaluation exists in DB for this canonical opportunity."
"659","1fea00edaaf8d64e","0993ecb05f7c14ff24f932246bce4c30f256c66ac1bfcb737585d84bfd5e93f5","Naukri","Executive Opportunity","Unknown Company","Unknown","2ec68a7d08a55536e8ada1fec3f5dad23cab34732104529e8ab57c673d387553","1","0","0","A","No evaluation_job and no materialized_evaluation exists in DB for this canonical opportunity."
"660","2006041db2d6ccfc","39fb6c800b34d3d982cf1de4be838f438befaf3c6d4bd5354a89bbf12e78e20f","Naukri","Executive Opportunity","Unknown Company","Unknown","ded8b47ebb679a8dc5ec992f522b86ee337469b0d56a45cb522cb92b7222e187","1","0","0","A","No evaluation_job and no materialized_evaluation exists in DB for this canonical opportunity."
"661","20ea6477db0f7ab0","9bb02fed9e809a1068ff1eb3c0fea79d9f46f6fd05cba85b66beb0602831a2d5","Naukri","Executive Opportunity","Unknown Company","Unknown","c62cccd7339ae0e1206bade76020a9124aeb245903176c6e98214fd23e81cf6c","1","0","0","A","No evaluation_job and no materialized_evaluation exists in DB for this canonical opportunity."
"662","216d9f0a577df3d4","86be0edb99e49626332bebd850183b3e55c57d0a4f9f1eeb49288dcf87ba6fa5","LinkedIn","Executive Opportunity","Unknown Company","Unknown","a89c5c085b3e48bc01015ce4517ef5d7195bfc58dc7c814cc59a607f96033d62","1","0","0","A","No evaluation_job and no materialized_evaluation exists in DB for this canonical opportunity."
"663","219ad80e49f30d41","a1e34e55b484819ca0a2ef00eb44368c5633434d825cd655ec9714e97221e639","Naukri","Executive Opportunity","Unknown Company","Unknown","79b05b98594627a183eb3b5dc650cc7c1ffb4b275839ff5ebb855be26b40c9f4","1","0","0","A","No evaluation_job and no materialized_evaluation exists in DB for this canonical opportunity."
"664","22459e45ebba351a","b3b5e53f91a3b55bb9e3f78853379ae2b513546a182ed249afe964c688e5a965","Naukri","Executive Opportunity","Unknown Company","Unknown","cd3366ee3b2487a08914461fbfb6fc16bebdc95040ff6fe02acf834e3f129f8d","1","0","0","A","No evaluation_job and no materialized_evaluation exists in DB for this canonical opportunity."
"665","2284048906f7e713","b7b7d918b8d9c1214beaf0c40abf68ac70a17bfd40e3c4a554c9d4e5eb27693e","Naukri","Executive Opportunity","Unknown Company","Unknown","18f130206a4a72337f41906d009cb3cab3617e01ce501634e9de008fb4fc2744","1","0","0","A","No evaluation_job and no materialized_evaluation exists in DB for this canonical opportunity."
"666","22acf132e3d0b845","d28e8d7ec87f386c9e75e9822ed3de47301d290bbd1df8edc546981ef85c5e04","Naukri","Executive Opportunity","Unknown Company","Unknown","61fa137d9fcb3f75b93b76b110fa97c3d69c4d5a5ab1a821f43ea5d16eee10ce","1","0","0","A","No evaluation_job and no materialized_evaluation exists in DB for this canonical opportunity."
"667","22e06d0248785b2a","2553de00f6b3da892b5eeeea8b90f7747243caa81dc6310aa0f81986e643d6b5","Indeed","Executive Opportunity","Unknown Company","Unknown","2f843dba0ae0cbbbbff1931a93051c2cf36c6e69b49b118e4f0a1f6843c2bc2e","1","0","0","A","No evaluation_job and no materialized_evaluation exists in DB for this canonical opportunity."
"668","22f0b888cad652b2","f7e2ce43928fdd75b4937a8e45eb15017673683ab4ed9cbdab33971c74aadc70","Naukri","Executive Opportunity","Unknown Company","Unknown","da547d7148ee5d51b49c94e57eea4c4b769a371e4713041b421f1d83707863cd","1","0","0","A","No evaluation_job and no materialized_evaluation exists in DB for this canonical opportunity."
"669","23ef1ff272189761","7d966cef0a8e1ac8c5ca710a512a86bdf4ed852687e9ccc37cff4b3b8efb7c5b","Naukri","Executive Opportunity","Unknown Company","Unknown","a48c8aeee3574c929d74876f3f6a03f35ec05382b88a7f40b5ed0b79968202c3","1","0","0","A","No evaluation_job and no materialized_evaluation exists in DB for this canonical opportunity."
"670","24abc60f6f86a410","0365c4ab0f243f61c54b4276664a63cb1d5590a36ae38a578989bdba7ab0d459","Naukri","Executive Opportunity","Unknown Company","Unknown","e9d9b57833a58799c700b1d1e4a24fd081b654689a21f89301bc23c8a1ee85b7","1","0","0","A","No evaluation_job and no materialized_evaluation exists in DB for this canonical opportunity."
"671","24e93d39a564b397","5e1968a8157c6438bc61b82edf89f7f7f73d6fe9d9682e48090b56de81877d08","Naukri","Executive Opportunity","Unknown Company","Unknown","77369d3688657408eff48112c282d487aabad7958efce337f7432a362a979069","1","0","0","A","No evaluation_job and no materialized_evaluation exists in DB for this canonical opportunity."
"672","25e1805f62e6207b","ffad84f96c34675d39f4d313475b1ed4ea869d18d32998f6b9238d865fa1869b","LinkedIn","Executive Opportunity","Unknown Company","Unknown","3e42145bca6d68516219f04a680f9939f3012486f2747bf9b95cd4e10e24779b","1","0","0","A","No evaluation_job and no materialized_evaluation exists in DB for this canonical opportunity."
"673","2628928d7405775c","34cfd02175d65e41e0636b1a7f1f761ec49f01f6d0da5ec0cc98c8fd5beeb8ea","Naukri","Executive Opportunity","Unknown Company","Unknown","0b35e833cfc8c5ea82b5ae799022fe848ca02863edaa1ce44b44dc7cfc85056d","1","0","0","A","No evaluation_job and no materialized_evaluation exists in DB for this canonical opportunity."
"674","2691ad3ce7919670","3f65210f84d5a9180516f6cc832c5e6bff2186acdac5964f2cb7c77f55f49874","Naukri","Executive Opportunity","Unknown Company","Unknown","285dc9d2a7c460cbbcdb57423c1aa59c512a53aa7847915818dfd42d47114f26","1","0","0","A","No evaluation_job and no materialized_evaluation exists in DB for this canonical opportunity."
"675","271c7be3cfcf41ac","0a5cf19fbd77261218685acdcf57edb95ea3d04d89a1674b6c21d12087bc29cb","Naukri","Executive Opportunity","Unknown Company","Unknown","decd6b9943670dd0968bce7f8414007aa8c901a7dba26ca25be0d0f420ad9887","1","0","0","A","No evaluation_job and no materialized_evaluation exists in DB for this canonical opportunity."
"676","27781f855346f522","26bc0e88fe39e804e6fa88b8b1051ba32fcc668a1699f3c967caecc8f5ce52f5","LinkedIn","Executive Opportunity","Unknown Company","Unknown","bedced62287b5f1e27795e1dcbd9dc900cb0d7a6d66912c69d33fb435acce4f1","1","0","0","A","No evaluation_job and no materialized_evaluation exists in DB for this canonical opportunity."
"677","27f3e342b1eb044c","508eb4e2f298134c59e8c895f7cd316f447926edc84cafd2dfce702f0414af44","Naukri","Executive Opportunity","Unknown Company","Unknown","8d53ec30a46d40d7d31cd119224fe84f0166f9e4d388615ad173f0594f4d433a","1","0","0","A","No evaluation_job and no materialized_evaluation exists in DB for this canonical opportunity."
"678","2847e7c28b938fed","184e002184300dd1cd6c6e5b272a3b375fcf6a02d5ff794ca53d9aeaf32d9756","Naukri","Executive Opportunity","Unknown Company","Unknown","89e19184c584d07a7c0eb150f7505e447723055fe08aa989a3760464e2a048dd","1","0","0","A","No evaluation_job and no materialized_evaluation exists in DB for this canonical opportunity."
"679","287d19277bb6e75c","e3e6e132f851a9faacd15fb8891e5c9eb7718f01b3dc84e074d40cb925c21ec3","Indeed","Executive Opportunity","Unknown Company","Unknown","cabc67702228a916d6869665b990dcec8f4d01c4fac2c5201c75127854bf999e","1","0","0","A","No evaluation_job and no materialized_evaluation exists in DB for this canonical opportunity."
"680","28f188f1cf56956a","33f4de26021c2175af12c7a237bba9bbd57313c40f1a18a3d6642a881f74537c","Naukri","Executive Opportunity","Unknown Company","Unknown","b612981d8ef6aa86d1f9ecdede0376a6148775ee2ceaf20cf9eebe953a1bf67a","1","0","0","A","No evaluation_job and no materialized_evaluation exists in DB for this canonical opportunity."
"681","2a086dbd049bc470","1be9094a2897475b7570b52fb1973f9eb3469b766cac66d13327b0c054f6e3f0","Naukri","Executive Opportunity","Unknown Company","Unknown","bc013852dd871600b0c24815c8df0be7f00131fc5f347bb545f61cc18f9b6550","1","0","0","A","No evaluation_job and no materialized_evaluation exists in DB for this canonical opportunity."
"682","2b57270b2d79d59d","dc2ad7290a92a61118e5f4e018d00c3aa2c7df5cd81114c8fd3c51d1d1484887","Naukri","Executive Opportunity","Unknown Company","Unknown","8a04757997d93418eed2b9380c3832ac28671a07a207a3cbc94becb28b125121","1","0","0","A","No evaluation_job and no materialized_evaluation exists in DB for this canonical opportunity."
"683","2bca4405a6a19eb8","b249c5a2df31ab250bfe76b4ef1102867276d64e752cab2d41d4e2657fa30a9d","Naukri","Executive Opportunity","Unknown Company","Unknown","3c94dc3a0b7bc23000a6cbe499ed694772217ecc45d1b3530f9f1435c01e9467","1","0","0","A","No evaluation_job and no materialized_evaluation exists in DB for this canonical opportunity."
"684","2bd1d1662c2b6eb6","7d2a9e2dada94f3e1705b2c7e27b843e5cc519ec6f7aba9c88a806aa46573adf","Naukri","Executive Opportunity","Unknown Company","Unknown","d859689a4139a68a636f9c39ab5d03dcdaef1a09511b80c507b2090bc98506ce","1","0","0","A","No evaluation_job and no materialized_evaluation exists in DB for this canonical opportunity."
"685","2d8c5cf42ea800c5","3089628b26a46c2aa3420f11c8af471202db030b89370120d537ae53b9f0148f","Naukri","Executive Opportunity","Unknown Company","Unknown","d7691fd4f1396fef5147f557457813510d0fe2de09aa8e7613f3f590abe9fe37","1","0","0","A","No evaluation_job and no materialized_evaluation exists in DB for this canonical opportunity."
"686","2e8123eb7ea06325","b3c4c611ba4a5fcd0a1f443bb2ea3968d887cf3595773726abcf7fdb70264299","Naukri","Executive Opportunity","Unknown Company","Unknown","897ccd3a5e830463dd81e5f82ecedc368d86637bba357de410049eb49a54cc72","1","0","0","A","No evaluation_job and no materialized_evaluation exists in DB for this canonical opportunity."
"687","301610c0fd378b86","0b916a2f295a0e341a389130a0e5a3577ccd1c634a3462499964906711d59b5d","Naukri","Executive Opportunity","Unknown Company","Unknown","18c8e07c49f6ae9fca9a7ad783ab7e3fe8aecf9281118b617c789d5b82b55ff8","1","0","0","A","No evaluation_job and no materialized_evaluation exists in DB for this canonical opportunity."
"688","30296719312a695b","7b44ca827e928212ea770d4115c05c0c5ca9fd65844d65f9a0b644983a645697","Naukri","Executive Opportunity","Unknown Company","Unknown","08b05ac604741a77b86eb8f24d747e2dc6166b80d7762d2517e2d3b14d19d991","1","0","0","A","No evaluation_job and no materialized_evaluation exists in DB for this canonical opportunity."
"689","306bf758efd55497","4f434e7dfa253e079a5fb8717fc066c62945650bfe0944ef3eb153003914b00d","Naukri","Executive Opportunity","Unknown Company","Unknown","db4edbbf58f1c80d1b1bca4702309eb59128cf5f182ac948759b1718f4e746e5","1","0","0","A","No evaluation_job and no materialized_evaluation exists in DB for this canonical opportunity."
"690","310c3ec214e71675","e590ccdb3c3657cada5138071f0acf302acc1478575ada6b49578d0f8f269604","Indeed","Executive Opportunity","Unknown Company","Unknown","c1d7152deee0a379ec3c0d0605846e92ebe99d78ba083666730997fa133cbff0","1","0","0","A","No evaluation_job and no materialized_evaluation exists in DB for this canonical opportunity."
"691","312abadafe79e59d","2ae96553db750c02e1e598673efbc8f039f78d9498e49b9b73ebccb216d401ac","Naukri","Executive Opportunity","Unknown Company","Unknown","969b55f0e5afbe2287e6a8a51c0001f07241988c6fc09aad32d92e988099ef09","1","0","0","A","No evaluation_job and no materialized_evaluation exists in DB for this canonical opportunity."
"692","316f5e45a14c8b31","7f6d5112c06fadb82a79bcd4a5745164d5b3b4906da93b1c963b420d320c53ed","Naukri","Executive Opportunity","Unknown Company","Unknown","5bd901ec354fd3db9a33765c165f55a0e344939f2b12b67c166299901d997b22","1","0","0","A","No evaluation_job and no materialized_evaluation exists in DB for this canonical opportunity."
"693","31762e02dd841d48","61525a04a3004e148db1910461992f575f4365a91df9d75b900dc587482164c7","Indeed","Executive Opportunity","Unknown Company","Unknown","e99bba72fabd5a19d2c61be7e5c06db424f1b7eaf80e7e1a0c5a93eb9b95c085","1","0","0","A","No evaluation_job and no materialized_evaluation exists in DB for this canonical opportunity."
"694","318ea0b44746bad7","036a1ed133a08d3534fdc032acd263136312c12aa6bbebdf2ce5e4f2590b624b","Naukri","Executive Opportunity","Unknown Company","Unknown","283bf7eb54f1089cd541a21c7047ded1cbd72f5982ed8d224a83d6560e2adc99","1","0","0","A","No evaluation_job and no materialized_evaluation exists in DB for this canonical opportunity."
"695","31cb4b25a4be6ab4","fce75c168432b83e535ac0f4e1d25fe268b930e176e42927b57ec179417f254d","Naukri","Executive Opportunity","Unknown Company","Unknown","bca1d03896ae9ae28f4e1dee8100c8d2bc2d4efee54e001e0d273c130098d86b","1","0","0","A","No evaluation_job and no materialized_evaluation exists in DB for this canonical opportunity."
"696","3335192e8bc520e1","c7b972168607dab27d9cf90f681fa554216fc9b18530010f224086b1a43f4e00","Indeed","Executive Opportunity","Unknown Company","Unknown","818593c700a93e4fecdda4a17465b3fc79a2fcd51789f9bba556fc4ea243cb0f","1","0","0","A","No evaluation_job and no materialized_evaluation exists in DB for this canonical opportunity."
"697","33416013f42a90dc","c36f6a3ff1de6caed1bf1fd7d5f803dc047068036eceb243a40fe856b0810f85","Naukri","Executive Opportunity","Unknown Company","Unknown","8d46d6071625a3a7eabb3afffa78863de9ea4b4dc399d316e7d3493e774137ba","1","0","0","A","No evaluation_job and no materialized_evaluation exists in DB for this canonical opportunity."
"698","33a0b6e0458c02ca","d2e0fc3f95c0d4eb185fe3ed572c495c8068663960192b37b28d94a901cd718b","Naukri","Executive Opportunity","Unknown Company","Unknown","6749874bb2d7085df5f2f2b576344a3b20d866bddf31dd39991f410fa4b78615","1","0","0","A","No evaluation_job and no materialized_evaluation exists in DB for this canonical opportunity."
"699","33c613d8c46a226f","f113bb4388b5a1b4e4e4b38859ba725f4a0afcf6a5959910a67ddc7f0eaa5b7a","Naukri","Executive Opportunity","Unknown Company","Unknown","9f7861503a5821ed67af5a49cf8f5f65988c0ccb6cc4bb62ec5241ec16dc4b85","1","0","0","A","No evaluation_job and no materialized_evaluation exists in DB for this canonical opportunity."
"700","33dd254833d5654e","85173760ae3c3e66960a014afdc2dd73bdd37b810fef55695ee09af1e194dc52","Naukri","Executive Opportunity","Unknown Company","Unknown","9b85d49034bcd628b4c7a9183aec628bcd0c2ce65e0117bf0c3f7f13e362f1cf","1","0","0","A","No evaluation_job and no materialized_evaluation exists in DB for this canonical opportunity."
"701","33df82c3ae0a57d8","e4a720939ef3c732d925865e59ee131e2c0b37df64f45b98a805ab2f4e2141dd","Naukri","Executive Opportunity","Unknown Company","Unknown","96a96f76747cc17d2b2fd614759805ecd7d1c8e6de5799fc9be9e155e1cfd871","1","0","0","A","No evaluation_job and no materialized_evaluation exists in DB for this canonical opportunity."
"702","345ab7a4dba7d261","7e06928ae29b169e0a5100c7b176bedeb148e93b7a0329f232f18b161662de84","Naukri","Executive Opportunity","Unknown Company","Unknown","61382196803f9047fa6780ee942f3b1d3ecfe23ddb477dbe5bc56985f6fcdf31","1","0","0","A","No evaluation_job and no materialized_evaluation exists in DB for this canonical opportunity."
"703","3475728e06497e18","06c884f62441e9726f96c717c941eb8939df60e52220eafe851319baa20cbb13","Naukri","Executive Opportunity","Unknown Company","Unknown","a672a57af4286b472177d7610d3eb82ae5f22c7ffb3411e36f5c1f40644d78d4","1","0","0","A","No evaluation_job and no materialized_evaluation exists in DB for this canonical opportunity."
"704","348ed53d7d9797db","1102810f1be948a8ef86acf3d32c57050dcbbe0c342692415ff9ec7d3c6ea71d","Indeed","Executive Opportunity","Unknown Company","Unknown","7f00da0c0a3199e2640968186d81ec1a49450f608b46044f1c1c198648a1fa62","1","0","0","A","No evaluation_job and no materialized_evaluation exists in DB for this canonical opportunity."
"705","34991a3285e86efc","b80f44418d072bad40fcc1b7f360d8156af0e6a8fbb8efe02bc3c2f77ee13ab5","Naukri","Executive Opportunity","Unknown Company","Unknown","0caee4410cabae63ef9a806e394bbe6aa8901ccc825b13354e3b8822f42d25c3","1","0","0","A","No evaluation_job and no materialized_evaluation exists in DB for this canonical opportunity."
"706","35f4145bf11d4189","4ba9f8a1501f7f9e2b83e6a092f9b78e293001a3e68145b98553e334b0d821fa","Indeed","Executive Opportunity","Unknown Company","Unknown","6847dc73f2a7d9814fd67360de412506d35dcf2855b6e1fa28a9483aecad73b3","1","0","0","A","No evaluation_job and no materialized_evaluation exists in DB for this canonical opportunity."
"707","360a51f8e2173bd1","9ba4c35f6751a34db36deaf05e98be05ca16e214782e2945f9272cdd44675134","Naukri","Executive Opportunity","Unknown Company","Unknown","97b5ed78108ce826faf79f6ee720fe805467bb2414037156ac31f855cff64cde","1","0","0","A","No evaluation_job and no materialized_evaluation exists in DB for this canonical opportunity."
"708","36745ff5f6158a8c","c0dae6f9b6009be8ad3313f84992c329b2917718c1b837e881abac0d9be0892f","Naukri","Executive Opportunity","Unknown Company","Unknown","1be1ec281b2804e2dfbc366ec79d9d4d6a4f4a6bcc45bd9434a1c22206225b77","1","0","0","A","No evaluation_job and no materialized_evaluation exists in DB for this canonical opportunity."
"709","36827ca828bf8d66","8018c6b82266fcc27b27e5c68d257a0e27776994c2ce02ec76f18deb0e5d770f","Indeed","Partnerships Acquisitions Manager, India","SchoolApply","Remote in Delhi","cec61ce84b9a9381c8d22da7fea875ff5ffd8f19c961df755e31e4cf7538eb78","1","5","5","E","Materialized evaluation exists under active context fingerprint ""fbcfc83c5f8e7257aa2b92e1fbd91acfebf47c5f4ca3fcd167def146839b0ba9"", but serving adapter rendered evaluationState=ACQUISITION_PENDING."
"710","373cfa17bac34bfd","69802c677c3bc33de498e4014c283b584831d80ab2da082b071a1444ee47f2c7","Naukri","Executive Opportunity","Unknown Company","Unknown","ab1b28f9d31cbe9a0c01a76af2fa7a82ff5a4790c9832dd9f502f8b6a9a76891","1","0","0","A","No evaluation_job and no materialized_evaluation exists in DB for this canonical opportunity."
"711","37662117fbd25307","f4a869f081095933e7f618e6a6b81d2c56c8aef1fa1b57185a6b40f79978a08c","Indeed","Executive Opportunity","Unknown Company","Unknown","daa12c776ada30ecca0a131ac887785de6044c3b47d82590864bc414c802504c","1","0","0","A","No evaluation_job and no materialized_evaluation exists in DB for this canonical opportunity."
"712","37ce5db7ef5547d0","dd846ef0b674641028bc75ab35e9e756af25127a2c8f0e29a32ec610ff3dc914","Naukri","Executive Opportunity","Unknown Company","Unknown","bf0d2e943a13bb5ff90f76032fc505bcc621d67f694ddd8c8351bab492935269","1","0","0","A","No evaluation_job and no materialized_evaluation exists in DB for this canonical opportunity."
"713","383b780f45c60036","0b2ef5a1eb796cedf2228fd890a188929df34d8927c38be531f73a3a86aa86fd","Naukri","Executive Opportunity","Unknown Company","Unknown","6949a710824e15592cc33cdd9def45a762fc9f9d930c738b3e7db26364524abb","1","0","0","A","No evaluation_job and no materialized_evaluation exists in DB for this canonical opportunity."
"714","385cc6ac23392398","b391b74d7eb54ebb7e7eb477d288780d5fbd5b26af8c5e7631067f78a5d3f84c","Naukri","Executive Opportunity","Unknown Company","Unknown","ab9b4236a7fd8c2dd16d00b38b287f7bf900f67fc88a40b1294aee20395ad711","1","0","0","A","No evaluation_job and no materialized_evaluation exists in DB for this canonical opportunity."
"715","3a88021732be8e28","60382955cde01830261fc3e96c3c8a637d36acdaee11f224c2e54d1e1210eda3","Indeed","Executive Opportunity","Unknown Company","Unknown","179d9d1f1191b6350c9773eb79cc2a332b62d56b07e657cc7e5eead8a9749477","1","0","0","A","No evaluation_job and no materialized_evaluation exists in DB for this canonical opportunity."
"716","3a968a1e9f1fa9b6","fe32bf62d08d7c631bcdf2788729339a8d8336fe4a97dd74dc48484156f72c58","Indeed","Executive Opportunity","Unknown Company","Unknown","9883be3084a2965906cceed8f57af323813727c161fbaf8c73097ca05303d23a","1","0","0","A","No evaluation_job and no materialized_evaluation exists in DB for this canonical opportunity."
"717","3b25c85b66cf885e","e568ae2e5e58016e7c8541b63465b98c217e51bc91c4db15187b42cee9868818","LinkedIn","Executive Opportunity","Unknown Company","Unknown","d0efec766971c2f4c5960df28206c8519b463e1e48c29bb8db786017f0dd24c9","1","0","0","A","No evaluation_job and no materialized_evaluation exists in DB for this canonical opportunity."
"718","3c517287cc65ff2e","4c2e2045f50cc125328addbf3cb0e8a3035fa2102592fd051863382283354e56","Naukri","Executive Opportunity","Unknown Company","Unknown","d0c5deff2af5e0aa61020cb7519dd37bfbc5f0a62a8201d5dc1935de37e6b67f","1","0","0","A","No evaluation_job and no materialized_evaluation exists in DB for this canonical opportunity."
"719","3d21dca7353b923e","c21044c03a82c75e8059e3d96db355356fd33dc2c1615297e5f96cffd152e668","Naukri","Executive Opportunity","Unknown Company","Unknown","5ebaf80ca5b49ab8e4359227052b89c0e1c5f0d3e435a92af68841b3640f7417","1","0","0","A","No evaluation_job and no materialized_evaluation exists in DB for this canonical opportunity."
"720","3e158069a02fb3ab","9f84754f60e9ea2a46cbd0cd4dd980baac6654b4ef95794372811b3d52ed6bcc","Naukri","Executive Opportunity","Unknown Company","Unknown","2deaffcc9b029bf3e668b709b8ab68cf2d11ffd9d9368fd7a4105dd2a016b65c","1","0","0","A","No evaluation_job and no materialized_evaluation exists in DB for this canonical opportunity."
"721","3e6d22fcb587d763","521f534bc5423b57cebb5602b105ca3ec9826ec073deb58bc7f61eea2bc1253b","Indeed","Executive Opportunity","Unknown Company","Unknown","53918bf05c7f1ff28cb4c19879267398e89335c1c1cd42f75274fa1406f78a51","1","0","0","A","No evaluation_job and no materialized_evaluation exists in DB for this canonical opportunity."
"722","3e8341c83634efd8","92685efdbac520fb995feb015ac026a7f378dfdfc720e98f8ef1d6221649436d","Naukri","Executive Opportunity","Unknown Company","Unknown","3bbf86c1de31cf34c8dabdbd4ae5bad1f1d6aeef60e10021023880037ef0e3fb","1","0","0","A","No evaluation_job and no materialized_evaluation exists in DB for this canonical opportunity."
"723","3ec79b9a919d6eda","d299cac39dba3257c535d9e284c8804b5aaf0c4d3d91a5da515ba16b54a22ca4","Indeed","Executive Opportunity","Unknown Company","Unknown","833866c2f27de256db26063787ca7ea1535255d6c4ab2a6a7129a5894fc7b14d","1","0","0","A","No evaluation_job and no materialized_evaluation exists in DB for this canonical opportunity."
"724","3ed73dddd404b9db","8c9ae1b802676467cf074a7b557c3a6de7b00948fdd5976c52c73e240dfe82b8","Naukri","Executive Opportunity","Unknown Company","Unknown","685c83e11b4c601f5bca8241371784f238844d2fd62e7115edca4b741ed3e834","1","0","0","A","No evaluation_job and no materialized_evaluation exists in DB for this canonical opportunity."
"725","3ef3a93bc72af7ab","1f67a521fb7aaebd8a427ffb6a6684e1c204575a893c651016cf229fc21a2e14","Naukri","Executive Opportunity","Unknown Company","Unknown","b7f6103d17f17867a5d24b4a087e1a805edc5c60f2e29a7090c05ff5ff36b6aa","1","0","0","A","No evaluation_job and no materialized_evaluation exists in DB for this canonical opportunity."
"726","3fdda04d5e678102","ec4375462579bf37438b3c4076a7608168d176b016d3a44239336dbe82d46275","Naukri","Executive Opportunity","Unknown Company","Unknown","170923637ef5007665bfe754ff660c47390a67fcf090774176fa6cacb0434d35","1","0","0","A","No evaluation_job and no materialized_evaluation exists in DB for this canonical opportunity."
"727","40bb403739715585","f02d086c195a2d20eb7ef9cf6eeac31bca6d102c1f5608f6e7f022f6e723a083","Naukri","Executive Opportunity","Unknown Company","Unknown","8949c6601183317abd648506ed328baab50465c7a88a0f58eb2f4c84917dd7f0","1","0","0","A","No evaluation_job and no materialized_evaluation exists in DB for this canonical opportunity."
"728","413bcd0fc16143e8","dc675df7e1dc10f5b795c2e2d21f19e0ca996d32c7de5008728f8b39050cdcc8","Naukri","Executive Opportunity","Unknown Company","Unknown","bba65fa804a608dcd24bfe4e1b93ef0ec963242cac530792040d90f1f1fe299f","1","0","0","A","No evaluation_job and no materialized_evaluation exists in DB for this canonical opportunity."
"729","42533960fc8d5586","974eae51ee000f75c23a05d7de4c12a4054712c989d9c6127f0e5015218e0225","Naukri","Executive Opportunity","Unknown Company","Unknown","bdfcc1fb06cc38da258965aeb7be415a8d515312e228cf5d2c91e4585a7bd697","1","0","0","A","No evaluation_job and no materialized_evaluation exists in DB for this canonical opportunity."
"730","42a9313cb2caca86","46a20585487fad8f56eaec7a20e0d032939284bb02a7b7526df41efc3e08c62d","Naukri","Executive Opportunity","Unknown Company","Unknown","7d0561d2559aaa5e147ac47af149ad6dd9cece5106bf34d8a021853e485b1278","1","0","0","A","No evaluation_job and no materialized_evaluation exists in DB for this canonical opportunity."
"731","42c1c3767d8bfcbf","dd0a72cdce020cd710b00c78119c4f8eb272c0d6ab8ab33e51cedb53bad6c554","Naukri","Executive Opportunity","Unknown Company","Unknown","9e3048898f907fa691d305ff7189d787331509bd2c029903ea9aeb9c21393e1d","1","0","0","A","No evaluation_job and no materialized_evaluation exists in DB for this canonical opportunity."
"732","431b885e41e8b6af","f8b9ac16d2154f3e2604ea2da0f49da596c6df17a14cd7573912f2e8445943c7","Naukri","Executive Opportunity","Unknown Company","Unknown","1658d313aab2c31ef8be6c40733d5be327bd8ad196b740aa5bb1ac8fd2c335a3","1","0","0","A","No evaluation_job and no materialized_evaluation exists in DB for this canonical opportunity."
"733","4332b8336f15e6bb","29ab6826880a4b9c90b08772b2fc3f661c9ac32a89a5bb42e0fd7b91dcb0b407","Indeed","Executive Opportunity","Unknown Company","Unknown","0f8f7fccad6548042f0080012106a20bbb0322920d8b8d2bb2edc727f97fce45","1","0","0","A","No evaluation_job and no materialized_evaluation exists in DB for this canonical opportunity."
"734","435e5a07bc8dce8f","e13717eaf791d83fafbfc114797f1433dde5218c950f50db135ef95b1bcdd0ca","Naukri","Executive Opportunity","Unknown Company","Unknown","6534f69f4840685bd4f0926ca82e131cdaca87c072251eddec5a44450f66a5c7","1","0","0","A","No evaluation_job and no materialized_evaluation exists in DB for this canonical opportunity."
"735","438bec8cdd80b1ed","332e8e1af16fc169c59db53bc3636325e393df6dc235114a063e874be375aaac","Naukri","Executive Opportunity","Unknown Company","Unknown","7fd3f9d832d2e8c76f4995d4523ed363b33e15e582f3f57ea421c1ed1daf536a","1","0","0","A","No evaluation_job and no materialized_evaluation exists in DB for this canonical opportunity."
"736","43f0f74fdbbe948a","c856291fe95f49c90c1330de389c3918652d6240f914b24b2eb9152e427a6154","Indeed","Executive Opportunity","Unknown Company","Unknown","5afa08e8d4ada0861dcc3b1c3cf91503e4e506f647c6efbdf3301496565a8e21","1","0","0","A","No evaluation_job and no materialized_evaluation exists in DB for this canonical opportunity."
"737","440c6e4432cfa7bf","e3f234c66fcdcc5fedffdd15a1fa4a270cd7b563994006cb102313434a40a2d3","Naukri","Executive Opportunity","Unknown Company","Unknown","dd81c956a976bbf8d68a13760040b1af588af2676d0f4a70f8f15262d1ab90cb","1","0","0","A","No evaluation_job and no materialized_evaluation exists in DB for this canonical opportunity."
"738","4491f52fbb0eb67c","98f5f4baf4c4dff114bc297865c0fcf886f1ac3f29216e9ff5a21b3af10fca81","Naukri","Executive Opportunity","Unknown Company","Unknown","378063f016b49833bcc37cb7d897888db3edd84210e012c7aea8d5ee0dc63c34","1","0","0","A","No evaluation_job and no materialized_evaluation exists in DB for this canonical opportunity."
"739","4541cc08f8676d5b","8d44df222c3771a4204d3d927fb5a2e18256d1dce382fcce59bb9965a2731c73","Naukri","Executive Opportunity","Unknown Company","Unknown","3a928d9fd98e27bda2a7cd7a25f0d946c1897d18365aa55aafb3395dca07a10a","1","0","0","A","No evaluation_job and no materialized_evaluation exists in DB for this canonical opportunity."
"740","45474228162a5998","b15c34e2ffe5b0e6984e1ec443d94e69df38f240c22fd4e4b1050bdc892eaa93","Naukri","Executive Opportunity","Unknown Company","Unknown","fc80b02ef1c0b8259e681ce17d5ea18eeba12363815c8a028a119fe49c0565a2","1","0","0","A","No evaluation_job and no materialized_evaluation exists in DB for this canonical opportunity."
"741","4630acf5fb530871","496800a7acc25483aab0144780e7bfff68c1218ac7ecf9ce5a7618fabcdf4098","Naukri","Executive Opportunity","Unknown Company","Unknown","8d6c20a7c013a3a29c82321eeb2dc5b005bc7c8d6a93e5ad7c391a3f4960659d","1","0","0","A","No evaluation_job and no materialized_evaluation exists in DB for this canonical opportunity."
"742","466de18c26e2976d","59121b003f9b6a27ffa67cc43f5ed8f96c74b837e6eceb4ab7f98555634d2e7d","Naukri","Executive Opportunity","Unknown Company","Unknown","aece3a47ab49b24d7ed77888593f3f83f40c812154b3109d42bbcda40ec200eb","1","0","0","A","No evaluation_job and no materialized_evaluation exists in DB for this canonical opportunity."
"743","467a8c5edc53c511","1f9bb0623b95be2237c2505851837596aa8e7d0956222ac7e095156bee7e60fc","Naukri","Executive Opportunity","Unknown Company","Unknown","0b4ab55be6c0676fc1c629079192dbdfb57878ca1914bf6785fd102654706691","1","0","0","A","No evaluation_job and no materialized_evaluation exists in DB for this canonical opportunity."
"744","47b7e567fbb13b1c","dc22a9564eda7560ab50f293a2ccfef604a28fac71a95a71938e8f564ecdbc43","Naukri","Executive Opportunity","Unknown Company","Unknown","0d5b13bf011bf65ca906573e13964f0e944c4c3f8ab71ffd1ed2deca6f3cc53e","1","0","0","A","No evaluation_job and no materialized_evaluation exists in DB for this canonical opportunity."
"745","47faaa140fd34124","396920d9546ad7d385d82a012635a6b2aa5be1a5c5b67d789f9586bb0d55ea73","Indeed","Executive Opportunity","Unknown Company","Unknown","60dd269f6da6ce3dcba5f639827f747c2d2365521446bbff3be7631ac4de6172","1","0","0","A","No evaluation_job and no materialized_evaluation exists in DB for this canonical opportunity."
"746","480ca5767f750e69","c0eaa28367080c009bb5ed05d5610cc953f9f54a1c8747d32d247b6a88e53436","Naukri","Executive Opportunity","Unknown Company","Unknown","1c2c84d51d96099621b4b6a38ac530681429f8269dd26a6767ad9cf766e030ca","1","0","0","A","No evaluation_job and no materialized_evaluation exists in DB for this canonical opportunity."
"747","4af42b8440eb86ee","c5f5ccba4029d4ac18f451b67e183f40db6f5409393478490a1cb8e80b0cb9d9","Naukri","Executive Opportunity","Unknown Company","Unknown","2e4031343b84b5c6c75c4777f016c71459571a9232adfb248b07cd6d1a738790","1","0","0","A","No evaluation_job and no materialized_evaluation exists in DB for this canonical opportunity."
"748","4b7e3fc4520af657","d202dac212d50731737995ef5cbe6b618afa4b0dc26e4ec885757c8eb27772b9","LinkedIn","Executive Opportunity","Unknown Company","Unknown","8da0290e6c00ccc89e5ada5fc2f323619dc0b88445284a4f4f9f915b2695676d","1","0","0","A","No evaluation_job and no materialized_evaluation exists in DB for this canonical opportunity."
"749","4b8494866f5153bc","21f372529c002cb04a3df81b81975359fecd36bc8c08953773df643ae52bc584","Naukri","Executive Opportunity","Unknown Company","Unknown","cf59364a52e97ac2dd302e676e6541663bd87643042cccf6f26d6535b5bc957e","1","0","0","A","No evaluation_job and no materialized_evaluation exists in DB for this canonical opportunity."
"750","4b8d52359b64b860","e22519b7a959f339057088ee2d5cf238001e1e572cdbf0175a19030ebd2631e5","Naukri","Executive Opportunity","Unknown Company","Unknown","ac0936ce7a18cb34558a373ada2536887b0d872cef9ef42a499d7945c3dbbfbb","1","0","0","A","No evaluation_job and no materialized_evaluation exists in DB for this canonical opportunity."
"751","4ba889a7c99d4e18","de87ad477b2cdbf133a535dc91f4d815d35da34e4d86230d04bdf6d9ac35f0b0","Naukri","Executive Opportunity","Unknown Company","Unknown","111acad613794ca055b92db378cbdab239258259da3be139d4e855beb655b6e6","1","0","0","A","No evaluation_job and no materialized_evaluation exists in DB for this canonical opportunity."
"752","4bf47cbb00266b0c","c6af2e6df35b9f2f53f2d30e4697b7e94ae2987b3197051088daece6375f5d87","Naukri","Executive Opportunity","Unknown Company","Unknown","d20142d852698bdf60dc577d71a5e10ff675f468fdc8fcf6d42a4fabf85a6a24","1","0","0","A","No evaluation_job and no materialized_evaluation exists in DB for this canonical opportunity."
"753","4bfb0dabdf64dbef","0baf3b1fc115fcfbeeda7691040b052765ff3cc18bf2d840881afaf1bdfd5cf7","Naukri","Executive Opportunity","Unknown Company","Unknown","f7fa11f6c70b239dfc93a785d31445bc876f756a0be3c017388304431c349af4","1","0","0","A","No evaluation_job and no materialized_evaluation exists in DB for this canonical opportunity."
"754","4c3691845badfd8c","1c0087d924810964fd16d59a87588ccea4b85d025f2bc4f9af5fde35376e4fb1","LinkedIn","Executive Opportunity","Unknown Company","Unknown","c452510a9a01a7b5e7bea92c59a95bfb53c6cbcd7b13c7f8040853663a59e7ea","1","0","0","A","No evaluation_job and no materialized_evaluation exists in DB for this canonical opportunity."
"755","4cacae952c2da095","67a30d969bddc28d41c83f74a8d9181f81dd4ef88ab4f2bb5e6ded3e14db393a","Indeed","Executive Opportunity","Unknown Company","Unknown","8a7e5b0c109e9e567ae61c280209be2cd9ae134284d3e8cf974e19c096e3466e","1","0","0","A","No evaluation_job and no materialized_evaluation exists in DB for this canonical opportunity."
"756","4d79cdba9865f9fb","a3d54d8e12f73d4d548210eaac5c566ae6d07595539aff7d4585ddf7d8c1c12c","Naukri","Executive Opportunity","Unknown Company","Unknown","dab21df8c387e0e1d403ccd4c9943ffa90fe955a279c5e82a4d59d67ca0d44a2","1","0","0","A","No evaluation_job and no materialized_evaluation exists in DB for this canonical opportunity."
"757","4e3edbc2345a34ee","d17ffc7120c55b85d0829cb0118a4bb6ef846016fde224435f20830d5015359d","Naukri","Executive Opportunity","Unknown Company","Unknown","e8f75006e9c7e9a305138d8a1da92e82268036c56d9714195850ce23f4615413","1","0","0","A","No evaluation_job and no materialized_evaluation exists in DB for this canonical opportunity."
"758","4efa31022afb9549","b21cb5d5b7046cb2157b7e211c0725476fa1afd0dc44d38770c3bcab0fae57d4","Naukri","Executive Opportunity","Unknown Company","Unknown","03d4b002a8a9489620a580410b9fc97ad7a01ddb3d8ec97c6f3374615aadeebe","1","0","0","A","No evaluation_job and no materialized_evaluation exists in DB for this canonical opportunity."
"759","4f8d2ac7b0892338","ce6473429d133c3b914951fa3fb8f658b2e51c67c77e4b8e793aaecf3a769f97","Naukri","Executive Opportunity","Unknown Company","Unknown","e1c1ba0bbad62cbff3929df68e9c704c871ec1b36c1cae5f503ae6c658954fb1","1","0","0","A","No evaluation_job and no materialized_evaluation exists in DB for this canonical opportunity."
"760","4feadfcf07763f91","6039daa0fd83bdcf2dea2d76bcac23bd548c25f63a500b4e6438fbf587501ff8","Naukri","Executive Opportunity","Unknown Company","Unknown","0ad525f92ba0596b1bc34b9ec8050e277dcc5c2e895d212bbf67f18e3cabe454","1","0","0","A","No evaluation_job and no materialized_evaluation exists in DB for this canonical opportunity."
"761","50370bd2f95adbf9","d85893ff94473af92ac0d1bca0ba277458fab7429ef87945bbad902fc24e7c0d","Indeed","Senior Manager - Partner Success","iSOCRATES","Mysuru, Karnataka","3ed1d783213f30d73d82e6f5147b43043c396cb496d64a81838cd03422e08a6c","1","5","5","E","Materialized evaluation exists under active context fingerprint ""fbcfc83c5f8e7257aa2b92e1fbd91acfebf47c5f4ca3fcd167def146839b0ba9"", but serving adapter rendered evaluationState=ACQUISITION_PENDING."
"762","50b63518e81e1441","f21bc8ad1d41dae6d3385e8597945917064a1c2354e680dc0c9ccef57d1865a0","Naukri","Executive Opportunity","Unknown Company","Unknown","65f09d6ae1861540d02e730819868d470c4848d71a9bf9d4ea2bf24d556b81ee","1","0","0","A","No evaluation_job and no materialized_evaluation exists in DB for this canonical opportunity."
"763","51054b1f706dbb24","ab4e6d70f6522af2b5510c388205a09c0093aff09510b4439ec7989d08459ecc","Naukri","Executive Opportunity","Unknown Company","Unknown","6eee2135d9dea236eeb111c6e5f9cf7fca845399e2db9aa732542de26b90a412","1","0","0","A","No evaluation_job and no materialized_evaluation exists in DB for this canonical opportunity."
"764","51621a0cd730c641","eacddd89179cc2ed312dc08b1aeebc0fd156ff8f8e45adbf1fa6d1c9be4ab56a","Naukri","Executive Opportunity","Unknown Company","Unknown","81944e186596042d9f64a5bd002ad3eaaed1b35f4597375269c8621ac69d0457","1","0","0","A","No evaluation_job and no materialized_evaluation exists in DB for this canonical opportunity."
"765","51bce3002a57f911","e815cac529367495f30384c9d38e5d048a4b1cb28097184c47ad571fcb191929","Naukri","Executive Opportunity","Unknown Company","Unknown","950fecff3b7115933696db35d89c7679afc4b14394eece0d972dd6ecbb1b07a0","1","0","0","A","No evaluation_job and no materialized_evaluation exists in DB for this canonical opportunity."
"766","51ca11d05d393816","1fc0209fd714ed8936767a622e11383bef1da8a4e1830759c1655a6c208228f9","LinkedIn","Executive Opportunity","Unknown Company","Unknown","3e03fb96e005916a6760e230a84f5a80dbef0e88d8f243507288335b753d8e36","1","0","0","A","No evaluation_job and no materialized_evaluation exists in DB for this canonical opportunity."
"767","532b70e1b1af269a","f31594982c39be791b18c0163fec04bf3218b229e48291aa075f94530de4e985","Naukri","Executive Opportunity","Unknown Company","Unknown","9ce20d5da04d86970abf6d8778ddf49dc286d99782fabf0dcb5de4daebcca872","1","0","0","A","No evaluation_job and no materialized_evaluation exists in DB for this canonical opportunity."
"768","5374eb8f3077d176","6ace23223dd1fc721423ab346df81831e73a9b5f005c97fa148bd2143a199d03","Naukri","Executive Opportunity","Unknown Company","Unknown","4e9974ae6655168cd7d6d4216b51289ddfc0f42309e452051951935b44781d76","1","0","0","A","No evaluation_job and no materialized_evaluation exists in DB for this canonical opportunity."
"769","537ceb53f8bcef18","774dd784190e980b15d4e490aca9e8cbdcf4d13805b160a05992a2169d7c83c5","Naukri","Executive Opportunity","Unknown Company","Unknown","eed1e30cc63aea36b19483d1d33d80f8f94cf2f98e1d79c7f26d2175fb2a3756","1","0","0","A","No evaluation_job and no materialized_evaluation exists in DB for this canonical opportunity."
"770","53ea2d6124e7fcef","b9cda26a9fa080a21ce2ab6440f762b6c8e3b2ab03833daf5484009632f54968","Naukri","Executive Opportunity","Unknown Company","Unknown","a720a9cd5b37dfe387fe4521d67a60a17ede8d219fabcaaa42186918170e5298","1","0","0","A","No evaluation_job and no materialized_evaluation exists in DB for this canonical opportunity."
"771","550e3ea2cef14604","1b74a85e410a844558c82ad72e0495fe1b507439e14cc6b149e7983677ffdf9b","Naukri","Executive Opportunity","Unknown Company","Unknown","b8c7484260a36ec2cdde36f993f8237342075f5dfadea947723638d09705b9aa","1","0","0","A","No evaluation_job and no materialized_evaluation exists in DB for this canonical opportunity."
"772","5564a2975a11bccd","87d1980bfe3d0ce5204ad07db2cc89119307e4d610e11cb1e279825b402f5f3e","Naukri","Executive Opportunity","Unknown Company","Unknown","71afcfc4dd77eb2d81f29bce3ceaf916e41f480c9703d9b2cd6ed59c96f2d28c","1","0","0","A","No evaluation_job and no materialized_evaluation exists in DB for this canonical opportunity."
"773","55727d9add3bbc4f","4dd10e30e03dd6cb3c3a77b8f9b354f676851d7163b1fc9198906f135683969d","Naukri","Executive Opportunity","Unknown Company","Unknown","304a99e4d37acb78ac5706237aefe666811a3835ed8a3bbdb2c232c344a01bab","1","0","0","A","No evaluation_job and no materialized_evaluation exists in DB for this canonical opportunity."
"774","558f0e21a3edbca9","b9c8c362c009c424a2a28ef3613fdb8aeee6178e9a79d5cf7cc83be2b2662163","Naukri","Executive Opportunity","Unknown Company","Unknown","d2b6c9cccb3eb651f913af1372bd6ca37bcade0a5d82461eba1891f5367bb628","1","0","0","A","No evaluation_job and no materialized_evaluation exists in DB for this canonical opportunity."
"775","563b2119641b7456","33bd1307398d6adf7f02cd0d466fee99a4ad4bda45aea88d6a119077c689b424","Indeed","Executive Opportunity","Unknown Company","Unknown","8fd764310fe20578733479555277f1442303a352c9b4c378ae33b8821a9a7a00","1","0","0","A","No evaluation_job and no materialized_evaluation exists in DB for this canonical opportunity."
"776","56a24b2590bf4a00","43989c3db21e12907d6029b08f66aa3f04a89b702adf0c92535ccc7d40a7fc8e","Naukri","Executive Opportunity","Unknown Company","Unknown","f9d9ee236c1ba2e8e1c7f5534c07dd92e4e6ed6c3dc35054b69f62aa7e3cc4f4","1","0","0","A","No evaluation_job and no materialized_evaluation exists in DB for this canonical opportunity."
"777","56ded03516565fc1","420bc68966914fe9f9fa6fda79ca524bd0da67b1597b585ce80a1e043dcba9c2","Naukri","Executive Opportunity","Unknown Company","Unknown","052268bb7fffefc41d1889760d165dae86c127dafc18e5f756aa51e692e6082b","1","0","0","A","No evaluation_job and no materialized_evaluation exists in DB for this canonical opportunity."
"778","58351da2d8d07693","7138f89c02f122cac22d0a1fc96268ad8cc6d45b98cb9ff5171b003b4dab08af","Indeed","Executive Opportunity","Unknown Company","Unknown","53c23ab31649efdd9517dcb5d6d7e33e083762e2240bbf1fc8491dd1f007dea1","1","0","0","A","No evaluation_job and no materialized_evaluation exists in DB for this canonical opportunity."
"779","5859a48ad0a17d74","8cf66b32c43c1780c504d505ec622ae8b2c3638007e10d8d59e788e909f182c9","Naukri","Executive Opportunity","Unknown Company","Unknown","3cd03fc4007791d0bc4d0b0221dd7b9e1152a561fb29b1720dfc798f6d5702ed","1","0","0","A","No evaluation_job and no materialized_evaluation exists in DB for this canonical opportunity."
"780","587843a384dfe028","14f79506e14884be762f6b13015cdce1bf0e18981dfaa4140e0e8d84a3f48a75","Naukri","Executive Opportunity","Unknown Company","Unknown","ed29b2bc0f1991dfcbb60d44545aa8fbda20a212202b6c8e73794fcbc4a35c6e","1","0","0","A","No evaluation_job and no materialized_evaluation exists in DB for this canonical opportunity."
"781","58da385c8d876681","be8ccf28d56e0552dfce6951d88f716d0fa8bd621acc9aabd1df075a6c92177a","LinkedIn","Executive Opportunity","Unknown Company","Unknown","e954eb8ac053fd415c5d173a728add5c3edcb1b830908e40dcc205e92575b154","1","0","0","A","No evaluation_job and no materialized_evaluation exists in DB for this canonical opportunity."
"782","593151befbd864b5","01312be3fd121653ff8ce37770575321a870dc26f652116f555feb7cd9a28248","Naukri","Executive Opportunity","Unknown Company","Unknown","8329067cfba223f0ec29a248be6adae86a9c5020d7334dd9894a960e24f2bcca","1","0","0","A","No evaluation_job and no materialized_evaluation exists in DB for this canonical opportunity."
"783","59725f1681fdfcd5","d800567120a86c47c12f19743bbd27c10efb54922ceba5f1eaef1a8c5f479064","Indeed","Executive Opportunity","Unknown Company","Unknown","d10645319719db6cd371936ab2e0295417150322fa405127fb989442f178b89d","1","0","0","A","No evaluation_job and no materialized_evaluation exists in DB for this canonical opportunity."
"784","59ad84c2cf4b6d6a","2acf8a5f100daec3a022d7f6c681a9ee27d1eae872c8a6f1a84e9cf1c72c2f6e","Indeed","Executive Opportunity","Unknown Company","Unknown","c952622528d667031b93ca392089168d160a686ae14b44d1e6bfb310a479848f","1","0","0","A","No evaluation_job and no materialized_evaluation exists in DB for this canonical opportunity."
"785","59f8c912b8972356","41696abf2d3f9bb0e75dd0abfd0789cb8e2fe45a34a19592e7b972defe547909","Naukri","Executive Opportunity","Unknown Company","Unknown","2dc807775f60db25e83ca651e0575eb47522b70f7c274664cf908c740cbdf8e8","1","0","0","A","No evaluation_job and no materialized_evaluation exists in DB for this canonical opportunity."
"786","59feefcfcb387b24","d439d20d6416f806295277524f713fa47a0121a4ee241cfb422f3a442439116e","Naukri","Executive Opportunity","Unknown Company","Unknown","c149c58217d89a1f0b4da900d7f0e03e69033cad7737434abbd87625d85dd961","1","0","0","A","No evaluation_job and no materialized_evaluation exists in DB for this canonical opportunity."
"787","5a18bc3190483100","3303a5e5eba4e844aec21bfec4c9dc244213d83a1502a0cb62458b1221be04f0","Naukri","Executive Opportunity","Unknown Company","Unknown","43591019b181558d0755469933ac944d33242a0fbe80d9c0c8418efe374eecb9","1","0","0","A","No evaluation_job and no materialized_evaluation exists in DB for this canonical opportunity."
"788","5a273347b0c5088a","1495b5455f06eb339f6e8ca065786bbf4d94aa578b1a33667484d529a33f3b21","Naukri","Executive Opportunity","Unknown Company","Unknown","8938959210b658a5d2a2a3056546de71d762dc918cbda88cb9e938a8b13099fc","1","0","0","A","No evaluation_job and no materialized_evaluation exists in DB for this canonical opportunity."
"789","5ab28de37b46abcf","5ea5ff625dc11580fb29131e2445c050dce0c09cfb63052c06b3cd19e369792f","Naukri","Executive Opportunity","Unknown Company","Unknown","c6a4c00000159b65e2c2a5bf83b8b4de0be0a1d94192489e29c73251816b2d76","1","0","0","A","No evaluation_job and no materialized_evaluation exists in DB for this canonical opportunity."
"790","5abfeba6210723f7","9789505ef81a5449ed7f340c0387b5109b769253092bfbcbf4a7fb63f407c75f","Naukri","Executive Opportunity","Unknown Company","Unknown","5d985d5fa4ea63d898ad9da34e9fa0fe752713cd84dfc8c25e57f7cf78bdfb72","1","0","0","A","No evaluation_job and no materialized_evaluation exists in DB for this canonical opportunity."
"791","5af02a3176988dd6","886486b86aab943f66cc0bf2a94557df4d3318210828690db56c5449cf02ab10","LinkedIn","Executive Opportunity","Unknown Company","Unknown","ffc03a7d31597970d60a91486a94629c84c6d905877428b19238bf0a07174cb8","1","0","0","A","No evaluation_job and no materialized_evaluation exists in DB for this canonical opportunity."
"792","5b465af0e2b40f1b","d3329d77e7706814f2494d6a945271d070118e214e0b6803002441333af6b3d6","Naukri","Executive Opportunity","Unknown Company","Unknown","22c42bd841eb88692b4ce5411599ffbe94e16acbfe0db2df0dcdcd72dd78fc17","1","0","0","A","No evaluation_job and no materialized_evaluation exists in DB for this canonical opportunity."
"793","5c169a3d8b2a5a57","58d01ae7312be7805b6e5eeb8f7cf7bb596a9aa55b2decc51c1123d46a64e041","Naukri","Executive Opportunity","Unknown Company","Unknown","82276fd729d7fc93ab855e6a6606e5965136d406645be98b1df1b3ac42339401","1","0","0","A","No evaluation_job and no materialized_evaluation exists in DB for this canonical opportunity."
"794","5c3992d95a1ae69a","d73811eecf56103c95ad0f76123866022d584e500d6675d05a72c85726c74488","Naukri","Executive Opportunity","Unknown Company","Unknown","54c740eccf34e3b2a552c2efa4e40d8c95b4f3bcf8c4da839e4925632e8650b8","1","0","0","A","No evaluation_job and no materialized_evaluation exists in DB for this canonical opportunity."
"795","5cf2d87c5bda6937","1730dd606b650dca5d6d885c416415283ed065faf731803c438d4c163381c598","Naukri","Executive Opportunity","Unknown Company","Unknown","44acbe879a2ffbbb8d5e25f9c64f1a67f307d90ee6a53a981a54b1b9f0928116","1","0","0","A","No evaluation_job and no materialized_evaluation exists in DB for this canonical opportunity."
"796","5d783c2b64e8e3c8","08f36768e8b73331eb8aa11f93bd7031c134911922ce9305d66ddee26bd78868","Naukri","Executive Opportunity","Unknown Company","Unknown","3c07c0ce6ec8cffe2b92a683d12a1ff32d1702b81bc6326ffe5a8ab2915a08a4","1","0","0","A","No evaluation_job and no materialized_evaluation exists in DB for this canonical opportunity."
"797","5f2179c649e86457","182d04bef72c67b92937a5e8e5c3a82238cd2a6a0959232abc16eafac7a3a676","Naukri","Executive Opportunity","Unknown Company","Unknown","329f55b4115ffceaf0219a2e2c78bb7e77881c17b339177d3829a33ba99f39b4","1","0","0","A","No evaluation_job and no materialized_evaluation exists in DB for this canonical opportunity."
"798","5f6c54b63fe4ba6a","8111aebf8ec97af9d0075f8b9c5d677e4f3e1878fb502f0e24ec2f0c37c5c7e6","Naukri","Executive Opportunity","Unknown Company","Unknown","3abd4b1c562c745cdb55f641068110a0a0b91b7ab998a88e1ea4c5fe4b1a8302","1","0","0","A","No evaluation_job and no materialized_evaluation exists in DB for this canonical opportunity."
"799","60859e831f7ceb66","3ed0218e20ef7c7facaff9ce2fe5f98c410295e886e6126c6ff317cfe37c2ea1","Naukri","Executive Opportunity","Unknown Company","Unknown","dea6e758ffd206af4534ceace94d80e88e1142d05b33181c462f7a976fac8956","1","0","0","A","No evaluation_job and no materialized_evaluation exists in DB for this canonical opportunity."
"800","61ebd8a95a886fd3","a2add3fcd9a3cd5baff9a3ec745556f82634b57859dbe430463c301f70353502","Naukri","Executive Opportunity","Unknown Company","Unknown","5f7067759e01300b921ef0c8db351bdb74865fc50e7abfc25e09a4ba6e34b395","1","0","0","A","No evaluation_job and no materialized_evaluation exists in DB for this canonical opportunity."
"801","62b2e24d66322b21","265d9942658bcbd1e6a4f9f96e5eaa0a0d1d0b953c30c54e81e2df6ca3ecb04a","Naukri","Executive Opportunity","Unknown Company","Unknown","cf06672434c8b0f9f845899db56cd3e4e2372d2a6ba9de17325d4608f16798fc","1","0","0","A","No evaluation_job and no materialized_evaluation exists in DB for this canonical opportunity."
"802","63784501dab7a901","07e17ff9c342ae094e7bb20d18aa76d078a2c9d9f261478a6d6b7d7776773364","Indeed","Executive Opportunity","Unknown Company","Unknown","4dc0d1797af59dc3b16256448d5af17f52d26592f34f93207a5e6a38f0fb55b6","1","0","0","A","No evaluation_job and no materialized_evaluation exists in DB for this canonical opportunity."
"803","640403a242dd6f8b","5c0d66723ae3cf4050107e7fe4b8396630f877a5dcc8e63c24a00d4f69d0470e","Naukri","Executive Opportunity","Unknown Company","Unknown","d97af30865d9e35f920844f75e0ea81f952b66ac18010a76a71aea7e73ffa360","1","0","0","A","No evaluation_job and no materialized_evaluation exists in DB for this canonical opportunity."
"804","641d6c2efb5cede5","c3c36d7bb87d88e1a5830ef5c8566948010b89fbf4b757d739e28a281d864a98","Naukri","Executive Opportunity","Unknown Company","Unknown","5c4ab7447e78f52dd1c8b5f6866d2738c6d32e18600c39539cbf4e490e327e54","1","0","0","A","No evaluation_job and no materialized_evaluation exists in DB for this canonical opportunity."
"805","64d53a78e32c60c4","2d099d5e5f636b9a374e71f8364b9ea41edaed59f889943edda2fbf26a0ec788","Naukri","Executive Opportunity","Unknown Company","Unknown","7e68bb6a9c748db10ba5654384b0b4edfafbc22e241c944063ee74ac90b62c48","1","0","0","A","No evaluation_job and no materialized_evaluation exists in DB for this canonical opportunity."
"806","6548935c0a8007d9","e7fc8c67a253edc1ed70d91c46b2426151c47ea3e7983768fd1bac271aebac7b","Naukri","Executive Opportunity","Unknown Company","Unknown","49f60281ddeefd29d2d28b9a658bc585302a386920ebcbb49690fdd204d7ef51","1","0","0","A","No evaluation_job and no materialized_evaluation exists in DB for this canonical opportunity."
"807","65644de2160490c5","d452106404af067b0fb320697cb12d1cd4e963be6892c3e49688a4df3e842b1c","LinkedIn","Executive Opportunity","Unknown Company","Unknown","677e3751827d370b761b680eada6355122481b76219036569cdaef79fccd3506","1","0","0","A","No evaluation_job and no materialized_evaluation exists in DB for this canonical opportunity."
"808","65792c4e267558e2","2b7e48505f4e88c0aa3d1fc7b6e71ade2255ddfefaaaa8321a91db6927f29d64","Naukri","Executive Opportunity","Unknown Company","Unknown","2b5bce92164e14719a6277ab2aa13848e55e29b2d10d5dbd5934324b47a972d7","1","0","0","A","No evaluation_job and no materialized_evaluation exists in DB for this canonical opportunity."
"809","65c707c2280b7c96","39bf8d2bd753d282b19b363b737ca1887ac47dc693a77fafaed9ce76a5968848","Indeed","Executive Opportunity","Unknown Company","Unknown","6e2919672eb4fb9fdace48ee7b239df35d5392bafe9fe00df103a7be2e78d5f2","1","0","0","A","No evaluation_job and no materialized_evaluation exists in DB for this canonical opportunity."
"810","668aa0f0beaed9c9","0da7c491e7b989b31441465edd6332b8a60fdd7045d7774d46bb48d1e1cc88f1","Naukri","Executive Opportunity","Unknown Company","Unknown","7813f3a38dbebdd184f0b3804077aae4aca9ac71d0c62e7ba9430a49a22a402b","1","0","0","A","No evaluation_job and no materialized_evaluation exists in DB for this canonical opportunity."
"811","66b7f5ce54a99d1d","edf1f95d0f8455858ec6a02ca921eb155cbdf28d7de767c7484dffbc8d931393","LinkedIn","Executive Opportunity","Unknown Company","Unknown","cd7274da9996b20c96ac29926ed350d7528f154f2df51d1619a90c70955a877e","1","0","0","A","No evaluation_job and no materialized_evaluation exists in DB for this canonical opportunity."
"812","66e1ceeaa06fe4ea","3ea7cc29b6aed94ce83598dae3f75a9421b526d755c889b3a993a64f27b74a8e","Naukri","Executive Opportunity","Unknown Company","Unknown","f773274415ed65e1020dc4303f17613a00eb0899808e8026146cf4815a656fb1","1","0","0","A","No evaluation_job and no materialized_evaluation exists in DB for this canonical opportunity."
"813","66fa5034b84b068a","e4ec4af1520f7a62fb59b1051898c6237306c913e35f0271b823bc6e2c69a40a","Naukri","Executive Opportunity","Unknown Company","Unknown","ade1b20af1e6e249771e25616318629a3670a80bb6b48ba271347f61282e6812","1","0","0","A","No evaluation_job and no materialized_evaluation exists in DB for this canonical opportunity."
"814","67cd05fa73e75864","ec16d9ee21e77a750d90495768089e2b168da1e5d28f1bd150c744b0ac21c674","Indeed","Executive Opportunity","Unknown Company","Unknown","393c5eee10101beb763131d3ad8a12296af967f865a68704e04067e22f1eb43a","1","0","0","A","No evaluation_job and no materialized_evaluation exists in DB for this canonical opportunity."
"815","67d525524c88db5b","a4dd5080c91b8084814f23e846b8cdb3c86f72540a279fee3354f8b79891cb5c","Naukri","Executive Opportunity","Unknown Company","Unknown","4dc34f6a9a81c19d2701d07eeda49c4725455296474a3af8377abf74c1715ccd","1","0","0","A","No evaluation_job and no materialized_evaluation exists in DB for this canonical opportunity."
"816","67f6bfbff9af95c8","3bbd9562e26a15b6f9c1b9535abde91ea55ae89ad90d6ed774ea7e4de9bc4ad3","Naukri","Executive Opportunity","Unknown Company","Unknown","8742401a9cb1f5849d7c020ad2323af276c784cd20e54e274e20dea86141eb62","1","0","0","A","No evaluation_job and no materialized_evaluation exists in DB for this canonical opportunity."
"817","685a431084e4ac8b","7f4e9cbaf7deb932884ff66dc10b919f7996bf7d5b45dc2c7b5d40b13e87117f","Naukri","Executive Opportunity","Unknown Company","Unknown","7a419130eda244694e61ae97b2d3f86a92a7300ad405d37418e84040a87ed3b1","1","0","0","A","No evaluation_job and no materialized_evaluation exists in DB for this canonical opportunity."
"818","68bf6e5528c36891","e696c0aadcb3e68f68e2cd0374205bc47b490bc467b208081edc73abbbc03a49","Naukri","Executive Opportunity","Unknown Company","Unknown","eb91e8b7709103efa718c56e73be993d128f10dde47779b11c8fcf867607aa0c","1","0","0","A","No evaluation_job and no materialized_evaluation exists in DB for this canonical opportunity."
"819","697a2430c98956ba","7dbfc76644ab7c73d8bf578a226bc01517ec853ae57a537b5fe8f10f19f60a40","LinkedIn","Executive Opportunity","Unknown Company","Unknown","4962d84b96024155254cb63e24eff2db983aee00abee3aaf23696a4050902b1d","1","0","0","A","No evaluation_job and no materialized_evaluation exists in DB for this canonical opportunity."
"820","698d22d0dad018a8","c511db5bec2fb4493ee1e4f1969d02c434633e9101a9b11e057d1c11bd8e6bfc","Naukri","Executive Opportunity","Unknown Company","Unknown","0b9b70578c6208b4783f4d0557f3ea503034cb47d2c0acf9467a7ecd103abb58","1","0","0","A","No evaluation_job and no materialized_evaluation exists in DB for this canonical opportunity."
"821","6a51f1048ac70e5b","7da679d10c52872837708cc5195fb215dbe27344765ef2dd285c7bd573e132fe","Naukri","Executive Opportunity","Unknown Company","Unknown","81d980ffb0bba107aa1893d5bcceb7de3f1224967cce246f4f11287d7dca195d","1","0","0","A","No evaluation_job and no materialized_evaluation exists in DB for this canonical opportunity."
"822","6a82844874540305","beaa86c15dc7778f58b94bd4607bd2ce9bd9772860e2824448979aa1e0ac56e0","Naukri","Executive Opportunity","Unknown Company","Unknown","897ea78cc6db532ec303375a6c729559a01dfcc19f852c5ee1b2b6b192759d1d","1","0","0","A","No evaluation_job and no materialized_evaluation exists in DB for this canonical opportunity."
"823","6ac12013d6e5fba5","b4deb0a05e7055767fafc2fda83e0d40a7013f1cd89b78a7970512cd63686896","Indeed","Executive Opportunity","Unknown Company","Unknown","5c8789eddfff98eb363686cb590acd1c9d2e383d530f03faa3f11a6f23ed3889","1","0","0","A","No evaluation_job and no materialized_evaluation exists in DB for this canonical opportunity."
"824","6adf0bdbfb3dbedf","78cacde454cfb9b97376d27c17f4b844229c70847d7b45a994c40d6dbc8bf69c","Naukri","Executive Opportunity","Unknown Company","Unknown","2006aa3c55b24be16e21d414726fb86932476254f21ce3582de41151a5de398d","1","0","0","A","No evaluation_job and no materialized_evaluation exists in DB for this canonical opportunity."
"825","6c8c9cee39734a2f","738f8814bd21cf83e6c150cb11272ace17e93eb0873b3aef76e9b9afb0d31112","Indeed","Executive Opportunity","Unknown Company","Unknown","6c70d36f29e0d1e2a7c04c654362b7bfa66bebf285ea520e07792e5cb37e0f59","1","0","0","A","No evaluation_job and no materialized_evaluation exists in DB for this canonical opportunity."
"826","6cb5fd01ce1705b4","f3a1afa506c805f70f7e991689ce4659e0cb31af513372f4eb98014d27923609","Naukri","Executive Opportunity","Unknown Company","Unknown","341f54db10d9d9232d3104d43557cc57cd3461111c941e44cb843d0c57dff069","1","0","0","A","No evaluation_job and no materialized_evaluation exists in DB for this canonical opportunity."
"827","6d017d4f39bea796","b153389f154edf2c50327337108e5e9f526ac74c42a71cfea9995023bec99364","Naukri","Executive Opportunity","Unknown Company","Unknown","2777e4cd91021cd7c075da1dfb5926c787d2c8cdd35db43aaeadab2e15439044","1","0","0","A","No evaluation_job and no materialized_evaluation exists in DB for this canonical opportunity."
"828","6d99ce368a0b06af","dd39af11121c35aeb2be965b98ab36abeb2f834bad0a6bd2a3dba7cdc7dbdd0d","Naukri","Executive Opportunity","Unknown Company","Unknown","ea10bf6266ad704216e18bbda29ae610f80b6a3429f796628c6e62f831395657","1","0","0","A","No evaluation_job and no materialized_evaluation exists in DB for this canonical opportunity."
"829","6e078b44904f1401","c6f0630a841d9a001e171828749562bba99b9ac508c344f4caa2270a6a8c0107","Indeed","Executive Opportunity","Unknown Company","Unknown","ed5346b2f2f6ead4eafe7dae860901ae2546698ea15067d83cd53ca227fd1437","1","0","0","A","No evaluation_job and no materialized_evaluation exists in DB for this canonical opportunity."
"830","6e1225beb8624f97","dc5be1f5eeccf96030dfa9a6b58e2efb0ca4399d6428450a56b1befb8494705f","Naukri","Executive Opportunity","Unknown Company","Unknown","1015135fed57a485e3b54ea1c0f21b515dbe5c33db440225c8de0845dbd9fc0c","1","0","0","A","No evaluation_job and no materialized_evaluation exists in DB for this canonical opportunity."
"831","6e27850248f8236f","447d3f07c2722508fa41ef6cc02dea299f5d79a07692391a58116706f007de04","Indeed","Executive Opportunity","Unknown Company","Unknown","8f0f29a6974a4a80a1d7625044c0ef629c7325f920e71489cef3ecabbec69174","1","0","0","A","No evaluation_job and no materialized_evaluation exists in DB for this canonical opportunity."
"832","6e5bed7320028952","322d63a9660bb3f4fbe632c4a7e0c6d92cc5653223e51f5379a4da8b18f79ebc","Naukri","Executive Opportunity","Unknown Company","Unknown","79d1b4e283faef585af5c1be327c57d8a1d7cdef8c8ee146ddee9f97a1a9a5f1","1","0","0","A","No evaluation_job and no materialized_evaluation exists in DB for this canonical opportunity."
"833","6e96e98243b677ca","2b026ac2f6dbdfb38885a907599e43b92e4e0b780f649df61f8389435e32516f","Naukri","Executive Opportunity","Unknown Company","Unknown","ea898ea8810cd33bdd9a7bb9d9004a2ad794246e4065827d9596650856e31103","1","0","0","A","No evaluation_job and no materialized_evaluation exists in DB for this canonical opportunity."
"834","6eddce5ee4e811ef","95668e41a6417fbfd803cb08fa2f7c2c3fa44fe023327d0c1a58d0009c682beb","Indeed","Executive Opportunity","Unknown Company","Unknown","3d7984ac780c2fa3e304963c89080faf7a1d93c1d933a62531982c4dccfde32a","1","0","0","A","No evaluation_job and no materialized_evaluation exists in DB for this canonical opportunity."
"835","6ef4c1b84554aa42","2625c7021900561efba3d3ad3b9cb492792cb8c5c2a8470686bd6bd4d1f45f0a","Indeed","Executive Opportunity","Unknown Company","Unknown","b6e348188c6df312ee2ddddd65bde9f95b667cfbd73a2b19e532db64ea6b5a2a","1","0","0","A","No evaluation_job and no materialized_evaluation exists in DB for this canonical opportunity."
"836","6f24fa05a58357bc","e46ec6b61aeef6d2103d1a1d9e92e0ebfb3046ac54d70af5cd679efdc3703255","Naukri","Executive Opportunity","Unknown Company","Unknown","452001968fa49f1333841105fd275f54d2d8406b3cf28b8bb31990b8f4fcaf3a","1","0","0","A","No evaluation_job and no materialized_evaluation exists in DB for this canonical opportunity."
"837","6f8623f5854322b2","ef0ffa35695e716b182c6fc17307245e129b2ad39e93bb4a2925254a8bf98c5a","Naukri","Executive Opportunity","Unknown Company","Unknown","0759c3dda274c8c5312302ad25f5b74fb4a4352be0b1e019433adc45b0aef199","1","0","0","A","No evaluation_job and no materialized_evaluation exists in DB for this canonical opportunity."
"838","70412eae3c10c825","ac11a97cabab313a9cecc649cc733e7a8c41e7f4981802e0c5e28a676b0e205a","Naukri","Executive Opportunity","Unknown Company","Unknown","1e0c01cb930b8768690e36d96bab6c7aa5297e2fafd628511b1ccd61b504d647","1","0","0","A","No evaluation_job and no materialized_evaluation exists in DB for this canonical opportunity."
"839","70aea452d85ff8ed","d99dc187e9e99bb3c5783bb5c2750a86ffe42903b204c9139417e52c20928309","Naukri","Executive Opportunity","Unknown Company","Unknown","05cfef2f07160d67111675b360279ddc4e408dc1f2949b3c926f198763dda5c5","1","0","0","A","No evaluation_job and no materialized_evaluation exists in DB for this canonical opportunity."
"840","72b902243abcd939","394d138f46e6954fc54dc242ac5cd19f6aa286e75acbfa644e988f242c11a61b","Naukri","Executive Opportunity","Unknown Company","Unknown","6fdcffa8d8bd0fd98ba2b30d91bbe5cf3df5fef19e9853896e637c2811f8e9a9","1","0","0","A","No evaluation_job and no materialized_evaluation exists in DB for this canonical opportunity."
"841","7315b18e9b6ae6c4","60106019384fa8772e58b2e843a157a13da1bbed4b6329c95c3f22cb0e6a3039","Indeed","Executive Opportunity","Unknown Company","Unknown","d8011c3e5a7c05dd0bc8762c9da671fdb648018ce0dcea0eb582f2ee0c69aae5","1","0","0","A","No evaluation_job and no materialized_evaluation exists in DB for this canonical opportunity."
"842","7394924eaacc018e","e0c7a24a6befaa9eaa1fac992bb8128159b095f26e50e49b23994416ba8168f0","Naukri","Executive Opportunity","Unknown Company","Unknown","841bc7de1cb10b7ff94228ced571558c1c4275fba08165a02feedff003800ed3","1","0","0","A","No evaluation_job and no materialized_evaluation exists in DB for this canonical opportunity."
"843","741827d512f68a3b","03324b34307a2b2ade276b6000257cac1865fb16470ded3820417aec125be9c7","Indeed","Executive Opportunity","Unknown Company","Unknown","c3fd580ff9742d7d0247c956f24be2ac1820df1c371ff0d9f79a9e82368aa838","1","0","0","A","No evaluation_job and no materialized_evaluation exists in DB for this canonical opportunity."
"844","7460340167e063e8","69e8c12f2b7e49113640a35d59713601bdf103a7ae4b22d65feeaf90d025ae73","Indeed","Executive Opportunity","Unknown Company","Unknown","de26366ac9b5cb29e7d19394964b268777a45b7e4645ad2c913996c36786bf55","1","0","0","A","No evaluation_job and no materialized_evaluation exists in DB for this canonical opportunity."
"845","74be7f409bdcd78f","7bbfaec7f2c061f8e9366c9247b545dae216ef4dd0a4b3b492cebeedae4fba61","Naukri","Executive Opportunity","Unknown Company","Unknown","6ec8c005bc455ac9a9236df119565183c82c32bc12b0978a09d5365e4cd6f8d0","1","0","0","A","No evaluation_job and no materialized_evaluation exists in DB for this canonical opportunity."
"846","74f94a08916289d3","0f12d1c4e85518cf42916d3a17507216bb046ee2c958e095543105739bf699f0","Naukri","Executive Opportunity","Unknown Company","Unknown","d30e4a61be8ba37804fa6ae608cdc3e106049f95e3f7b6f861fa082ff6e0b68c","1","0","0","A","No evaluation_job and no materialized_evaluation exists in DB for this canonical opportunity."
"847","754b2f0358f6b223","bd42b70bd7917c29ebf2b74227d8017c7082722fe0ac5d51909059f769b5b1f3","Naukri","Executive Opportunity","Unknown Company","Unknown","ed7cea6ff633bfa5d7db820d029cf823d485de64ad11489b5e2cd6d409a668bd","1","0","0","A","No evaluation_job and no materialized_evaluation exists in DB for this canonical opportunity."
"848","756d3e21e051f17a","a18dac873942792eb19835c4d164aea18c9f8251aa0aad3e59f27b5573b75356","Naukri","Executive Opportunity","Unknown Company","Unknown","0ff18e17ecfffee6cf1fd17a2f441fff4178c251e83c2b77697d312f170118c8","1","0","0","A","No evaluation_job and no materialized_evaluation exists in DB for this canonical opportunity."
"849","7575ad6a0ad7f2e8","8d39d5e25494c64142d1505f0e6ef850acbbdd625388b5e539831291d2b8bd24","Naukri","Executive Opportunity","Unknown Company","Unknown","ee9516a13ebd2db51269faf6c294c165ed1832d85bba25b48bd72ad285c2943c","1","0","0","A","No evaluation_job and no materialized_evaluation exists in DB for this canonical opportunity."
"850","7583d6652f94bb3b","3d1eac14e9287a256af93da338f1e1b43137e5a4a243a63dced6aeb8db49e725","Naukri","Executive Opportunity","Unknown Company","Unknown","007c98ce4ff0aaedb3e764101fbf7315746987858bbccc95f0bcf4d5c1c3c774","1","0","0","A","No evaluation_job and no materialized_evaluation exists in DB for this canonical opportunity."
"851","75b7b77df8dcce4f","a81b5dbded01246982fbef824878b47380ddd7ca6bca20876b5376162da8e122","Naukri","Executive Opportunity","Unknown Company","Unknown","3a343cfa701b1fdc2c80f42a09330dfcac43a56823daa9bd2091619e8b1eb730","1","0","0","A","No evaluation_job and no materialized_evaluation exists in DB for this canonical opportunity."
"852","75bbd7e5ee8c6930","273fc8ab2384ac488e5da71a720b264fd467e9066494324aff9de0ee0737d74f","Naukri","Executive Opportunity","Unknown Company","Unknown","afc672a052a9bddbb55614843cf84d8276175aa702b5f47e2655caa50b12139e","1","0","0","A","No evaluation_job and no materialized_evaluation exists in DB for this canonical opportunity."
"853","7619c32dc73447bb","828eac78d61374b6208e7c296f593cb656dab8e2607e2831cac4ecb7b406c3d6","Indeed","Executive Opportunity","Unknown Company","Unknown","416e3cd7cde0c4ac5b68ca2dddf3ba1b43daace314ecdf2f88b709678fb334d0","1","0","0","A","No evaluation_job and no materialized_evaluation exists in DB for this canonical opportunity."
"854","7635062ff22bf8c3","5442d0296c2cf030f8076f1e49491db9e8ef46de9d2b287710e3242121740efa","Naukri","Executive Opportunity","Unknown Company","Unknown","a3fc54d5c54466fb3f7a7f3ba93a04ccb6c790d4b22d058022f38b812f8e9a7f","1","0","0","A","No evaluation_job and no materialized_evaluation exists in DB for this canonical opportunity."
"855","76d8c258cafb987c","7d4c0ca68d36847fbc095fdf6a6ef64e37e2cb9545e8cbee9ba8d3c8d094e558","Naukri","Executive Opportunity","Unknown Company","Unknown","ca264f94c29e5b738ebc03aa71a77e11333de196cd6877767464b6ab230d5ffb","1","0","0","A","No evaluation_job and no materialized_evaluation exists in DB for this canonical opportunity."
"856","7706aa3a00b90a1f","ace68295aa1064798a5a10601d72d4bcf4d8cc113a6c854844af8587d5533dfa","Naukri","Executive Opportunity","Unknown Company","Unknown","7bf22f5e92060be7f10e6ca8ae4d0d962f527e94fe1337497b3d80d9e7c44e4c","1","0","0","A","No evaluation_job and no materialized_evaluation exists in DB for this canonical opportunity."
"857","77849b398aa70145","b5bbb5be9a4ef9187facad3ddc4809a78772db211b2cd25ead1db9fe7750b9cd","Naukri","Executive Opportunity","Unknown Company","Unknown","dde08639f186f8923ce294f157916413247db46b69e8253cb8814f9e93d669bc","1","0","0","A","No evaluation_job and no materialized_evaluation exists in DB for this canonical opportunity."
"858","778b6a14ce6e0202","c25734345c7a85efc563fd0b9ca5917c556f4da40d0158208de3417c0c0e197b","Naukri","Executive Opportunity","Unknown Company","Unknown","90f2c6830708e4ab2db658afa63fa07c2ca5ec887c8a8ff8e7d69f8bb0ea56cd","1","0","0","A","No evaluation_job and no materialized_evaluation exists in DB for this canonical opportunity."
"859","77ea31966667259e","983859ebcbf30f09f6637cb2e7bd8b7a4c2626c1b77d827885db5c46c25c9de0","Indeed","Executive Opportunity","Unknown Company","Unknown","405162314263013f1f86607f96e2e7c5b6aad5e05e37b62086b406c387cc376a","1","0","0","A","No evaluation_job and no materialized_evaluation exists in DB for this canonical opportunity."
"860","7840155c8f3491b4","2101a577e8c9af738b28c8a0a88282131f59a02ec63276af2cb00cc04ffffcf5","Naukri","Executive Opportunity","Unknown Company","Unknown","83ab21a8607d2909dff65c65106ab63e304df7410419168d38de9c8323e0d4d0","1","0","0","A","No evaluation_job and no materialized_evaluation exists in DB for this canonical opportunity."
"861","78dbeb9246f09b38","c1cf3a591f9bc0ab4702c7d33f733a810d9539e353dfb7d606e613acf994ba44","Indeed","Executive Opportunity","Unknown Company","Unknown","ccbb951102a354e25704ef245b749ab63b5805fc50c5eda0630cd2f2517ac338","1","0","0","A","No evaluation_job and no materialized_evaluation exists in DB for this canonical opportunity."
"862","78ecba09fd7b4e1c","f6777ca4cc3d1167e2d90a7ee2904d92c34456ac4c7737820a91b19c14f35086","Naukri","Executive Opportunity","Unknown Company","Unknown","51936d0f826fd443648ff3aaa01ab3f5378069f5838c1bfc5e65f93c79e5487c","1","0","0","A","No evaluation_job and no materialized_evaluation exists in DB for this canonical opportunity."
"863","78fc012cc13ffafa","091f8e9588ffb9451011f9e1a319fffc876913ca8add53c6fa1f8ab1dbb55e16","Naukri","Executive Opportunity","Unknown Company","Unknown","9d32ac264751dd23f5ae6039d440d5afb64733d18104927762514ec465737ccb","1","0","0","A","No evaluation_job and no materialized_evaluation exists in DB for this canonical opportunity."
"864","791ff87c5add94dc","8a56ea66bb995bef5a15aab6b4f0409887338a91f90fe7e36bfac078f40511ea","Naukri","Executive Opportunity","Unknown Company","Unknown","caa4c1a9b3295672dcd69f94a59f81105eb279afa36ad512ea70b67cf85fbc71","1","0","0","A","No evaluation_job and no materialized_evaluation exists in DB for this canonical opportunity."
"865","79f9aa1c1011b9df","3f070232531907ff215307698531f762b22a4e9b29d53183a0e8f49aef5ef258","Indeed","Executive Opportunity","Unknown Company","Unknown","31c43d0176dd51e80cad01bfbf8b066884c35340799ff0a6c0785bd6cde9edc0","1","0","0","A","No evaluation_job and no materialized_evaluation exists in DB for this canonical opportunity."
"866","7a3c54d11894b934","b37343cacd1519e5bdf8f3f55172eda37ff7405032d10b2301468f1451d09f08","Naukri","Executive Opportunity","Unknown Company","Unknown","b25095058db541b5c6b4a2df8ecb4bd7206f789877f9700addcaa2ae61298eb9","1","0","0","A","No evaluation_job and no materialized_evaluation exists in DB for this canonical opportunity."
"867","7aa29457ccba384d","75e6a49ea13c161900ee00360b0fdb56240c2b2cffd231af3b7dad7546d6198c","Indeed","Executive Opportunity","Unknown Company","Unknown","f93f6598e9150f83bbbfe71fe28781a2834799a90be5fa23c0bd654e3d564513","1","0","0","A","No evaluation_job and no materialized_evaluation exists in DB for this canonical opportunity."
"868","7ad0ebc31883627d","b2c21009c2ee6124c70b1477c1f46bae6d4747c6de03618d85b57a18e4e544f2","Naukri","Executive Opportunity","Unknown Company","Unknown","f05a296c260da7cbd9ea376e1357b5532a09dfb054a59876eefc752e9ba06709","1","0","0","A","No evaluation_job and no materialized_evaluation exists in DB for this canonical opportunity."
"869","7aed564537b29e09","c9f5c21a10de48fe8f7ec742b6ff3fe7704a840695eb056a7eee8e08769f2b88","Naukri","Executive Opportunity","Unknown Company","Unknown","f90c16384645b55cc76d1a21c9fa02cc935af4e38d075c5cc645cf276c000d1d","1","0","0","A","No evaluation_job and no materialized_evaluation exists in DB for this canonical opportunity."
"870","7b2664d5a8f5822c","661079f6195ee5c135d2b8a60d9cfd5356762de6b43d0c8e142bffd7c72878a1","Naukri","Executive Opportunity","Unknown Company","Unknown","79acca311a955c55a7b9f1d5a6f9c54ea2019cc04fd897f51db39361a2e4e905","1","0","0","A","No evaluation_job and no materialized_evaluation exists in DB for this canonical opportunity."
"871","7c8754ba926120e9","61b002f0a33c28adfac5536cf58820ae823332337fbcbc1a1fe74c3ee960b197","Naukri","Executive Opportunity","Unknown Company","Unknown","dc89072fc7b6c98747f23e1c12a1d5d62964e35fca944fc5abbe8286886dce79","1","0","0","A","No evaluation_job and no materialized_evaluation exists in DB for this canonical opportunity."
"872","7ce4f46115a089b2","119a460b2d95b74c224c3a7f43c08e7e4a976d71a4afd0d635caf3432c7fe87d","Indeed","Executive Opportunity","Unknown Company","Unknown","2a30f3ce4586f3a2bf4870afe553eefeaafa6bcae40a7aa67d0b6e6ce945945e","1","0","0","A","No evaluation_job and no materialized_evaluation exists in DB for this canonical opportunity."
"873","7cfac1aacaf4e96c","f3f05d7761867e66bb7070b0995afc0b2a02e8d4e81e5d562e6752ff1f48675a","Naukri","Executive Opportunity","Unknown Company","Unknown","532192f930bb1bb286f1058e423c4a4a8c68e40f3c44544b58cf76286d1fae36","1","0","0","A","No evaluation_job and no materialized_evaluation exists in DB for this canonical opportunity."
"874","7d28be1678d40c63","8c010183bed01919f7c0f62c5003a8abf4733942cbc17c7d90fa70eaa6057537","Naukri","Executive Opportunity","Unknown Company","Unknown","ce98d329f55648709492f894c12e2e7168db50cfea0bc542bece2348f4061d45","1","0","0","A","No evaluation_job and no materialized_evaluation exists in DB for this canonical opportunity."
"875","7d2de7f544c875e3","721d3de5246b3cf57fb0566f5d905398057accc85c9b07e2c65b05183ee2acd0","Naukri","Executive Opportunity","Unknown Company","Unknown","db96dbf18070de1e3ed77e4574e177fe1931c2f2e5fd60c7bd5bef872f5c200d","1","0","0","A","No evaluation_job and no materialized_evaluation exists in DB for this canonical opportunity."
"876","7d924f0f514826d2","3fa68b988b46aebc9e1143c5b425037e8340d6597db8ce9bfb53009ab15421ae","LinkedIn","Executive Opportunity","Unknown Company","Unknown","f0c77edc7616901c9b32c692b9e1e9add8dda4c7845c7279114004915404e8c2","1","0","0","A","No evaluation_job and no materialized_evaluation exists in DB for this canonical opportunity."
"877","7e606e5aaa8dfd25","ecb270c986f7c4397bfdab34ec014b0d8ac38660dd7bea58b0990bb21e82927f","Naukri","Executive Opportunity","Unknown Company","Unknown","7daa872cd3aec5f3e3ed535e95e3562102ddeef5a9487fd2b2ec33ee655a008d","1","0","0","A","No evaluation_job and no materialized_evaluation exists in DB for this canonical opportunity."
"878","7e75ac71136070f0","b8d11814dd9e071b77499cdce075aca3d46e327aad58f0e8cdd3536ceb5d9138","Naukri","Executive Opportunity","Unknown Company","Unknown","0d458b16cbbc81a0a355ab1afdc75ca9c6ac4d0386f1c066d92d58d671f9e90e","1","0","0","A","No evaluation_job and no materialized_evaluation exists in DB for this canonical opportunity."
"879","7edededbf05bcb62","905a208f85cd7380361653f2759ce85a21fc538e54f3086ca5fe21a7be7b7090","Naukri","Executive Opportunity","Unknown Company","Unknown","90f30a09eced3b7ec5bb7cedf2335a17cce23aad6ca2f011d894ac52f9a98563","1","0","0","A","No evaluation_job and no materialized_evaluation exists in DB for this canonical opportunity."
"880","7ee9ff9b5ac91d1d","ac4452753cf2d6be5b0404b5fc86fd4d81589049484b402389d3051a8fb50fad","Naukri","Executive Opportunity","Unknown Company","Unknown","bc12b53cee936b301c5358ba12f5a7abcc8b351b63d2e18e7c97eded5767d505","1","0","0","A","No evaluation_job and no materialized_evaluation exists in DB for this canonical opportunity."
"881","7f0c58a4c37d9701","7af136f3a3d53283134ed160e02574fb9d6469a6184336e460380ad80bea7a40","Indeed","Executive Opportunity","Unknown Company","Unknown","399e5ce5ea8e593ef21b0991fa0c972178098275df69060a3972170308c39643","1","0","0","A","No evaluation_job and no materialized_evaluation exists in DB for this canonical opportunity."
"882","7ffa84028188f07c","f348fd21864af81c940372a6cd7d3af2ff1a9b7e38579f243910430577ff773b","Indeed","Executive Opportunity","Unknown Company","Unknown","c483dd79da1c594a7c386c0507a91655170d47dcbdf0941085b3474a3c0da2f9","1","0","0","A","No evaluation_job and no materialized_evaluation exists in DB for this canonical opportunity."
"883","811584f7676911c7","a342cf7364a6f64564d421469d1ea84e1fecb8da87986a411c6e7cf3e6a08778","Naukri","Executive Opportunity","Unknown Company","Unknown","f6b56a8e319910f67ae0779e2b4b49fec13cab6e9d8832e91788710fcee5b02b","1","0","0","A","No evaluation_job and no materialized_evaluation exists in DB for this canonical opportunity."
"884","81e102787291771b","3f0b8102e3760728554d3982ea90814f9d5c480db44a24d8e2feecf931370e4c","Naukri","Executive Opportunity","Unknown Company","Unknown","174b5250647f74e527f5420c27a971f74a109145c14d865e4f73502c38625992","1","0","0","A","No evaluation_job and no materialized_evaluation exists in DB for this canonical opportunity."
"885","820fcfc716e72c4c","5bb975bc5ea0287630fbbea16e83e9aae1d46d7297733d608b0ec5e71bf15418","Naukri","Executive Opportunity","Unknown Company","Unknown","2c48a561d9fb86e4ffe87f25acca68f0fe925fb805637ebaef96edabec95eef7","1","0","0","A","No evaluation_job and no materialized_evaluation exists in DB for this canonical opportunity."
"886","82e3781582b16f71","2a9da3dc7096f709ad47adf2f41ce3a2951036b2c9978223b9b26fdf98c5d964","Naukri","Executive Opportunity","Unknown Company","Unknown","551f1c2352fa0dbb0199a59c16b98120c1ad77638aa87ab8cf15be422749f965","1","0","0","A","No evaluation_job and no materialized_evaluation exists in DB for this canonical opportunity."
"887","838b0a4deebd2f7a","919b7e8c067c8ddce2795d06d915ed414f498fa187bfe1439b6ca10e6ae47d8d","Naukri","Executive Opportunity","Unknown Company","Unknown","7c57e1d5364ea64d465435d4c14e4d88e26a5833550330a645d016f08b1e18e3","1","0","0","A","No evaluation_job and no materialized_evaluation exists in DB for this canonical opportunity."
"888","83aedb66543b2e48","973d0bc0745c5cf1ba225f3205f5139e5bab21d3943108793b02b1c7a8c6152a","Naukri","Executive Opportunity","Unknown Company","Unknown","a298470281454e71cc22933bf0b6cc1782448538b57835dc998c4b87aa64cd9a","1","0","0","A","No evaluation_job and no materialized_evaluation exists in DB for this canonical opportunity."
"889","8427f5288a6dcbd6","f72b0c2fc7a80cc0f2f2df497d762f61af78085c0a070aed7201544bc1e08b72","Naukri","Executive Opportunity","Unknown Company","Unknown","bb0a282a5d40395074f9495481c143a160318060dedf5d78091ff9c0cb7bc4fc","1","0","0","A","No evaluation_job and no materialized_evaluation exists in DB for this canonical opportunity."
"890","851f6ddcee85587a","1438431a16bbd334a7f5e2010972d721144ceea514f38d3850e368035ac2b520","Naukri","Executive Opportunity","Unknown Company","Unknown","61f61c8e804097cb9ab59584da619807f9001db25dba952f765e1f9b3ce2615a","1","0","0","A","No evaluation_job and no materialized_evaluation exists in DB for this canonical opportunity."
"891","8535837818857cdb","5355804711d0732a9704a13ef61f61359b456ddf26be4ea8519489eaf7048159","Naukri","Executive Opportunity","Unknown Company","Unknown","e0db2d0da47b7d7967675a511b2c2c28fdc7c87193cfaa85f9304cc1bb8f3e4f","1","0","0","A","No evaluation_job and no materialized_evaluation exists in DB for this canonical opportunity."
"892","85b34818e8a946fe","affb37830e87fa6e249fd1473b5f35ed6ddc897806c7a6b79f644a4da5213ec5","Naukri","Executive Opportunity","Unknown Company","Unknown","64dec8ba2b409d264a6551397d1271a6a64f7e97ad94ff0928dddadf320f675d","1","0","0","A","No evaluation_job and no materialized_evaluation exists in DB for this canonical opportunity."
"893","85dcf6028788b589","0195b4b39f94748f6a2c28551b3a0f6700d04e95d664adb6d2890afb91da1f76","Naukri","Executive Opportunity","Unknown Company","Unknown","53db3ed5dce1f6f3b5cb68aec67c24805a0aa10c6cde299767c48c3aeec04c95","1","0","0","A","No evaluation_job and no materialized_evaluation exists in DB for this canonical opportunity."
"894","85e0e59f5cef61cd","488855ab673064c3facc83dbb4d703cbb2cf3013c43f689d37f22670bff3333a","Naukri","Executive Opportunity","Unknown Company","Unknown","20de5c5bb9fdd53e84f646fbe822e0b761c94837a3c81c7101b08015e80147d9","1","0","0","A","No evaluation_job and no materialized_evaluation exists in DB for this canonical opportunity."
"895","860cb934acc24ce4","073b8fa5919c403faab0518111f15faca02a889aed938732053dcb55f15521a6","Naukri","Executive Opportunity","Unknown Company","Unknown","380c1430dc57cf2a1d413b1359460340504c1bd1636713d25353f06f8ba7e87a","1","0","0","A","No evaluation_job and no materialized_evaluation exists in DB for this canonical opportunity."
"896","8642d88de59830ae","2ce8c5b5f194ddfc38c4f08495608d905bb8c3ffefc74adde30dcbc182ccb8be","Naukri","Executive Opportunity","Unknown Company","Unknown","48866a180cd1b8f6bcdb4a1cd89c3bd05449bc17826d2d13015669f56e7d8ea8","1","0","0","A","No evaluation_job and no materialized_evaluation exists in DB for this canonical opportunity."
"897","865034392cffc71e","7c68b31b6d893f8401af615516ac3a01659a2959fc37ac6a1a1da36d914a70ad","Naukri","Executive Opportunity","Unknown Company","Unknown","c87bbab0a9bf996d40e21b659a885b1b310d80b9e0846b1087552c90917b798c","1","0","0","A","No evaluation_job and no materialized_evaluation exists in DB for this canonical opportunity."
"898","86728e50270ed093","9249b094f422a3b5f0635f7123e0de029a992b4f3fbf5d598e40b0e9fa9ee29c","Naukri","Executive Opportunity","Unknown Company","Unknown","e3088581b051e073e5412c070d1a28d0fa9699185afd8daa76e519956078c0ff","1","0","0","A","No evaluation_job and no materialized_evaluation exists in DB for this canonical opportunity."
"899","87253bffaa13fd2f","c3df4fc0120479ec78b54603fc6a081d896a6703798322d5097bccd77dccca5a","Indeed","Executive Opportunity","Unknown Company","Unknown","30a1d6ba2adcc3fe7e2a305f1a951fd24bca61ad7836aa3730c676f0c54fe07c","1","0","0","A","No evaluation_job and no materialized_evaluation exists in DB for this canonical opportunity."
"900","87965e22757ec473","6ec8538a69842eb75519d00d4f44f8c4a17887bb076a944cea494f291e2b9f88","Naukri","Executive Opportunity","Unknown Company","Unknown","b1d08d26667dc9bd6708e87abf7dd89fb2557dbd754a93d135c3610f9e8495c0","1","0","0","A","No evaluation_job and no materialized_evaluation exists in DB for this canonical opportunity."
"901","88106507975ee8d9","0bc8790aa7bea5694393d995787a1b468970dc0fd97b9d8dcc19b5f745f5354e","LinkedIn","Executive Opportunity","Unknown Company","Unknown","673c92393c1bb5cd3babd6ad75a1b7370a99ca3ef47c474f87f65d108814c57d","1","0","0","A","No evaluation_job and no materialized_evaluation exists in DB for this canonical opportunity."
"902","88c14eba99becb91","0ccc0d0fefda374a4da6f75c11151d96dd8ab079beab59f056c9cef6965af70f","LinkedIn","Executive Opportunity","Unknown Company","Unknown","eef7351387d27336e6e06604b78b7eb32f624f945cc39d1939af7d39e100260d","1","0","0","A","No evaluation_job and no materialized_evaluation exists in DB for this canonical opportunity."
"903","89482bb295ffe8bf","22f953fa26c9d59792941f2a534f270fa91bb1c7165551c4267cbd8b48714d31","Naukri","Executive Opportunity","Unknown Company","Unknown","ab91636fadb37490177d3109b177a7419a88c1575f311f08e7e618a530c8665c","1","0","0","A","No evaluation_job and no materialized_evaluation exists in DB for this canonical opportunity."
"904","8955c98d75c951fe","82281ce491f323e522d9d7be5e4e6ea09f2bc96ae0b14153d475fadf8e6345be","Naukri","Executive Opportunity","Unknown Company","Unknown","c4cd5d3859b7cc2f217044905d882ab86832bc21df23b372a132fd1c9cc5f341","1","0","0","A","No evaluation_job and no materialized_evaluation exists in DB for this canonical opportunity."
"905","898cfd8a8f359ea7","e8df21d0a7b1726065ef9e156d6ddc1cce5a03897d8d3e632e1b37fb05a07cdf","Naukri","Executive Opportunity","Unknown Company","Unknown","a51b353b136c00679500218703b9bb6f3bd409090d35b73e04a6f1fad68de4cf","1","0","0","A","No evaluation_job and no materialized_evaluation exists in DB for this canonical opportunity."
"906","8b02711f7f4b1201","6d8564caf7b16cb3e76e015503424946c3371effab3d50d2dc62c205ca02a947","Naukri","Executive Opportunity","Unknown Company","Unknown","4474ce6095e32f65f2caa6a3d5fd13cf2b5b4722a124c02dd128171406725fc2","1","0","0","A","No evaluation_job and no materialized_evaluation exists in DB for this canonical opportunity."
"907","8b2f0d454750c154","da2a2b188544a958a018553c41e052254412647420eca65f704ec77eafc347d4","Naukri","Executive Opportunity","Unknown Company","Unknown","6404314b4942624da3582f11b2b8f0c541ccd18131a474f39da74a05c76a3eb5","1","0","0","A","No evaluation_job and no materialized_evaluation exists in DB for this canonical opportunity."
"908","8c864e3717608388","ce450c4fe7bd16fd871098d1b0a6ef7037c3acd5ef54a0a9e09dd0017888f0ca","Naukri","Executive Opportunity","Unknown Company","Unknown","e6bb70808de6ceb2f2f6a7da294aa9a63620175af67c4335c7b942beb0679246","1","0","0","A","No evaluation_job and no materialized_evaluation exists in DB for this canonical opportunity."
"909","8e3208c96e35c0e1","6ebb51353239dd71f90ccaf0242eabf7a87a58468577c6aa6cd3dd7240e590f1","Naukri","Executive Opportunity","Unknown Company","Unknown","3c54c08e4665700f8e6aae394f5540bd4b9d0ae67c3848ae9cfc55015ae1e3f8","1","0","0","A","No evaluation_job and no materialized_evaluation exists in DB for this canonical opportunity."
"910","8e333f2939efdbb4","9261d8691bee6885b708000cb718b3fee44812a6e3706e3b5e6746582f5341d0","Indeed","Executive Opportunity","Unknown Company","Unknown","a87606b90af0898c8e18775a413d531f0110d029b09ea0043aae1eea320fd927","1","0","0","A","No evaluation_job and no materialized_evaluation exists in DB for this canonical opportunity."
"911","8e59d528c021e4d6","c6b429bb497d84ae875d1a74b1fc481a705341c23e4b1a1555d9abc1cc1ffffa","Naukri","Executive Opportunity","Unknown Company","Unknown","895d0cf8a9157de35c7f06cbee7cd305c01f19d4f5962347f3e8cbfc249ac7c8","1","0","0","A","No evaluation_job and no materialized_evaluation exists in DB for this canonical opportunity."
"912","8ea141fdabc82280","a13de4e4f39756ffd55647dd3a37c59b9f218b786572d80d3ab54bee9ad590f4","Indeed","VP - Head of Sales – Global Markets","ValueMentor","Kochi, Kerala","39493fc1739eb7f9993ecbfacb53c087175643d9eb7903dccdb149244bc22abf","1","6","6","E","Materialized evaluation exists under active context fingerprint ""fbcfc83c5f8e7257aa2b92e1fbd91acfebf47c5f4ca3fcd167def146839b0ba9"", but serving adapter rendered evaluationState=ACQUISITION_PENDING."
"913","8eba09c4204ffed2","a9146b9b647caa7a8a5c84ecfc6732f0fbb883ada4026537f4f40164db89718f","Naukri","Executive Opportunity","Unknown Company","Unknown","a4974c410ac1b2ae599089deb1d73b817f38172b5c37de395f05cba96b4b8e77","1","0","0","A","No evaluation_job and no materialized_evaluation exists in DB for this canonical opportunity."
"914","8f1778f520382901","280dde831b8ebd36e459a58d49b3859e105910a596120b2805c8fb6049b50c5e","Naukri","Executive Opportunity","Unknown Company","Unknown","5fb9c8b18a4db8d21aed74c5f8629fce8ebc9674ec078812ee617b439495b558","1","0","0","A","No evaluation_job and no materialized_evaluation exists in DB for this canonical opportunity."
"915","8f1d3c41feb44d6b","cdd24d06d36e10cdfdf5fbc824fb00080195258aad520d22063afb1f8356a2e3","Naukri","Executive Opportunity","Unknown Company","Unknown","258dd3811bc2c5b17838f7d707e4943b1294ce36a086831d54c8fc3104f8a0ac","1","0","0","A","No evaluation_job and no materialized_evaluation exists in DB for this canonical opportunity."
"916","8f9e1bd1168b98c2","4724950f3b885a984b3cf63e1e82776eb061c879f407e3db408284429ccc765b","LinkedIn","Executive Opportunity","Unknown Company","Unknown","f912d8588321682c7bb9fe15f05028c87e14121073a3626d628a24bf8bdcc833","1","0","0","A","No evaluation_job and no materialized_evaluation exists in DB for this canonical opportunity."
"917","8fd3ab9e1325dbe4","1984d6494ee368d2e884d38f9af1ab62e4644dff423161dcce27f27da0a20216","Naukri","Executive Opportunity","Unknown Company","Unknown","d7d8c242bb4516ebfb5de11b1b6e34fb6fa844da916c54ec59b5072365c9c38c","1","0","0","A","No evaluation_job and no materialized_evaluation exists in DB for this canonical opportunity."
"918","90d35bc9eba07760","275cfaf90cc3dc87d1a6289f86f720f0a8ef4a824f70e3498ae285ca305e841b","Indeed","Executive Opportunity","Unknown Company","Unknown","4a5bbf250e5ce0763f313c520f892a38f4c6ff8e373b21414c4a8bb741edd12c","1","0","0","A","No evaluation_job and no materialized_evaluation exists in DB for this canonical opportunity."
"919","91160888e35a41d6","2cde9413daa88b0b2f211efb36c74603cd0f6a6ad65e9a924b82eb8f0c4b5fdf","Indeed","Executive Opportunity","Unknown Company","Unknown","81830ca34c17e7778c69a515bc6eae422844c2ea79820c4c5b1373bde3ad1722","1","0","0","A","No evaluation_job and no materialized_evaluation exists in DB for this canonical opportunity."
"920","912c333722ae300c","3b117e56e80c2f0c267c583a129af1420274a0888b061fc6912d25cbc1817e34","Indeed","Executive Opportunity","Unknown Company","Unknown","50c1c0cbf667081907bf4fdc821bf6c8992ae52ee153b1c12621015d6208ae87","1","0","0","A","No evaluation_job and no materialized_evaluation exists in DB for this canonical opportunity."
"921","914e87b95fa73898","64853df7ea04436ccf120ec6524f7e8b74465c324e4cad8b9079193ebe86a48f","Naukri","Executive Opportunity","Unknown Company","Unknown","9e9e618dc8f7fe99e146e1d9c0a23d887ecd3e26110b0be505c508ab80435cb4","1","0","0","A","No evaluation_job and no materialized_evaluation exists in DB for this canonical opportunity."
"922","91aaadd62058d28c","8b13edbd39a43f8c0be03ccc6b297622ee6c40cfb3021434f7f2a7e49cfe4e99","Naukri","Executive Opportunity","Unknown Company","Unknown","a95b9825466d23136dc447c0a6cdae92a5c2c0239c3800935741cb0d2ed3fd01","1","0","0","A","No evaluation_job and no materialized_evaluation exists in DB for this canonical opportunity."
"923","92912544ff04afc1","4c47af65c9c997c12c9b5eb6020a48a5ad590d0e98ed52b72d8f8e3661419e06","Naukri","Executive Opportunity","Unknown Company","Unknown","299b97a932f9cb2e6a095d0630a67e0919c380d37732cc619949d1143676ea44","1","0","0","A","No evaluation_job and no materialized_evaluation exists in DB for this canonical opportunity."
"924","92a32577a5009008","9aa9c433b8bcb010427740f0947e7520d0da63328f7756cad0a007b1396ad01b","Naukri","Executive Opportunity","Unknown Company","Unknown","2f0e8f56830e6cdc3d785d1be7ffbad9aa4c43ea4ec790db59ed4bd73c94a5a8","1","0","0","A","No evaluation_job and no materialized_evaluation exists in DB for this canonical opportunity."
"925","93461706a729a44c","c100ec5bbd1482b8a5a6c7fb36db2439879dd85c912b321859b193d8f0c60c7b","Naukri","Executive Opportunity","Unknown Company","Unknown","266d751402eefa5af285c6e5b977f47626a916dbe4de8d2a88554af74d0377bd","1","0","0","A","No evaluation_job and no materialized_evaluation exists in DB for this canonical opportunity."
"926","938630680037bf19","227ee4cb5b987fc49e7def8b75e1c99828ada8b7e03a671a4a574f9046d12f93","Naukri","Executive Opportunity","Unknown Company","Unknown","e2d25a1f69132765e6ef2018e95c8c254ac54e0ee4edc8e6b1cb96176daf4a65","1","0","0","A","No evaluation_job and no materialized_evaluation exists in DB for this canonical opportunity."
"927","943d16e326d87e61","194eed476619bd9a5bfa85b8dd52a5f5796742c98c3b6fee82623b971a9850e6","LinkedIn","Executive Opportunity","Unknown Company","Unknown","15244ffa4147f36f0f92bcc838218044c5c0f1735b815232a43f2dcd02b2f039","1","0","0","A","No evaluation_job and no materialized_evaluation exists in DB for this canonical opportunity."
"928","94ae7b9670a8deee","7cf9530c68da6d7ecc59390732b04e2838ba55864cfafe66e7cdd60f62632d8f","Naukri","Executive Opportunity","Unknown Company","Unknown","15d16d89d9d584b96556dc63fe8031757ccc302f86964df03403052ff7472800","1","0","0","A","No evaluation_job and no materialized_evaluation exists in DB for this canonical opportunity."
"929","95652bbbe4203ca7","6d82623331c4975fe9206942e34d708ce9d48462f00ce20319056517de674371","LinkedIn","Executive Opportunity","Unknown Company","Unknown","388bb5c00600287a17156ca168d433a520cf9af0778829bed75bacdd4649d44e","1","0","0","A","No evaluation_job and no materialized_evaluation exists in DB for this canonical opportunity."
"930","958f5382f0d02bea","6936cc1377e9a2f653c4d004f81a6132864a3c8b561e777eb7a6d38107e2c767","Indeed","Executive Opportunity","Unknown Company","Unknown","986c26cd27c1fde3e1831524896c53d68d5c594430f30cdf4010827712fbda1e","1","0","0","A","No evaluation_job and no materialized_evaluation exists in DB for this canonical opportunity."
"931","95b736830d8849e9","cca8cef8b2574791c1da0440c8d6356f64af714c9b09641aaf50b85cf4a2d127","Indeed","Executive Opportunity","Unknown Company","Unknown","224e2dac90fb7e601d6da16f15fdf26ef78ee8152d2ee2f7e608565fbc0b737d","1","0","0","A","No evaluation_job and no materialized_evaluation exists in DB for this canonical opportunity."
"932","96603bb7a11b129a","20337dbea7c546a9c2f1885b9d3a5ce8e0d9bc90a53cedb1607cfcabeef7b5e3","Naukri","Executive Opportunity","Unknown Company","Unknown","c7f59fa9cc4a2f4f3788848e517d8a175e9a8e52d1973883f1e4db72c16cb603","1","0","0","A","No evaluation_job and no materialized_evaluation exists in DB for this canonical opportunity."
"933","96de25059da4d2f3","d4c5b5422cd22b2d29fe9b65d5f52b23f4ca5fbc421680df97bf1f8b9fbbc5c9","Naukri","Executive Opportunity","Unknown Company","Unknown","4edaf1d5d9ae9395e0bc5d760496d1414853dd45f6cf82f1e73385a531b1458e","1","0","0","A","No evaluation_job and no materialized_evaluation exists in DB for this canonical opportunity."
"934","979a6ea73dc2c02f","6ef5ed08ad3eb4cc588160b372837a1e282228164d205dbde9bcb6477c8a3740","Naukri","Executive Opportunity","Unknown Company","Unknown","ef27028d048ecb32e5fa5cdb7b7c1611a50bf4c8aa00716be1b97977a31679d4","1","0","0","A","No evaluation_job and no materialized_evaluation exists in DB for this canonical opportunity."
"935","97edf4fbb90543ad","bf2ecbe8cb704333ffb1eb76444d080ab58b7900011ea9793900f716fe36e8df","Naukri","Executive Opportunity","Unknown Company","Unknown","213a2a0c71895b867734e71883758a70091852f9ecacc588f7e00275652904ad","1","0","0","A","No evaluation_job and no materialized_evaluation exists in DB for this canonical opportunity."
"936","9893602bf6e40878","db52708a0e66d428e049b5170087bd970b9dbe40740592be586f55a8777acc7b","Naukri","Executive Opportunity","Unknown Company","Unknown","b3b15ce2c1674e78c00ce882039246e0204c57b311a26a9313dfb7ef1459b4e2","1","0","0","A","No evaluation_job and no materialized_evaluation exists in DB for this canonical opportunity."
"937","98ae2c9f9003e7c7","a31a755d3591d0075654083ae4285ae79ce557655fa70fb5f1cd3edf48ad72d5","Naukri","Executive Opportunity","Unknown Company","Unknown","5bf27e608ffe25bea6fb7dc28ae286444dfe9faadf904c92e66f10d1b3c4526f","1","0","0","A","No evaluation_job and no materialized_evaluation exists in DB for this canonical opportunity."
"938","992728134e51ab12","e6c1a2e0b2be34c27b60c3a75f7c22c8aed5b1e9f7917f3db8612132b7ecc963","Naukri","Executive Opportunity","Unknown Company","Unknown","620cb98607e27f21d312ff1a73cfc545ce05a0562399b4aff40063fec4316dbd","1","0","0","A","No evaluation_job and no materialized_evaluation exists in DB for this canonical opportunity."
"939","99abe2dfb6c71bba","0f39cdff6a893d2eb61d2de8ae64b932d9ead530cd2688d72e1cdb167cea240a","Naukri","Executive Opportunity","Unknown Company","Unknown","52980bfe141bd828ac44a4595e2280fb2464de1845cbb2bf158c3ccea06e9089","1","0","0","A","No evaluation_job and no materialized_evaluation exists in DB for this canonical opportunity."
"940","99c03de7614d27e5","4f50f54b9f8c3f26012980bb4f77da8e2251d3a38f6b31e669d0ef34ef292a8c","Naukri","Executive Opportunity","Unknown Company","Unknown","8aea921a588cc648fa839224912cb0353cd60bd7b162ac2b655f52bf7655eef5","1","0","0","A","No evaluation_job and no materialized_evaluation exists in DB for this canonical opportunity."
"941","99dd76db5a51ec73","8c0f78ece6792f8956d3b1fbaa093d718195a8ebaf6e787c23db27768929866b","Indeed","Executive Opportunity","Unknown Company","Unknown","1a7c38a0dd481017fdc807e287f3fe5bfcecc842fde2fde5a01e09758ab2c8d4","1","0","0","A","No evaluation_job and no materialized_evaluation exists in DB for this canonical opportunity."
"942","9a19edcd26dc2df5","c36a1234b71c872437c5b58354a7c59c75e20ccf50d70d8b321a052850caadb6","Naukri","Executive Opportunity","Unknown Company","Unknown","123011071d48548139d7317fa518075295cbfe2e15b6a3e7461d7dee90a3c784","1","0","0","A","No evaluation_job and no materialized_evaluation exists in DB for this canonical opportunity."
"943","9aa84b600f009473","3efaf0f359c69e36dc9cf1298670b404514b02241fbd9bdd1887d63f117dd53a","Naukri","Executive Opportunity","Unknown Company","Unknown","7ddfbf7bbba71dc2eb0d0dbf7584ad2eeefa0416359e30313e67ee2b22f93b25","1","0","0","A","No evaluation_job and no materialized_evaluation exists in DB for this canonical opportunity."
"944","9ab4c80c96a483b9","b56cb6ff50677cdd63517a25d2595dc9eae37e015832dc98e07cafaf9f402660","Naukri","Executive Opportunity","Unknown Company","Unknown","a609bbf4f6f63ec5998d650fb91c549c3b4e465ce6c921032c6c85a74a0c3fae","1","0","0","A","No evaluation_job and no materialized_evaluation exists in DB for this canonical opportunity."
"945","9b3c27ca8418ca81","7e64bd0f692348edfb402499254956059f1f6c89a21d19b502b811b08b43d23d","Naukri","Executive Opportunity","Unknown Company","Unknown","3aed9f6a2975c09b951821de690556892b679221578b98bcb68b038c0cdc5ff3","1","0","0","A","No evaluation_job and no materialized_evaluation exists in DB for this canonical opportunity."
"946","9b811b795ed376a4","6f3e68a57d7864ed7a652bebda5252dcc78be577e3f4d0e0ff3776a2f69955d8","Indeed","Executive Opportunity","Unknown Company","Unknown","38a745cdfb1b92dedec77abb74d7c81545344d93f38f2046a65bbad92eee216d","1","0","0","A","No evaluation_job and no materialized_evaluation exists in DB for this canonical opportunity."
"947","9b9c1ada683d559b","f9520c54fd58bb6ff19bad7c5e718345b593a8b82a81e827cbe927511a7926b8","Naukri","Executive Opportunity","Unknown Company","Unknown","b5742afe06cacbdd2a4935b3b0c5d68727503a7bf538c160dc2e8a2d21ba22b5","1","0","0","A","No evaluation_job and no materialized_evaluation exists in DB for this canonical opportunity."
"948","9bbbcd6af1824197","c41daa1743dbfc90464d5128a45333f25343c49be8aaa1eaab92cb1e9c0b706a","Naukri","Executive Opportunity","Unknown Company","Unknown","050a608b7ba640ff786e3e046581f3781b6a27cf2562681c7ac4ac6842697977","1","0","0","A","No evaluation_job and no materialized_evaluation exists in DB for this canonical opportunity."
"949","9bed74f642782213","27b3fe64733c9ed71383fbe1b3ab73b27485440a1dee44f645fa1022adcfd5a5","Naukri","Executive Opportunity","Unknown Company","Unknown","11d2aa8df0f6813fe3e1670559d9aa588d4132a5ac1e54ff694f540543d808ca","1","0","0","A","No evaluation_job and no materialized_evaluation exists in DB for this canonical opportunity."
"950","9f185a6ace3ad5f0","6da49e8b85c013e489f249ea204e94d32892c000c1e7f0d8a43f0f167605eec5","Naukri","Executive Opportunity","Unknown Company","Unknown","774aea8244c90b0e0c0e5605df34716e034793e7739e84277324665d4cb7704c","1","0","0","A","No evaluation_job and no materialized_evaluation exists in DB for this canonical opportunity."
"951","9f7fbdc777f9b466","d9a1dab6c7cf8820700fdb69ca80f54fdd09a74154c019453ca9d8f5c2e9d9e2","Naukri","Executive Opportunity","Unknown Company","Unknown","988d59271e987920d997cf365fbcaf37aceea41a1cc529275cbd5f8a4b6fc763","1","0","0","A","No evaluation_job and no materialized_evaluation exists in DB for this canonical opportunity."
"952","9f92406b853d7c32","f8fef73d304ce9d123318a55e073e9f8cb1a877eaf0bba891907eddb44ab1e70","Naukri","Executive Opportunity","Unknown Company","Unknown","a62120b22f633f790610e91ef7f72983cd4d5ff625e9d48ebf25dd589e5ee026","1","0","0","A","No evaluation_job and no materialized_evaluation exists in DB for this canonical opportunity."
"953","a010f8043edad177","ff7ab8b0f36d613461852f63b9f167a1fc2236f82cc834b8cde7bdce2a6c8505","Naukri","Executive Opportunity","Unknown Company","Unknown","91a6f1aaec6edf3a121d05e41fea6b8d9645394abefd76bc677fb7ce006921ff","1","0","0","A","No evaluation_job and no materialized_evaluation exists in DB for this canonical opportunity."
"954","a086011b5d7adf71","4c0903eb7fe673e81d94c2772eca7b6ccbf671ece35329d9d1afea6a7eab646a","Naukri","Executive Opportunity","Unknown Company","Unknown","4e9d66f97b79d22827236c6563fba1d15e457c8e010dfc7179526056bcb73b1e","1","0","0","A","No evaluation_job and no materialized_evaluation exists in DB for this canonical opportunity."
"955","a0cb6682a0922364","fba2945c439418c83444084c1d4aa3ff134b463eeb9877509f8cee64526ea394","Naukri","Executive Opportunity","Unknown Company","Unknown","e391023143f2e5a45609c9f13fa5c76a695403fd49afb5ad7a23fa553f344ab2","1","0","0","A","No evaluation_job and no materialized_evaluation exists in DB for this canonical opportunity."
"956","a0de0730b8bf1a47","e857b06c0f2a4dea3f9df42d663b9d6736737af213ba21ea37ea3d81398c42cb","Naukri","Executive Opportunity","Unknown Company","Unknown","f7ea39ea0ae487f45285640516dd1c6b32d3a21b0e2a09b3092b31edc56d38dd","1","0","0","A","No evaluation_job and no materialized_evaluation exists in DB for this canonical opportunity."
"957","a1843edc5ce83784","8bcedc06572945545e2f36c836323a26a471241c53a72f77d8be2415c4f375b8","Naukri","Executive Opportunity","Unknown Company","Unknown","730cfc4088ed6be24ffdcdf8ba3e5cd148497be9596ade91de8231e9c64ed555","1","0","0","A","No evaluation_job and no materialized_evaluation exists in DB for this canonical opportunity."
"958","a18d460ad9c4caeb","95339caf2151f52913fb352d76af735fd2f84e8742903eca3c15c29585b9ab87","Naukri","Executive Opportunity","Unknown Company","Unknown","5a73e7bce74e83f3edb7ba505156217052a207c68161ee04948e9bf16de8e057","1","0","0","A","No evaluation_job and no materialized_evaluation exists in DB for this canonical opportunity."
"959","a26989ccf1c4de36","474aa3cf5142ee4c9e9b1adc2dca137d7d216c4f8f0690f7b49cce04a45cfa62","Naukri","Executive Opportunity","Unknown Company","Unknown","c8b7d1d3987ad16436fa643920442f60d6826fd01c663240799573ec0981a8bc","1","0","0","A","No evaluation_job and no materialized_evaluation exists in DB for this canonical opportunity."
"960","a33a4fffddf622d4","8b59d1c8e0eba910d534dd02537bc343ddce9a3a8fa39c104f35c0896457627d","LinkedIn","Executive Opportunity","Unknown Company","Unknown","db184e0614fc4afa850d1e1db3306326565d6d696d550df62c56987037a71fee","1","0","0","A","No evaluation_job and no materialized_evaluation exists in DB for this canonical opportunity."
"961","a392ff304945dcd0","100a4deccd20abc0df488bb203aa8766087c2c9a38db9cfabf965bbd9d7b46d8","Naukri","Executive Opportunity","Unknown Company","Unknown","5e0df257ed10846d2fabdb2a9223bc951defb0adc00986b330f9fc2c0ee53ef3","1","0","0","A","No evaluation_job and no materialized_evaluation exists in DB for this canonical opportunity."
"962","a3ca90192da500c4","0b6cb4c44aaa19fd0eb91fee6c42f9b8f71f189eefe31d04916ea80958825f79","Naukri","Executive Opportunity","Unknown Company","Unknown","95b7f97762453c3cbd07c3565f5c8595363f4772590e10ce801a74a395091a78","1","0","0","A","No evaluation_job and no materialized_evaluation exists in DB for this canonical opportunity."
"963","a3eca683bc21b2f9","6f611f288786c9c1ec44f6f0d04d93c1df5ba0db4f1e37fba0b3df644e8e7e88","Naukri","Executive Opportunity","Unknown Company","Unknown","ff8e1e57fc8c4f5d99b8a58d8957ef5d53101a427f79d0e0668953e717073605","1","0","0","A","No evaluation_job and no materialized_evaluation exists in DB for this canonical opportunity."
"964","a48fd5ca4e11d33e","662d7aae22ce075dfed4a93ff90e6aaca5e37d8f78dcee12d604d796088c491b","Naukri","Executive Opportunity","Unknown Company","Unknown","55569d0bf005ae1cec70b24b6226a16b94a3346a90c2caab8a5536849e330338","1","0","0","A","No evaluation_job and no materialized_evaluation exists in DB for this canonical opportunity."
"965","a4b07cd0ccf4e353","35130a1bffefbe1c5471465a7aa56eb4773a8355f76747c017e1f40a6769a63f","Naukri","Executive Opportunity","Unknown Company","Unknown","ec8e360f4dc5cd5581e075122e7a93eb94b3c8afcc490a9961da0fc65bd3cd62","1","0","0","A","No evaluation_job and no materialized_evaluation exists in DB for this canonical opportunity."
"966","a4c073c281d4fe80","e8c22ecbf84f13f0b0182229bbdbd8a49e414825ba99b258c116cbdbdda40bd8","Naukri","Executive Opportunity","Unknown Company","Unknown","7086c97a8e65e6c4ca8abec55c05a66935d067ed573e21852d08ea4e855247ba","1","0","0","A","No evaluation_job and no materialized_evaluation exists in DB for this canonical opportunity."
"967","a54f1e00940cecb4","8ca54de6d8f126226ccb02354462cdefd9de4d9da78490e680907bf98966440b","Naukri","Executive Opportunity","Unknown Company","Unknown","53ab1943944eb57b7962053338a1f1cba29092ef3a825a197718ea0ac4282da0","1","0","0","A","No evaluation_job and no materialized_evaluation exists in DB for this canonical opportunity."
"968","a592ad1a026bfc74","b3e64093bfbcc6a8e945dabcf3304c20dd512c355b34c889854a05689651f034","LinkedIn","Executive Opportunity","Unknown Company","Unknown","b2a55dbec89ec13a89a752dc8109c49e70a527497ec91d47b250a5b8fd9ec74b","1","0","0","A","No evaluation_job and no materialized_evaluation exists in DB for this canonical opportunity."
"969","a61c8789269d7e28","75ce4fe3ea520e92b73fb175cb382c8b7f04e9826d2a622088191ca1b5065a9e","Naukri","Executive Opportunity","Unknown Company","Unknown","8547a9b83ac7b35f5f3a57ea9279975ed927fd05a4df472b2552d7e4ee976a8a","1","0","0","A","No evaluation_job and no materialized_evaluation exists in DB for this canonical opportunity."
"970","a7d48db2df141907","816bf83036db4f23389e1e9ed6f2416a049530b556bc6ca85b567f0525567cd0","Naukri","Executive Opportunity","Unknown Company","Unknown","d7d880de6cc14fff02069f7af2b7755d629490598c0d65bf839561cc039074b3","1","0","0","A","No evaluation_job and no materialized_evaluation exists in DB for this canonical opportunity."
"971","a822d7dec727d183","d7b2baa655b35a138895ff5673f3981189d5cf424e92d0c1d3e3024c5d24a5fa","Indeed","Executive Opportunity","Unknown Company","Unknown","1327f3baaceee329db6ec1e3d0b556ddc8bec5f3704aa1f781a7d70677834456","1","0","0","A","No evaluation_job and no materialized_evaluation exists in DB for this canonical opportunity."
"972","a8813f445d05c4e4","f3c648db3b822dfddb536bd47fede4b74fa288c9e68fc70e4b34afc300cc84ea","Naukri","Executive Opportunity","Unknown Company","Unknown","388f51bdb114b31394619c37ba83847d0447ede190c3d3f5b54902652da54183","1","0","0","A","No evaluation_job and no materialized_evaluation exists in DB for this canonical opportunity."
"973","a88ab928033f10d6","12280203317bd34ecf85d1b5fde3f41a1ecb6c17c18d0eb8ec85a10163c38ebe","Naukri","Executive Opportunity","Unknown Company","Unknown","4a87762bbeb6dfa1d6c01900f94b8ad0d736dd4ddcf3e522de1bc398b996952d","1","0","0","A","No evaluation_job and no materialized_evaluation exists in DB for this canonical opportunity."
"974","a8970a111c739bc5","a2337e1d87353f520f4af469b7c31b94906c2d518f0436e24ca886c4ac9c8e94","Naukri","Executive Opportunity","Unknown Company","Unknown","d4ed82fbc85735cbc1a1242440187d63dc3908ead1c4f881c72000cb976903a6","1","0","0","A","No evaluation_job and no materialized_evaluation exists in DB for this canonical opportunity."
"975","a8a937d27dbad4f0","108bddf1374916dfe383779f05bd1b37be2cde0520c59cf3a2b726d7c5795c98","Naukri","Executive Opportunity","Unknown Company","Unknown","40fe667a1826eb388f115fc06ebb6c0dcc1b051f78491733e12f6317ca5626e6","1","0","0","A","No evaluation_job and no materialized_evaluation exists in DB for this canonical opportunity."
"976","a8ce2dc64da20634","32f8a653f3c6e423e63bbe19c2727e3840d6bc4c0da8f651332087e9266eecf6","Naukri","Executive Opportunity","Unknown Company","Unknown","296083d77e4f368f5a16c8c688fa55be97964f87da5e20830a983638081e3472","1","0","0","A","No evaluation_job and no materialized_evaluation exists in DB for this canonical opportunity."
"977","a91d405f0691e7af","d7fda1bc9fba42c1a5e41f1d02806122dc96cc17ccdef0cfbec6cf0f2ff24484","Naukri","Executive Opportunity","Unknown Company","Unknown","507682f89bad03ea3b912a1670e892aa047471df1b12946f831bbc7a71f885a2","1","0","0","A","No evaluation_job and no materialized_evaluation exists in DB for this canonical opportunity."
"978","a9b640f097552adb","8942b8d86062c5accfea0b17f0e1da4a7b25063fffdb2a4050e79970c3863b5a","Naukri","Executive Opportunity","Unknown Company","Unknown","22d035e24cc4aa18de248fe6d23fa3f4da48a5717a45c9ce54580e8987b631f4","1","0","0","A","No evaluation_job and no materialized_evaluation exists in DB for this canonical opportunity."
"979","aa12f2750baecc11","3a9b3fe552cda2f67cda22f3e6abab697722282b82c8b416ff00ff9fe4348968","Naukri","Executive Opportunity","Unknown Company","Unknown","e3d8ccda89f5fc969782aff4792db2db1256756f02ed3fac8b8fddfaeee72662","1","0","0","A","No evaluation_job and no materialized_evaluation exists in DB for this canonical opportunity."
"980","aa1a82277512a167","4addc5893daded61a1d30d49ecc0470092750fd12c161a138fa0d85333174a18","Indeed","Executive Opportunity","Unknown Company","Unknown","19d559b8211566627af53bfbf0c6382011a60a8d23caf259bedc3425cc456ff2","1","0","0","A","No evaluation_job and no materialized_evaluation exists in DB for this canonical opportunity."
"981","aa7955803ba3a425","5624600baac26b9734e1cb81e435d59011f9c4b938338483306b91b3abddcb88","Naukri","Executive Opportunity","Unknown Company","Unknown","a32631957a3efe8cba5a8f522897d5429728ea971354901afac09740f76527d0","1","0","0","A","No evaluation_job and no materialized_evaluation exists in DB for this canonical opportunity."
"982","aad015ff8922cda1","abe11b6a247694e7e7240393dea02de9d2a81d22785c49cddbaf9480a0911bdb","Naukri","Executive Opportunity","Unknown Company","Unknown","34996605444318d64a458213493028d34c12d639fddb4cd67e2447e0abc3738b","1","0","0","A","No evaluation_job and no materialized_evaluation exists in DB for this canonical opportunity."
"983","ab766a86257fbe4c","92ab9818d6c233d142accd80fea6ad8a5e6daa409ffbb9056654e311e70a34aa","Naukri","Executive Opportunity","Unknown Company","Unknown","2f2fefd6afe6c94ce6e8d49f11e56fe7fd211bc845d9d4477c67143b7bf0f23e","1","0","0","A","No evaluation_job and no materialized_evaluation exists in DB for this canonical opportunity."
"984","abe025ff87d9ec75","5e94075afb985a2d8778e38b7802a6bdbf44b76c87a86b6e4a8222e98c128cec","Naukri","Executive Opportunity","Unknown Company","Unknown","8cb1e3c5b53c031b12ffd26619a36ef542df7d82e508d42df133b3661072af0b","1","0","0","A","No evaluation_job and no materialized_evaluation exists in DB for this canonical opportunity."
"985","abecc9357861ae50","7da8ca2a8d49bf076c5d039bfb1b3e1b72147128c9c0b51bd974ac2e81e47d51","Naukri","Executive Opportunity","Unknown Company","Unknown","68cde6b8eebdbd6023b23fda032b2431b55be14366d43c2880411289311e9b65","1","0","0","A","No evaluation_job and no materialized_evaluation exists in DB for this canonical opportunity."
"986","ac7133b9f5208081","5f710c1b7f4526ccb352ca3089c9dd77d87595fb594eb38b96f14f1e643f47ce","Indeed","Executive Opportunity","Unknown Company","Unknown","5e698105f6befd79865f3868637fbc8274c9f51836b4eff47536838b0619248c","1","0","0","A","No evaluation_job and no materialized_evaluation exists in DB for this canonical opportunity."
"987","acce654ef86f137d","9af501e34fd71d788e61807784beb7fa3029a08da5b0c98ca1a14043941e0217","Indeed","Executive Opportunity","Unknown Company","Unknown","bf2e4e7a2d1cfe2d64e51ca44d2a4f75d97031f1e1248823b17bb56c5cc790ad","1","0","0","A","No evaluation_job and no materialized_evaluation exists in DB for this canonical opportunity."
"988","acd99b0f591427df","464e389cfe333383bc05dcb7b1ace3ed94be0f29bf431a80949703e47f0ed243","Indeed","Executive Opportunity","Unknown Company","Unknown","8ff0e07a43d85f27d0b6c488278ebcb5e5d203bff1d5c9cc5a47323dc9305824","1","0","0","A","No evaluation_job and no materialized_evaluation exists in DB for this canonical opportunity."
"989","ad59fc9afe75f95a","3929d1ec68bb855dc6f3883c34f305fe8d94f8701b9d4b010f0df61bb4294acb","Indeed","Executive Opportunity","Unknown Company","Unknown","0d0a8081193de83105c7df538b8891d3fd6eda3a0a8a3fabbe8ee2ab57880dc4","1","0","0","A","No evaluation_job and no materialized_evaluation exists in DB for this canonical opportunity."
"990","ad86cd7558996823","51775c1f8956fb9790d57f31d4387edeeeeec63cb61cd678ae5d95f01f93a25a","LinkedIn","Executive Opportunity","Unknown Company","Unknown","20e35009876803bf7797d102849307898364f7a68db5e2957c8dbec9ae057c76","1","0","0","A","No evaluation_job and no materialized_evaluation exists in DB for this canonical opportunity."
"991","adb264c40ee632a9","1e831089f8cfe9a663b3855e978c722b2b8e278e4e388b03cfd8b1e2e3eed9b9","Indeed","Executive Opportunity","Unknown Company","Unknown","5b68fedc0fe921e34c32bcef04ec8db4a8cae8aa7901516f9c1479ad883495cb","1","0","0","A","No evaluation_job and no materialized_evaluation exists in DB for this canonical opportunity."
"992","ae9aaf1434ec4867","3122c70b6dcbc0c1513ca47bba235b6c4bb61f22f8f86df6861ba65bb8c9957d","Naukri","Executive Opportunity","Unknown Company","Unknown","6f7fa25bd4841d9431dfe70f4b40860a050c62cc48be3beafdc3490306b67a42","1","0","0","A","No evaluation_job and no materialized_evaluation exists in DB for this canonical opportunity."
"993","aef085f78a52ad6c","262a10091115d2071d94ad466d56d7ada5399bbdf600b18893dfc95dea876da5","Naukri","Executive Opportunity","Unknown Company","Unknown","dcfb4b4fde9f295b3529d3b426f481ef2e28bf8f808709940726532844d96a47","1","0","0","A","No evaluation_job and no materialized_evaluation exists in DB for this canonical opportunity."
"994","af512764f97707f5","fe0fe2c04e7489dd1f294e0ede415bbafd859927b16977d2b9147838d923ddc1","Indeed","Executive Opportunity","Unknown Company","Unknown","e957e5381ca80bf141db25988a525cbd51e3890358a7f70692e1996cbff9dbe4","1","0","0","A","No evaluation_job and no materialized_evaluation exists in DB for this canonical opportunity."
"995","af9ae4bc10c4f2b5","e8f5035b03b9b2f68973704673a8a43700f9753be89d677c7a495b8f017ae126","Indeed","Executive Opportunity","Unknown Company","Unknown","606bd3dd6d4ff67edb66556d016d786c4ee0cda1b9e4febe0e32ef76e5c1b60d","1","0","0","A","No evaluation_job and no materialized_evaluation exists in DB for this canonical opportunity."
"996","b0773bc105cf584d","2af30e9372500492c185a800de600730b0497d1ebe15e94e5fa586ced353457d","Indeed","Executive Opportunity","Unknown Company","Unknown","33fde2c4e91fb043781849f1abfd71b31c541a499c0b4ec3edabe6396687c9c3","1","0","0","A","No evaluation_job and no materialized_evaluation exists in DB for this canonical opportunity."
"997","b091cd134a7f1f45","deb29734ca5f2973704f9b4359da1387bfe3f860dd4f2df0e4350a7ddcd35e5b","Naukri","Executive Opportunity","Unknown Company","Unknown","03b02804a4934b87bf196d4e986074d1071e2eb395d2aa03134bffd2f13c38b3","1","0","0","A","No evaluation_job and no materialized_evaluation exists in DB for this canonical opportunity."
"998","b0e28e6af0e08b42","5c1e21ca2663dbe25dc1e18097fe3608c201d637c0f809fdbb05663cefe1342f","Naukri","Executive Opportunity","Unknown Company","Unknown","5e381eb019a342b2995a61c7675b889adfa68e482b59b7177ef2132d4e9e93fa","1","0","0","A","No evaluation_job and no materialized_evaluation exists in DB for this canonical opportunity."
"999","b15eeb821890a744","c59c0961a004f5998a7ea310ecb91375abf94bb31143e641b702588882296ced","Naukri","Executive Opportunity","Unknown Company","Unknown","3d4ab58c8cce051ae7f9929d31dcc45932769dbbf0db4c54d5b81648fc3d5c42","1","0","0","A","No evaluation_job and no materialized_evaluation exists in DB for this canonical opportunity."
"1000","b1814baa44f5c8d9","1b26b4ee52150bc1ba523252df457422a78c133c051bb075b57c4e91b53cc32e","Naukri","Executive Opportunity","Unknown Company","Unknown","6c2f7c2c5fd7c6d5b813958385f204a323eb46c049f5871cfdc9952353ca660a","1","0","0","A","No evaluation_job and no materialized_evaluation exists in DB for this canonical opportunity."
"1001","b1de5c87a3cb830c","0c7c19cb937625aa8cf747b7590b650daa934953283eddae155cbd3ab3a5377a","Naukri","Executive Opportunity","Unknown Company","Unknown","34c157580628ccf9cf344c75d0176e3a06f9d7a70667597cd7fbee0a5c3ce7e3","1","0","0","A","No evaluation_job and no materialized_evaluation exists in DB for this canonical opportunity."
"1002","b2836e328bdff0f9","c3569221707b2d603fc584763f65901f3960621469c83baf40840516a1d7c130","Indeed","Executive Opportunity","Unknown Company","Unknown","47b8acde6798cefeb17065cb65985f331706bceb95ce210bccac59af6c849f56","1","0","0","A","No evaluation_job and no materialized_evaluation exists in DB for this canonical opportunity."
"1003","b2b3469213cdcc4f","c3732e50f2dc9e7cc3e1faee3ccc9441b7dbce720b74a0de6f691533dad7550f","Naukri","Executive Opportunity","Unknown Company","Unknown","2428e96b9435a8dd9777e2dd4feb9e482deba9e5d07b3c064670d83c8b2eada9","1","0","0","A","No evaluation_job and no materialized_evaluation exists in DB for this canonical opportunity."
"1004","b3669fc51fe268d9","ee6577440267891ea303711e99e1b11e1cd1cf3fb99ff82fa4ce4e4377b66014","Naukri","Executive Opportunity","Unknown Company","Unknown","e712661f7034402a8e3e4a91e68042c04506e443524bdf2409af8713409f8045","1","0","0","A","No evaluation_job and no materialized_evaluation exists in DB for this canonical opportunity."
"1005","b39d40da67b0a10e","1e6a55ae1f0f998e8be3b3b2d798709246cd9d847af72c238c584d33c504f378","Naukri","Executive Opportunity","Unknown Company","Unknown","754b1b05f00cc918e8aeb3e54e6311d61a73de76c5d9c881470a72e4013543f6","1","0","0","A","No evaluation_job and no materialized_evaluation exists in DB for this canonical opportunity."
"1006","b4577c0ef22c5e24","412242c96ea289329e16aae82b47d6156348ebb2c3aca9f2ee80c66c821f5651","Naukri","Executive Opportunity","Unknown Company","Unknown","ebe081527d017ecdf86de4af3ea616be13be5d322acfa3e857f866fc9d92d398","1","0","0","A","No evaluation_job and no materialized_evaluation exists in DB for this canonical opportunity."
"1007","b4933f61ebdae634","5f6f642a779f00fe17b4dc0ff4247d245a370db3c070fe194e2301c9efff329d","Naukri","Executive Opportunity","Unknown Company","Unknown","b024badb62d9b91c1c1c146e5442eda56e05b58e6973e61fc9d469eab5709e6e","1","0","0","A","No evaluation_job and no materialized_evaluation exists in DB for this canonical opportunity."
"1008","b4be6764c053a2a1","ffb121d9e26484d166bca7735d07cf7657ce64f509e80614bfc5294796ed241e","Naukri","Executive Opportunity","Unknown Company","Unknown","05cf3d3e33c470de5ef6ca4989171f7cf426db8456ffe6aae23a1dc0512b1ebd","1","0","0","A","No evaluation_job and no materialized_evaluation exists in DB for this canonical opportunity."
"1009","b4d0f8be4da4f526","654b863e9a7bf0e167ac3dec3218131cee4f0dff4f13d470629e979824c3fec0","Indeed","Executive Opportunity","Unknown Company","Unknown","103fb190b9de6b9aa3ccd5b3d7f76d90346471f4f01ffa26aee56f918a995d9e","1","0","0","A","No evaluation_job and no materialized_evaluation exists in DB for this canonical opportunity."
"1010","b4fba6307059b500","2f2b2933461fa412163e9ea3b2a43bce4975985af2b3ac10183ed50893e28c6d","Naukri","Executive Opportunity","Unknown Company","Unknown","0933d68d0c66eeb19d2f43bf4fe4d1baeb14b0743fb6e20e24a5f74482551f87","1","0","0","A","No evaluation_job and no materialized_evaluation exists in DB for this canonical opportunity."
"1011","b5a48765c8964d07","3f0d206cfbe600acf0e8bcc4fd6493bd45b154b59f515ba605d56dd385897954","Indeed","Executive Opportunity","Unknown Company","Unknown","23f9b87b466f87fea482f6859a3e7c3d0cb015e446233a9d9ce73b6c3195fbca","1","0","0","A","No evaluation_job and no materialized_evaluation exists in DB for this canonical opportunity."
"1012","b5f2b9fbba237e7e","ac7cc809e1cd2e18a781d8e974b5b13cfb3b1739dcb8b648387afc083fb08d24","Indeed","Executive Opportunity","Unknown Company","Unknown","01c091944b4647cac6d044b9a54969edc673a681910faa55e823f42dc3cf882d","1","0","0","A","No evaluation_job and no materialized_evaluation exists in DB for this canonical opportunity."
"1013","b6252228ec90a1b2","5175f3ef103e8246cc8cb417ab100b3cb68914c2538ec284d645af2e13dedec5","Naukri","Executive Opportunity","Unknown Company","Unknown","bc5012afe784fa0d8c80422e93149538320c712016abec1c550cf90cfee47d9a","1","0","0","A","No evaluation_job and no materialized_evaluation exists in DB for this canonical opportunity."
"1014","b652b2e9e1e9bf41","c96c0e0ae82573e35de98406a4efc82018370a1e61dd7fc644e907f16657384e","Naukri","Executive Opportunity","Unknown Company","Unknown","70fe8225f9aef42574fa15cfdcfbb9351fa9420316b4aedc60bf3ec3cc4e7042","1","0","0","A","No evaluation_job and no materialized_evaluation exists in DB for this canonical opportunity."
"1015","b65f5dcad1e606c4","419b9739189bbe46074d5dfb805eee04d7c4febe16c9f0c4d92bebd3705bc350","Indeed","Executive Opportunity","Unknown Company","Unknown","afc68f04c352faf068d3ce102082695c5de413edde5608667cc2f61fe932fda0","1","0","0","A","No evaluation_job and no materialized_evaluation exists in DB for this canonical opportunity."
"1016","b6baccd344a646f4","7ee2773c80dc093db7703903db8a9371ecfb11297db54c073d83003eb96e6a83","Naukri","Executive Opportunity","Unknown Company","Unknown","c1dd1a07c7b3db3ca6e70ad27c19415ca85359b604817a39901b114480e63132","1","0","0","A","No evaluation_job and no materialized_evaluation exists in DB for this canonical opportunity."
"1017","b772e6e2afa392a1","ef01c542e8bdcac371cc499b78057ad79ec4d7918e952ae6ded8e78136031648","Naukri","Executive Opportunity","Unknown Company","Unknown","aca39c7de7305f8da59ec7bbd40031f75330281b8f2c9360b0290cc3b3806f5b","1","0","0","A","No evaluation_job and no materialized_evaluation exists in DB for this canonical opportunity."
"1018","b85affab3ebd3acb","5eace0088ce1edb91870dbd37d30e06b241d7e465b8c504a8fb5ffdabebbfaf4","Naukri","Executive Opportunity","Unknown Company","Unknown","b99b369c8d7e52f4468753202daad605a7a8a05c9fbfc4aab49456a765de316e","1","0","0","A","No evaluation_job and no materialized_evaluation exists in DB for this canonical opportunity."
"1019","b86ad98064f1b53e","d86890253421e14b52c2afadba408b145fe53fdb3faef14080dd8c4493aabe00","Naukri","Executive Opportunity","Unknown Company","Unknown","54b1f3e2a08a9e429decdfb862f5fcfb2ad2895e775a0e4bc4b1b787fd952a4d","1","0","0","A","No evaluation_job and no materialized_evaluation exists in DB for this canonical opportunity."
"1020","b8e50a37b1246404","5c1cf0b531c21f91fc4ec79cd32c1e3f51fb5997620a14ad5dce6c8b1ad8f83d","Indeed","Executive Opportunity","Unknown Company","Unknown","befabe26520d7aec6cc88975e97fb27de451a605c7ec90066317088680f91c46","1","0","0","A","No evaluation_job and no materialized_evaluation exists in DB for this canonical opportunity."
"1021","b90979295423f243","a822b6a387f12a5a7b3ec69610a10a2aa5359d6f95a0db95f842de5dd41c658c","Indeed","Executive Opportunity","Unknown Company","Unknown","9d7eaf191241448027ed6c72934532126645656d98348d24de8f6893e95fd323","1","0","0","A","No evaluation_job and no materialized_evaluation exists in DB for this canonical opportunity."
"1022","b9331bed5b306c88","a8d02834b75f7d2182ad1c1b7827c310cd42785d33fff9abbc26e83c50098869","Naukri","Executive Opportunity","Unknown Company","Unknown","b6196f1425eb167419667ab5673dc9008417d2cb2066b01ba02f7a2efd255f89","1","0","0","A","No evaluation_job and no materialized_evaluation exists in DB for this canonical opportunity."
"1023","b984a05a9e37c782","2c844e3f23c5510f0eace0c839a8609c870e8a0681b022c241b161d810191e86","Indeed","Executive Opportunity","Unknown Company","Unknown","38ef7a427d734d225b3e3f7cb46f29fe6e6d2a7c6934e39d849836e65cdcd328","1","0","0","A","No evaluation_job and no materialized_evaluation exists in DB for this canonical opportunity."
"1024","b9eb2fd9d4c65402","283c8ca509c0c89498b597a9edd6df71b4ef9d4463497fea1a004f04f354028c","Naukri","Executive Opportunity","Unknown Company","Unknown","af2110b0540548af1b0cfe5cc2ff7584e10662ac7b0e7991f401614ff6701956","1","0","0","A","No evaluation_job and no materialized_evaluation exists in DB for this canonical opportunity."
"1025","ba3a457d38879c30","7d323a5827c6821930ee1a9cbca1305a91c5fd70b9057243f584a8636d7c802d","Indeed","Executive Opportunity","Unknown Company","Unknown","6ac2a4c5f59378f278d65d032ba347385c314eed29319546704bc73004003a5e","1","0","0","A","No evaluation_job and no materialized_evaluation exists in DB for this canonical opportunity."
"1026","ba945394baf8d0cf","74486c8636d4797229a878239ead61e97b1e45eedf000701f7401e20429e8a70","Naukri","Executive Opportunity","Unknown Company","Unknown","6b69fb631fe1f79afc0ab52008ac0e2f300567c1352f515b5cdf3da22d1cff71","1","0","0","A","No evaluation_job and no materialized_evaluation exists in DB for this canonical opportunity."
"1027","ba95335f325252bc","6946f5f37bb44c428023a331ec8112be93aa09f0eff4360617053e658458c4bf","Indeed","Executive Opportunity","Unknown Company","Unknown","b6b74de089c8c91dabd2fd60b5ffa1b251facb503c4209646f482ec054ae84ea","1","0","0","A","No evaluation_job and no materialized_evaluation exists in DB for this canonical opportunity."
"1028","bb952ad39460257b","87685ce53c0ed1cc2a01ce50c6112f3e1eeefb766a139cd406138a3930494f54","Naukri","Executive Opportunity","Unknown Company","Unknown","43d41d6ba1acc8aeca2a4f3548b58326b1b8792b0bbeaf420b3ba8009d1352df","1","0","0","A","No evaluation_job and no materialized_evaluation exists in DB for this canonical opportunity."
"1029","bbe60722869761d5","afa76ddf06de08e3570a98803727cd8212c65d6e3b5b3febcf1ca356900ae95e","Naukri","Executive Opportunity","Unknown Company","Unknown","063935a9487fd65febe42d0ca18a8fb36b2241f1595e3a632bbdf8d50d20afda","1","0","0","A","No evaluation_job and no materialized_evaluation exists in DB for this canonical opportunity."
"1030","bc8a655949442631","65bfe30b15974a2eed1ae70b283eb2075dd24921dbf902fcf69413eed5391a68","Indeed","Executive Opportunity","Unknown Company","Unknown","0e5afe7eed7357187918ad79163cb56fb3f8ccf0d0aa47dd68abfb93c96c582c","1","0","0","A","No evaluation_job and no materialized_evaluation exists in DB for this canonical opportunity."
"1031","bccadc2c3aafc306","126a25a59d4f3877727da743dc945f71bc54083652708240b3e7280cc0c2b390","Naukri","Executive Opportunity","Unknown Company","Unknown","c9d5fb07a76919b2abe901314f8edbeb0d36fe99a36176ebe4dd114a7f8fcb4d","1","0","0","A","No evaluation_job and no materialized_evaluation exists in DB for this canonical opportunity."
"1032","bcdf5869bf7a373b","bd29db50017e046aa26c7e6aa906f026a1552bfd67ddd085f9cf1275e752ae3c","Naukri","Executive Opportunity","Unknown Company","Unknown","5e23305460cc1a9c72cb72a68fcaa8764c10955c68146772c574e70616f02d1c","1","0","0","A","No evaluation_job and no materialized_evaluation exists in DB for this canonical opportunity."
"1033","bcfa3dcb703255e2","1e35f9064cf79bb6d77d501a38b5d3433fe9cafc8d650f9c49c2081b6b09fdbf","Indeed","Executive Opportunity","Unknown Company","Unknown","0e62f1dd93651d5357f10c4b5b68e499a6ce7583e64e7f73bb58e54ba5c71630","1","0","0","A","No evaluation_job and no materialized_evaluation exists in DB for this canonical opportunity."
"1034","bd3732f7acf006bd","63d3be165c1c4c1e638f5cb29c41497bd5e20d4134681dd072b8416e99fac2c6","Indeed","Executive Opportunity","Unknown Company","Unknown","6a2cdeb115e00fe61a2986fe31f96eee90290216b8569fb583efa09018d45695","1","0","0","A","No evaluation_job and no materialized_evaluation exists in DB for this canonical opportunity."
"1035","bd6bd64130d9b32b","088c829be0cdbb164b558f80f23996099c1366f6b127f1bc155b0ae90a342ee7","Indeed","Executive Opportunity","Unknown Company","Unknown","9b724579c0344faaba237998744db9097b8b8e7b9c96ccdca6ef4b3e10b3867b","1","0","0","A","No evaluation_job and no materialized_evaluation exists in DB for this canonical opportunity."
"1036","bda5efcf1621d0ed","07669e3ffd5a2d1f99781f84c9f88749734d81a07680aa009133f6b276dce701","Naukri","Executive Opportunity","Unknown Company","Unknown","5dc65c2ad81d1e183f67f9909360babfa7ecf9d42a7d59622730a3b21975e45d","1","0","0","A","No evaluation_job and no materialized_evaluation exists in DB for this canonical opportunity."
"1037","bdb6d86f0578089f","bf6cd19079c45e454c59bbac3853ee26aaebaba07930c197118884104cbe4536","Indeed","Executive Opportunity","Unknown Company","Unknown","28e558683bbe4e469d568751c084ac62f175c6a16315e44a33f8647ef16c573b","1","0","0","A","No evaluation_job and no materialized_evaluation exists in DB for this canonical opportunity."
"1038","be10a1d2881e2783","21c81635e5fc57720b94b9ba67b393c1b5a92373bc011bbdd1c9eb70568a03c7","Naukri","Executive Opportunity","Unknown Company","Unknown","16d7601d7f8f55b63161553c1ca76530046e0610788ac058e8d3312d67617c1b","1","0","0","A","No evaluation_job and no materialized_evaluation exists in DB for this canonical opportunity."
"1039","be7d537f9b61a721","9ac70da0be8e60d8e9d81c524e8394ff985633d7444910e2c33a6b9c8ae9fc05","Naukri","Executive Opportunity","Unknown Company","Unknown","2664cdc3aa35b870bbad24784a4f776b283603b47798027760d744edbf40a71e","1","0","0","A","No evaluation_job and no materialized_evaluation exists in DB for this canonical opportunity."
"1040","bf0599a7571dec07","26a9641a1ba60bd17c3a8e3185ca1e95c990d33db386d128b106af632adfeb5d","Naukri","Executive Opportunity","Unknown Company","Unknown","2f252b36469d545904d8fdfc8357ddc0754dac4c5582aae6733c0695c2e95d2f","1","0","0","A","No evaluation_job and no materialized_evaluation exists in DB for this canonical opportunity."
"1041","bf99876aced6cb09","42cedc5aedd36d6e56e2249b72af73ba2474dd0ae1ae5a01a51c4aaac5ac2851","Naukri","Executive Opportunity","Unknown Company","Unknown","b88c72652a1b3273e31335e96d712cbb87738fde25eff7d93cc7f2d1cbe00886","1","0","0","A","No evaluation_job and no materialized_evaluation exists in DB for this canonical opportunity."
"1042","c09b46af2c6df1f3","576888d7e8b28458586d53b5527e9291c714b6c7d7b018e7b063738ff191f946","Naukri","Executive Opportunity","Unknown Company","Unknown","f1997ff4dd0b1e45698569bc03015c3ca702306202699f4ce606423fc5eca473","1","0","0","A","No evaluation_job and no materialized_evaluation exists in DB for this canonical opportunity."
"1043","c2b6610aca07ae55","a8d8991c7d3dca305be24fcd7b85f4a29b6dd3a436bf2e9c47c5036d258bc508","Naukri","Executive Opportunity","Unknown Company","Unknown","7984a3c5a50349cbeaef09dd6372c2cb1c48002747fff5ee3a9438940a45d589","1","0","0","A","No evaluation_job and no materialized_evaluation exists in DB for this canonical opportunity."
"1044","c328bf93caacac58","72dc9c4d121fb6f0262b4504eb695752fbb825ed2fd5176c27db8f3870dec58a","Indeed","Executive Opportunity","Unknown Company","Unknown","1201343306c4317225f65eae731ec83ee15a77c153fd3051a54f1317d88de7e8","1","0","0","A","No evaluation_job and no materialized_evaluation exists in DB for this canonical opportunity."
"1045","c360ea474216d01d","de1f7ecca77efed4c0c740e757cbd075071f06ade53413b8534ba63d19f16ade","LinkedIn","Executive Opportunity","Unknown Company","Unknown","7803fd9a9b85717c12927b64ec8fc82dbf566e88cf054a833b2d6550cbaa7664","1","0","0","A","No evaluation_job and no materialized_evaluation exists in DB for this canonical opportunity."
"1046","c407f5824aaeac09","b3ec027ec5e9d808c06d6107d567621946c188b3ab41dc469e570e56081867e0","Indeed","Executive Opportunity","Unknown Company","Unknown","609db773eefa64ba6da5b06021072ba2d757db0c5c57ca692e4a1d55015bd4e0","1","0","0","A","No evaluation_job and no materialized_evaluation exists in DB for this canonical opportunity."
"1047","c42aaf9a4803416d","f8070a50d07c187e1a05cc1eaa2eb545b97659f32c80b38b2482f03dc7573bb9","Naukri","Executive Opportunity","Unknown Company","Unknown","ab1f6f949f7196b649520e7a33b5fc1cc2788d4615ab72c64fc30e8e2f987eae","1","0","0","A","No evaluation_job and no materialized_evaluation exists in DB for this canonical opportunity."
"1048","c46d741ab7640662","bb278276f530775e38d3e43436fe47e3f961015915ce500fa545f3e51a7566cf","Naukri","Executive Opportunity","Unknown Company","Unknown","1634b487f7ded2d71a21a3f7d2ca3ddae52cd310e0d5b2a71ea7481e2e147ad1","1","0","0","A","No evaluation_job and no materialized_evaluation exists in DB for this canonical opportunity."
"1049","c48c9df2d54538c0","f64f03ddf4b253e78a59c9640ea69aa9e0d1d6d2d6b1c292f736ee1b4eca6d00","Naukri","Executive Opportunity","Unknown Company","Unknown","3615f1a50b1eb7dac7bc4b715c5854782551857358382f14225b9082038faab8","1","0","0","A","No evaluation_job and no materialized_evaluation exists in DB for this canonical opportunity."
"1050","c4dcad1957ee5aa9","6b304cc3ff517a35d99ca5dfbbfc8fd6d6b0ca853e9105a557267d46028f1813","Naukri","Executive Opportunity","Unknown Company","Unknown","98b9d8aa4d7d3a7163472a1469a125f75e8ae3a6bfa2af2ac6473eafdc8dc4cd","1","0","0","A","No evaluation_job and no materialized_evaluation exists in DB for this canonical opportunity."
"1051","c594f300c94cd32f","65f6d41920a383bce6144f4bb0443904eecc1722f3cf37b2adc115a144d96703","Indeed","Executive Opportunity","Unknown Company","Unknown","31fa877cdc0b7598617ed3dd5ff730d1d83109cd60de0553e5524aec8b4b88c8","1","0","0","A","No evaluation_job and no materialized_evaluation exists in DB for this canonical opportunity."
"1052","c5b0cad8f760e39d","5420d0d202161c4517344b0f1a8f6b1633bbdaa0115fee699ee39285a65d8578","Naukri","Executive Opportunity","Unknown Company","Unknown","b5f1e7c0cc87807000705f40b53f459e59f7ff98c9af05468ed161c93a31981e","1","0","0","A","No evaluation_job and no materialized_evaluation exists in DB for this canonical opportunity."
"1053","c5f9ee8bea6a0a07","bff210cb934a6e071d20556f168b7ea1fe441e9a1d991e918806f525152cf481","Naukri","Executive Opportunity","Unknown Company","Unknown","2a9cd2dc5d3cd16c626a890c0f69932c48403e04a7f567c63a7d34efed611426","1","0","0","A","No evaluation_job and no materialized_evaluation exists in DB for this canonical opportunity."
"1054","c612408d8c921a4e","d005fe1a18e040549045fde83c6251071ed7b27ee946dbae886c9007683d34ec","Indeed","Executive Opportunity","Unknown Company","Unknown","6bf20c2710d6c6339df1a69ae4a420178f280c96568e5e85936208460883bd14","1","0","0","A","No evaluation_job and no materialized_evaluation exists in DB for this canonical opportunity."
"1055","c665e572bcbce186","5c0c652a94dcf0048cd6dacd6a5bdab7f2049cc88a5168164e9574dc10d5ad80","Indeed","Executive Opportunity","Unknown Company","Unknown","5390427603de699b85b2f8921b6f68634734e397e284d516dad811a2a2ba0900","1","0","0","A","No evaluation_job and no materialized_evaluation exists in DB for this canonical opportunity."
"1056","c6757504f4bed80d","18fefd8c2490b80e8d092bc9dd4b7295b9a73c2e43678f6eb412f10afc9aafa7","Naukri","Executive Opportunity","Unknown Company","Unknown","504b600119d12e7e92470494b2e4c38a84c9be04e56d10bce5aae82576dceeed","1","0","0","A","No evaluation_job and no materialized_evaluation exists in DB for this canonical opportunity."
"1057","c6e7966abab6ca95","049302f28e53f980e21cca7b6918fe849c3ed347508531606444265557777e7e","Naukri","Executive Opportunity","Unknown Company","Unknown","b69a148fe007a0e1485adcf6115e5b9a64a9497c1e83e0549f89bc692f1093a1","1","0","0","A","No evaluation_job and no materialized_evaluation exists in DB for this canonical opportunity."
"1058","c70fe4f121292b6b","58f568e8a0e5211342d0df6fcc199a665c59d754af75af2ca6d1c08c8b896148","Indeed","Executive Opportunity","Unknown Company","Unknown","4352da6f064edcd430f3d88a290e09089868e583a17e6cdf6f698ccdfec7ab6f","1","0","0","A","No evaluation_job and no materialized_evaluation exists in DB for this canonical opportunity."
"1059","c83a558591c64052","b575bd663dbefd0ca5a8915fd70e6e5f2faab457888788ba1c01cf29f4e8293b","Naukri","Executive Opportunity","Unknown Company","Unknown","a0b08013ec82ba709a429d5d7094cdf3df47aa1a5ce1429813f982597a0a6ebb","1","0","0","A","No evaluation_job and no materialized_evaluation exists in DB for this canonical opportunity."
"1060","c8d4c7de1b368aac","f6579f4d8b070bc34c7d82eca3945a9c86b5a7a3288b330ccbbd3519dbd6ea45","Naukri","Executive Opportunity","Unknown Company","Unknown","8c6c6ccd547960aef6aac57ef2c45807a6a11bd5c5ec214d42643f36a6502dfb","1","0","0","A","No evaluation_job and no materialized_evaluation exists in DB for this canonical opportunity."
"1061","c9f1c6567eda6739","bdf9920d3964653bd9b17cb1ffa15bc705da77455d33c749531c668f568a4c74","Naukri","Executive Opportunity","Unknown Company","Unknown","dcaa31630af55f838c2889e8176c8d4963c17e1da7801158cccf9edeb8f51179","1","0","0","A","No evaluation_job and no materialized_evaluation exists in DB for this canonical opportunity."
"1062","ca0a34b779869a8a","2a241fdfd4a99f39b0915eaaf5dfe8522bbaf0bc8656854db324d1402d7fb65c","LinkedIn","Executive Opportunity","Unknown Company","Unknown","b05064710e2b3ac79cd8ba51d8acf165fcd8819605f634fdcdf768b73f7943b4","1","0","0","A","No evaluation_job and no materialized_evaluation exists in DB for this canonical opportunity."
"1063","ca1ca7d3a8a2f2ac","e90f0ea410501c01bfb66a5b5ea2e2987130ad7d8f742b335994d24266eb3ca8","Naukri","Executive Opportunity","Unknown Company","Unknown","36f6ef37c9baf0e1d42e8e0fd5476a6a23be5291e2b912c9e432424d8f98480f","1","0","0","A","No evaluation_job and no materialized_evaluation exists in DB for this canonical opportunity."
"1064","ca38483166714dea","37405eb1172c3d4bffb9a13c8b809cffe67f9b5333ae4fa694a2c69c7bf0ed5c","Naukri","Executive Opportunity","Unknown Company","Unknown","83fa0e128fa90c3fbef33b3d2207c61b72292970669c0422457fb3ec9a2299b4","1","0","0","A","No evaluation_job and no materialized_evaluation exists in DB for this canonical opportunity."
"1065","ca7a454bf8a63c74","b328bd867df6b0fe25c416334aa1a896e3bc0cda722e6bc35e74dc852dfb35a7","Naukri","Executive Opportunity","Unknown Company","Unknown","5584424bd4bf15829180024c8fc699c575e337a347a54c17270a090aeb90c0d4","1","0","0","A","No evaluation_job and no materialized_evaluation exists in DB for this canonical opportunity."
"1066","cb2ae0dd495f12d1","8a9a7e254d2617c29a87e27e6a31bdeb0d42d8b37207ab684a3e6438f2732620","Naukri","Executive Opportunity","Unknown Company","Unknown","78a61805f750b2eba59a5fff7dee9617bf167884074d64b11d9ddec0ac80d37a","1","0","0","A","No evaluation_job and no materialized_evaluation exists in DB for this canonical opportunity."
"1067","cb2fd04e70c4e90d","bb4a6bf4ceab9cb7177ba5edc43c1221c06e92fd99bb43b03e0fd2e8ebbec1e2","Naukri","Executive Opportunity","Unknown Company","Unknown","470e5418d39cedaf485b62f288cf7a5ecb6b3d784447b0317d40ba47656eb08e","1","0","0","A","No evaluation_job and no materialized_evaluation exists in DB for this canonical opportunity."
"1068","cba6aba8d3d59031","aef16d2dee5725f583b00a6dea7b2a2b89bfc32766b45250a869105c05f8c15e","Indeed","Executive Opportunity","Unknown Company","Unknown","0e59549b1e5016acf6f5a8dc25e5b1965c22e3a348dbf869e0b720a019e4b6e6","1","0","0","A","No evaluation_job and no materialized_evaluation exists in DB for this canonical opportunity."
"1069","cd4f1df7d5ab9b8b","13fe4409900534d8d70f50b84c61910e8fd40a842f4a6860cf132d90f3a17ba0","Naukri","Executive Opportunity","Unknown Company","Unknown","e2798fcc2b2194c9a0be6d1c9df3967ed66602d5dd9f89d5b25b9352085a652c","1","0","0","A","No evaluation_job and no materialized_evaluation exists in DB for this canonical opportunity."
"1070","cd8892092d5511ff","b6415955a6e79f42034fc454a5e638e34fdfce89bd856badc3d77bb1a03b1456","Indeed","Executive Opportunity","Unknown Company","Unknown","e1c960c220e4ff25e0ee3688ddbbce002f680b98c63454a83d1f091211237913","1","0","0","A","No evaluation_job and no materialized_evaluation exists in DB for this canonical opportunity."
"1071","ce48a0fabb73eeca","b0d38a16466c6f76366080184a559d4448522b351c8a627ea39d7007159d6420","Naukri","Executive Opportunity","Unknown Company","Unknown","db563862eea418874c1012151f6540a81009b7568c4f40904c0dca5cfde1a96a","1","0","0","A","No evaluation_job and no materialized_evaluation exists in DB for this canonical opportunity."
"1072","ce76cad92617e883","0f59f1c589012d2f73b1695603624b475845aeca82459d133c1de6671872ce7f","Naukri","Executive Opportunity","Unknown Company","Unknown","daba9a8e73fadd79d03c9ae71a83daaa144e384cc64063699af42a0ec1c07ed4","1","0","0","A","No evaluation_job and no materialized_evaluation exists in DB for this canonical opportunity."
"1073","ce7ef2d54bcec511","50c28b0b228c17d8a682ffa4b1ff6fc23b1b6c0cdcf2f4c9a06908c235c4ea4e","Naukri","Executive Opportunity","Unknown Company","Unknown","464d86e401c13da64eff4ac3756a1fd6a0aa614e405369f228ee4719b48ee394","1","0","0","A","No evaluation_job and no materialized_evaluation exists in DB for this canonical opportunity."
"1074","cf658dcd36b04d23","e56c9f8e641a795a7b7d19deee7b1b930136d83f52f83125ab31189cd66bdc48","Indeed","Executive Opportunity","Unknown Company","Unknown","ea891d5c2f175204829143d1520e335a08096d2f2d9c2de6e7adbd7d8dfd8578","1","0","0","A","No evaluation_job and no materialized_evaluation exists in DB for this canonical opportunity."
"1075","cf9348f1b1c240e8","552d4ccffa2003bbdbeab7ea798e9211008952e912f14e37e7906bdd67d854db","Naukri","Executive Opportunity","Unknown Company","Unknown","f44661c8d2aaf15e295002307fbff072a7948ba0d2ca35f29a5c64b43c515c01","1","0","0","A","No evaluation_job and no materialized_evaluation exists in DB for this canonical opportunity."
"1076","d02dece3f7d6125b","4350172ac8f80594236144433905fd32c7ceb97cb7768a0004d9af1bbaf6c4d0","Naukri","Executive Opportunity","Unknown Company","Unknown","b9de818be61fbec7e6493580f5c759bf15c91ee233d36007089949b0e4a07301","1","0","0","A","No evaluation_job and no materialized_evaluation exists in DB for this canonical opportunity."
"1077","d0986f76940e3333","da716943672df7114a2a73e06bee139b55ffdbe27d90edbbedfc217cde7c53bc","Naukri","Executive Opportunity","Unknown Company","Unknown","67f6b7800715bdecbfd02898f3e78c47d9ad9b9778c80a11e07df92952d34884","1","0","0","A","No evaluation_job and no materialized_evaluation exists in DB for this canonical opportunity."
"1078","d2e5a9200613c2c8","f384e4cac1a4b130ff70ee548e8ba393ec2b3fc704314db4d973ae96ea97a76b","Naukri","Executive Opportunity","Unknown Company","Unknown","c8be95657b1e77b8c106dc7e128f9b3bb8240e527258319fa23e65f49455e152","1","0","0","A","No evaluation_job and no materialized_evaluation exists in DB for this canonical opportunity."
"1079","d4f7ed4accd7662e","36b4be2aca42f3dd88fe83276ca7bf05517fa6f36278eb4609dac02bbc06cefb","Naukri","Executive Opportunity","Unknown Company","Unknown","fcae0fad916b9529e180f89345cf141a1196148e552ca99f1a6259c470ecd253","1","0","0","A","No evaluation_job and no materialized_evaluation exists in DB for this canonical opportunity."
"1080","d501a2e0bef8f08f","53f495a470158c66b2ae7595f1e0cab529b3c9f4da475ec7143de8069d67416f","Naukri","Executive Opportunity","Unknown Company","Unknown","2cb88a4b8486ce0f44de84b25c46aae3f2b052c2e6a53184385455db0e03c79a","1","0","0","A","No evaluation_job and no materialized_evaluation exists in DB for this canonical opportunity."
"1081","d56584d0b0da8add","46393f67be35249aee17570eff123bb2b54db72bd9ea846b8e687d621e24f048","Naukri","Executive Opportunity","Unknown Company","Unknown","a4bf84825ff9173eec89a26b9f40e6992b7f2d2e021d5d38402cf22f370ca50e","1","0","0","A","No evaluation_job and no materialized_evaluation exists in DB for this canonical opportunity."
"1082","d5e642b4a1eb6611","6df17cc926ddd1b030bef562eeef12a6e8dbb7c20b5b05dc9ac816283caf0e64","Indeed","Head- Strategy- Gold Business","Saaki Argus & Averil Consulting","Chennai, Tamil Nadu","468370b788b0777440bba5c9d9766f5ddc614370c16e566fc04f0b555792fe78","1","5","5","E","Materialized evaluation exists under active context fingerprint ""fbcfc83c5f8e7257aa2b92e1fbd91acfebf47c5f4ca3fcd167def146839b0ba9"", but serving adapter rendered evaluationState=ACQUISITION_PENDING."
"1083","d5f013599ec8b8e9","e29a51c624c4a5e5921ce96f3af1a06fd18b646ed7af5cfee21bed4f60850218","Naukri","Executive Opportunity","Unknown Company","Unknown","6dfb36b19b7f4d7f7f9a2c3d7edc68d57b3c6746e7c5c1e0261ddc8c805523b5","1","0","0","A","No evaluation_job and no materialized_evaluation exists in DB for this canonical opportunity."
"1084","d622bc0caba99804","0db1e534ee9e925e0c30c405a2eb7b796b77942099d0fd531f5a93a0203abcc5","Indeed","Executive Opportunity","Unknown Company","Unknown","4c9562a256e2470835771fc88a3ba4f07efecfa77eb668124093f93a8c176f50","1","0","0","A","No evaluation_job and no materialized_evaluation exists in DB for this canonical opportunity."
"1085","d6d60e42f906365c","e01b9b08b9e01dd186a74327fc6ac0ec1e6fd9d49817d849d4ed391da0316afa","Naukri","Executive Opportunity","Unknown Company","Unknown","d2b16f15e2da66fbbb7dd24c847068a38708d6d5fd5b328059e6688a406661f1","1","0","0","A","No evaluation_job and no materialized_evaluation exists in DB for this canonical opportunity."
"1086","d743317646df14b7","8021ee927f049cbbe38eb66c979858332e54121f3097c9316146e25823fa2b74","Naukri","Executive Opportunity","Unknown Company","Unknown","1de73dc113a30c4e286be4a843a29e2a858d8dfb0d148207d554cc6ab446c24b","1","0","0","A","No evaluation_job and no materialized_evaluation exists in DB for this canonical opportunity."
"1087","d765f7ec9159fc2a","5b65d7d9dc0e4031b8e175fcacb62a47a1369de0bc252e1ca85df4afded76c9b","Indeed","Executive Opportunity","Unknown Company","Unknown","b24a2046fa4aa04fabac647796bf916d9b21b9eabfe1cb11d2f9eeb0a6353ecb","1","0","0","A","No evaluation_job and no materialized_evaluation exists in DB for this canonical opportunity."
"1088","d772ae44b1e2151e","22dc7b5e623edda558de79b71c0e86a11b464fdc2f0436715dbd49e7df408a89","Naukri","Executive Opportunity","Unknown Company","Unknown","0e9281f6963c059c4a70cbba0e0091a00ade2dea240d88eaf108ae03d7f1d1fe","1","0","0","A","No evaluation_job and no materialized_evaluation exists in DB for this canonical opportunity."
"1089","d77352d8684212b4","b8f5fff426f5956be07ec989b9fa00cd9ab719ddc6793be18f6de6e117784e7d","Indeed","Executive Opportunity","Unknown Company","Unknown","bcc0464de0b8e4b1d77b019dbadb7f38886f2437dc4778e9e165a7fa00bc8e41","1","0","0","A","No evaluation_job and no materialized_evaluation exists in DB for this canonical opportunity."
"1090","d8a5ab0c767cef3c","a3f85018b57ef60a9439f9836e79563af52469ea3ee6b05846049747259ee864","Indeed","Executive Opportunity","Unknown Company","Unknown","33ea183e909ed303a82958464fd045e8b86d11b9884413ca30342bb0ca3d33cc","1","0","0","A","No evaluation_job and no materialized_evaluation exists in DB for this canonical opportunity."
"1091","d8c64f7602eb2842","a1ff9ca720145b3242d023c85b6b31697028036d83c325712bfa7fefc7716cfc","Naukri","Executive Opportunity","Unknown Company","Unknown","d49e461a1936490c337a1f8a727ade03663088eb8c307f78fe1ba52f36b2f0aa","1","0","0","A","No evaluation_job and no materialized_evaluation exists in DB for this canonical opportunity."
"1092","d8e199ed1119160e","188c72047087754cc04e3bc95d5d23f423f1727ad8beb8c145e246134a33bd9a","Indeed","Executive Opportunity","Unknown Company","Unknown","8194bb55f2bdf77fe320d8da671369bccbc5eb2956db2b90b61b84f84e0ec166","1","0","0","A","No evaluation_job and no materialized_evaluation exists in DB for this canonical opportunity."
"1093","da1b1cf677391398","ba85c92730304ed91aa66f33564b6f20f81d8d992dd67c369168d4caf019defb","Naukri","Executive Opportunity","Unknown Company","Unknown","d11448d73b4ed3e416aaba5a146244f91da3f95b97c090c585af8985495d7c0a","1","0","0","A","No evaluation_job and no materialized_evaluation exists in DB for this canonical opportunity."
"1094","da31280cfd08a876","0f3c364bffce5a93893897f639725df28dd4d90edf1a732ba9cb0ca235ed6f8a","Naukri","Executive Opportunity","Unknown Company","Unknown","bb619ae8790eb9c110aff6152c162cd31f9673f01184b9b1463c48e1659907e5","1","0","0","A","No evaluation_job and no materialized_evaluation exists in DB for this canonical opportunity."
"1095","db5415cd6c1ecf51","01dee8f51c8bfded714fa0685bbd597d70a77cb7a6ec9003d10f106cfcda6ef8","Naukri","Executive Opportunity","Unknown Company","Unknown","f2e353870d3dbed60a13e2e18563c9ba1c99efb415a26be7b1dc58d67df6168a","1","0","0","A","No evaluation_job and no materialized_evaluation exists in DB for this canonical opportunity."
"1096","dc1f10af196458cf","351efc4d40c3e281dae5eada734053aeaa88a25fd9c215a29691287df2abff47","Naukri","Executive Opportunity","Unknown Company","Unknown","fa1a304e791f0e378e8d1203b38c3b0c07cb07b68c356f6e7e4ec5c4d9283ab1","1","0","0","A","No evaluation_job and no materialized_evaluation exists in DB for this canonical opportunity."
"1097","dc218dc2ff77d021","2471c9df1c81ee8f3d534ce0e5837d3da3fea2fccf9eafdc1f53475171809f8c","Naukri","Executive Opportunity","Unknown Company","Unknown","4a9e11a9567b355f51c30d7d23ec8251c33649c8844c44d7ccdc182bee97d333","1","0","0","A","No evaluation_job and no materialized_evaluation exists in DB for this canonical opportunity."
"1098","dc3c9f7dbdf88dcd","c07e1b9134a07a5eb82b1400b2e121fb05644a6a10178717d7086a814ac4e408","Naukri","Executive Opportunity","Unknown Company","Unknown","a57b0be706a51c059f23516a524db3687f963eec239db67d34936e5f2901d73f","1","0","0","A","No evaluation_job and no materialized_evaluation exists in DB for this canonical opportunity."
"1099","dc836cda5f422481","31e2260dd2e539376a44187e1ae7ccb7d0091fdb16deac16ec52e83fcb31bef4","Naukri","Executive Opportunity","Unknown Company","Unknown","4630e6fb2181e3adea83a74ddbd83f22d2aac279f4a4851ceb0faf769da18eff","1","0","0","A","No evaluation_job and no materialized_evaluation exists in DB for this canonical opportunity."
"1100","de4e2afb04cbbcbf","755ab55af917275b485ce282b9028abf06bb5f38629dbd6783e6be4c88c1fb1c","Naukri","Executive Opportunity","Unknown Company","Unknown","13b7eb37885325293f3949f1e230f74d54c6ac28a50b7ac342c0ff0c4d316dc1","1","0","0","A","No evaluation_job and no materialized_evaluation exists in DB for this canonical opportunity."
"1101","de8186e5cf31d9da","c342a458c6680ff903b7b75e99559e0486d8e4884aa3cc15c762c085195060a3","LinkedIn","Executive Opportunity","Unknown Company","Unknown","95c58aa975f37d9ecb1d91bc9b5fb4cdaff10b840cd32230031eaa8232ac7496","1","0","0","A","No evaluation_job and no materialized_evaluation exists in DB for this canonical opportunity."
"1102","de949a689f854173","d71f280e1c9d579796b88de6a0aecddebe06c71f312ecefb62d99b989d6be767","Naukri","Executive Opportunity","Unknown Company","Unknown","e898f86b4f4c607894cf3976c3c78793a1cf8ecc4257ac7ad286c466546278a3","1","0","0","A","No evaluation_job and no materialized_evaluation exists in DB for this canonical opportunity."
"1103","deeb95d5cc72e118","7e6f1fea12cdd571ff61504a3a5789b1f2da17906b41eca6e2167a93dd0d5cdc","Naukri","Executive Opportunity","Unknown Company","Unknown","018331e57532f84850e5178e5d977de0bcf2d285a304f22e200867f968c75038","1","0","0","A","No evaluation_job and no materialized_evaluation exists in DB for this canonical opportunity."
"1104","defb3604526f80d6","82ecc116f6ee2e17815df5c49d3635dbcb1b34ffe4359be3e8983b7837ce563e","Naukri","Executive Opportunity","Unknown Company","Unknown","31ea0c80de27c841f404f248f556f5d3b374e00ea5d8e71b5fed439e3dd351d6","1","0","0","A","No evaluation_job and no materialized_evaluation exists in DB for this canonical opportunity."
"1105","df44b61063b8efab","6755363bc45af4e702b155500161d716155c163f3b3e41763f555caa1d0950f3","Naukri","Executive Opportunity","Unknown Company","Unknown","4c4de678d899c3d4a5fea139b26aacc5f5c929fc966785846185916f6bc419cf","1","0","0","A","No evaluation_job and no materialized_evaluation exists in DB for this canonical opportunity."
"1106","e1c7ac584dbf25d0","34474b73a9517b5dcac3ab11f504e591ceaa2ece4f172ea1e498aa6dab980f9e","Naukri","Executive Opportunity","Unknown Company","Unknown","9e8167b533c295b71488b4374eb0fcf410c997c2f928559d066fe11772f629d6","1","0","0","A","No evaluation_job and no materialized_evaluation exists in DB for this canonical opportunity."
"1107","e260dbae8b649f39","1da37705c012691892f3aba2496de76754d12ee3a85969fa5bc9f26a356a430c","Naukri","Executive Opportunity","Unknown Company","Unknown","6cb7e51cd16b3188144b7a495b303e054dbb01f1c78e5ecf8046eb10c714572a","1","0","0","A","No evaluation_job and no materialized_evaluation exists in DB for this canonical opportunity."
"1108","e27628f062b1d905","30ea4bf54385d7cdafeac89c012c54f6527b7093a2bdecfaaa54141654f18f9f","Naukri","Executive Opportunity","Unknown Company","Unknown","b39e8b6a43605dca763524f72480b841d20ec2cc25f97ff9ea3495063e2d6b2e","1","0","0","A","No evaluation_job and no materialized_evaluation exists in DB for this canonical opportunity."
"1109","e39ef26fd2b34d85","9379a1d8a0865109c2bc1d0eb0a8824c2610b6fe2c1b5d259bf1dcf0f4f7512d","Naukri","Executive Opportunity","Unknown Company","Unknown","b68e43d762b52acbe141b2fa41c525e57fdcd7f659c8084a3c85c93f8ba67e03","1","0","0","A","No evaluation_job and no materialized_evaluation exists in DB for this canonical opportunity."
"1110","e3c37ee527d2ce8e","77ce217a369397d56f857faf7c332e3a2f6e4f2a8713d20173f74fb2e259ff36","Indeed","Executive Opportunity","Unknown Company","Unknown","b3ffdb0549a2d1ef1a062685780a97f5a84dbb4caed937c3129f476099851827","1","0","0","A","No evaluation_job and no materialized_evaluation exists in DB for this canonical opportunity."
"1111","e4685162e0367ac3","9170b0703da8e1bd626e442b520755d1a5b2655eae2cf1a0a0609f1c07edd64f","Naukri","Executive Opportunity","Unknown Company","Unknown","f4d7538f7ec68c322ef6da49eac16afc65217708f9c242feda1a1eb3add45297","1","0","0","A","No evaluation_job and no materialized_evaluation exists in DB for this canonical opportunity."
"1112","e4fabcef806b2c39","a207cc5426b8f032182bfb56995e19f96bea8c689d8cf9ae6998236a336e908c","Naukri","Executive Opportunity","Unknown Company","Unknown","025e5496d16d0e12a7e7df735d16e2c19707e9b72987d2a1da6c4725c495b747","1","0","0","A","No evaluation_job and no materialized_evaluation exists in DB for this canonical opportunity."
"1113","e63ded8e690bac77","f41e78dc25f109442dd832b188ea344d32bd72fedae40fd34314558ce23c65f1","Naukri","Executive Opportunity","Unknown Company","Unknown","f0c8e2ffd165356eb6c0d0615c7c886b23e0df416eeb7c937807b94de81cb5c4","1","0","0","A","No evaluation_job and no materialized_evaluation exists in DB for this canonical opportunity."
"1114","e7c9361e3b9b9dd9","29ef0bbdccddc602d07a899113921f97db6976b7a9057cf7cd002968063cd5a7","Naukri","Executive Opportunity","Unknown Company","Unknown","ce0e71eeda94be66782446c622393bb1eb1ab4a6d9547ffdf30e034eae489bd2","1","0","0","A","No evaluation_job and no materialized_evaluation exists in DB for this canonical opportunity."
"1115","e841ea4c42bb5c8f","94c10f1ee5f029b318ee960272562497450becdcc25c3fc1368814375f5d9ed4","Naukri","Executive Opportunity","Unknown Company","Unknown","087089306b8d44d860ece87666c9a492621362fbc4656d176d994ad592016d83","1","0","0","A","No evaluation_job and no materialized_evaluation exists in DB for this canonical opportunity."
"1116","e8e1c5437f5d0130","1c6096e1c11b6ae4a0ca026deebde0590b68c50453339d739e1dc400e9a3cd91","Naukri","Executive Opportunity","Unknown Company","Unknown","f9fb4d5ea6dae41dfdbbd876e200a3b33be8bb1a5f510bfa683ec5f691ca2f04","1","0","0","A","No evaluation_job and no materialized_evaluation exists in DB for this canonical opportunity."
"1117","e93f8711eeac379f","dadbba15bccf2ce8c3ba41a5c4ef7551c6cfc661d9d2cf016a5429b50e6c7231","Naukri","Executive Opportunity","Unknown Company","Unknown","05a25797acd8d8d09c59b52bd8af7b158f064123b5175fd471c33e2db4c15c07","1","0","0","A","No evaluation_job and no materialized_evaluation exists in DB for this canonical opportunity."
"1118","e94720f94160046b","7ef98d60d023d2e66fbce2d65d7ec74fd9b7060fc0e463450c2bdf12de8df0eb","Naukri","Executive Opportunity","Unknown Company","Unknown","78b25c9263cfa00cc17567d02f5bed6103ea45ace741711578fbf58488e3d2fd","1","0","0","A","No evaluation_job and no materialized_evaluation exists in DB for this canonical opportunity."
"1119","e96e4a4375579f28","3f036a675773dba9eb84d510bf18d1f4db450b93703033d8488fdfb978850927","Naukri","Executive Opportunity","Unknown Company","Unknown","0e9bcde5ecab411245cb3d7d418ad91635a76632589a5ab6b50fa808facc2f29","1","0","0","A","No evaluation_job and no materialized_evaluation exists in DB for this canonical opportunity."
"1120","eaa3aa3ea59a3aaa","6113cadba8deeaee59c2d2ee610a93b85c87b244a066b7033ba1c80210f770ec","Naukri","Executive Opportunity","Unknown Company","Unknown","631655be9e4742798264d532f27b457910f6b75bdcef1c86f508b3f55d347ae6","1","0","0","A","No evaluation_job and no materialized_evaluation exists in DB for this canonical opportunity."
"1121","ead833cb2cf43ea0","1bbc4482987572c8a7a84970d20df390a20c42edb37d515b25061fb36c9d1d59","Indeed","Executive Opportunity","Unknown Company","Unknown","feca886b78ee916f87d88cea31d251a4c64af5599d3f9dbe6d29488252c5e6aa","1","0","0","A","No evaluation_job and no materialized_evaluation exists in DB for this canonical opportunity."
"1122","eb05b6e5b7e1ca37","b08c3700228320c981bf26f6eb8e9cdfa5e32acdcdd38851517d106ed9d15e56","Naukri","Executive Opportunity","Unknown Company","Unknown","c3f22bec578ff617b5cfa85aeb243bede094512d3de636f85b5973d304094c14","1","0","0","A","No evaluation_job and no materialized_evaluation exists in DB for this canonical opportunity."
"1123","eb5d4053867c6af3","7d209b8d69d3cc27df0117e2966abc06aa2284e334792a48463ad6d2e0eb5b51","Naukri","Executive Opportunity","Unknown Company","Unknown","f06e50d0263d9fecfdfc794fefc273706ad7ee3511e0e95aa768ddcd7d503d95","1","0","0","A","No evaluation_job and no materialized_evaluation exists in DB for this canonical opportunity."
"1124","eb980b98485a73ad","473e94f0d25b6a049b4877800997ef41cccf59a052d286caead2675885962427","Naukri","Executive Opportunity","Unknown Company","Unknown","462e6af1999aed7bcf9d42d617a92a6f48a719011a67bb3dba15bd397b546bd0","1","0","0","A","No evaluation_job and no materialized_evaluation exists in DB for this canonical opportunity."
"1125","ec21c1f04393cdb2","17b59ccba52b8722fe7324290964e40301e2963123e9cde64222cccd86007313","Naukri","Executive Opportunity","Unknown Company","Unknown","8ac12f80066379546990e6ce6e711faed416cc1d223a97e45af91abfc9c1e720","1","0","0","A","No evaluation_job and no materialized_evaluation exists in DB for this canonical opportunity."
"1126","ec7c9b675b33821f","12f7bcc4b702a55d849993c3248a94972c7d9381a796961c3d07c6e1f0f8958e","Indeed","Executive Opportunity","Unknown Company","Unknown","e652d2c6c83eadade6429e093e3176d8f9fdb849c4da268fe63426cbccce322f","1","0","0","A","No evaluation_job and no materialized_evaluation exists in DB for this canonical opportunity."
"1127","ed22c1555049c811","f9e0dc86b528a2b7a32e25d76d52fb1c4dc0d60131adb72cc35557529d062cb6","Indeed","Executive Opportunity","Unknown Company","Unknown","82f67620db899d26d97cfbb1c1dea271b6d4bcdb7505e769ad154b25e6fdc097","1","0","0","A","No evaluation_job and no materialized_evaluation exists in DB for this canonical opportunity."
"1128","ed3a483a47a31947","f2fbea1886a12f1eff3e534119fee42947f85ab8b8bba1e5d543e0e57cbcb9c2","Naukri","Executive Opportunity","Unknown Company","Unknown","585addf96f0fdcc358db14d7400f02c56477b9e4828e8cf9143c83b97040b95a","1","0","0","A","No evaluation_job and no materialized_evaluation exists in DB for this canonical opportunity."
"1129","ed86eea273e6d787","9be6b0a72e6599a49797a3117b6e84eedb9397d12120bbbc622c101dd005a682","Naukri","Executive Opportunity","Unknown Company","Unknown","f6ab0f2c8f8d090006a9077df869a865938142d8c5f8c66384c1a6ce0ab9ef27","1","0","0","A","No evaluation_job and no materialized_evaluation exists in DB for this canonical opportunity."
"1130","ed977fd77ab76b68","c0eb284f636dbfb4acdf85d4463c99cd7e4e256286bf4eb458d2eff82e5ad512","Indeed","Executive Opportunity","Unknown Company","Unknown","d17977c40481b5544330f40bdfdc400c67658a2dee1e498ad8353087ab64b691","1","0","0","A","No evaluation_job and no materialized_evaluation exists in DB for this canonical opportunity."
"1131","edb78a1aa5fde22c","fba8b016574d757d35e7b9dbdb62ae9e13979ee28c17455e20b0037ffc6fac44","Naukri","Executive Opportunity","Unknown Company","Unknown","832f7cf44f2eb0772ec3135539e27b0fa4a30df42b53acdcda5560b6ccc681bf","1","0","0","A","No evaluation_job and no materialized_evaluation exists in DB for this canonical opportunity."
"1132","ef871d98e3f4f3e4","637dd04ed7b8723cf6314564509c75f9590649617eeef03f7752fdd621b59912","Indeed","Executive Opportunity","Unknown Company","Unknown","bf85193eaeaa2d92c003d42a6656e397d01637020b54b32d7e62fc87a5cd77c7","1","0","0","A","No evaluation_job and no materialized_evaluation exists in DB for this canonical opportunity."
"1133","efe057cd2cff6884","4a65a5a30a452634fe83c11c9631963fe52ed2a48e5097c84a888f4cadcb7ecf","Naukri","Executive Opportunity","Unknown Company","Unknown","ebcc274bbc30b35b0f38c43b869de3449c9c9d2c0f96051328cd8f2efcbdb6a4","1","0","0","A","No evaluation_job and no materialized_evaluation exists in DB for this canonical opportunity."
"1134","f32f226102c256d2","8b2ea589156ce8d4eef217dcde4c52b0e2e62c26dafea2ebb79df9f57857ed97","Naukri","Executive Opportunity","Unknown Company","Unknown","6f8de7e1e8881439d617e942ca2b03e49eb4a7f95feb4ce4cfca9116c6cbba99","1","0","0","A","No evaluation_job and no materialized_evaluation exists in DB for this canonical opportunity."
"1135","f3c4ed542e073555","d8a09ea9ff44f7d89b54762e69ca6fac815b47dc702d1ba06dcef404dff7f83f","Naukri","Executive Opportunity","Unknown Company","Unknown","dceede3070f5b622232584aea5d61e816cb469fdc5458b8873352bfb1cf7bbc8","1","0","0","A","No evaluation_job and no materialized_evaluation exists in DB for this canonical opportunity."
"1136","f46711d638297eee","975c3fd70bbd7397693bd2210ce2019687a5a1f3b30134f2deb807378ac3a5b1","Naukri","Executive Opportunity","Unknown Company","Unknown","3388be2d97eb695b77531e9bfd4e80b125151a869d8da79ed148293114a8954d","1","0","0","A","No evaluation_job and no materialized_evaluation exists in DB for this canonical opportunity."
"1137","f5977c2084727e69","6d86db91b92f1751e547fa11ac934c77f659a966f6b42c578dca6398d8910e3c","Naukri","Executive Opportunity","Unknown Company","Unknown","4ef04fd9a67e68c8ea09568ed763ca2e699b20b475a5d97bf0ab643d075e88b4","1","0","0","A","No evaluation_job and no materialized_evaluation exists in DB for this canonical opportunity."
"1138","f5bd39c4edcd68f4","c1928d044fcd074dab5a8be92b079ce55a55d488302de88cc053f6ae18b72665","LinkedIn","Executive Opportunity","Unknown Company","Unknown","c50c2c93bbc28d53144b474c48a84e7b450c9b7fb0939b708947bfe38dce3e2b","1","0","0","A","No evaluation_job and no materialized_evaluation exists in DB for this canonical opportunity."
"1139","f71767ae428c86f2","d16f089f73c603077cf4f2fe2926b742089da2b2859fac990e5627e865dee1c5","Indeed","Executive Opportunity","Unknown Company","Unknown","7e044710285659f88a1c26779f5c610aa2b370a945e0dd07b9317f6a3fc391e2","1","0","0","A","No evaluation_job and no materialized_evaluation exists in DB for this canonical opportunity."
"1140","f76d677edf413d3c","66402ac540c4d09a2a2b4891d103b811c9542e6f3c2f7ef3935ddd483b9661d2","Indeed","Executive Opportunity","Unknown Company","Unknown","0ba5f42c62bc3031cfa35ab0a876458f1e45c74d23cf99eb9f48b8a0bccd151e","1","0","0","A","No evaluation_job and no materialized_evaluation exists in DB for this canonical opportunity."
"1141","f791fbffbe838d5e","782dc3f11a41ca274cef1e01688b4f21106240a9404342d44c9505272015d069","Naukri","Executive Opportunity","Unknown Company","Unknown","5bf49aea10ef86ae2fa5cb6e3e590011a60181396e47a3ee8e0142f621ab6661","1","0","0","A","No evaluation_job and no materialized_evaluation exists in DB for this canonical opportunity."
"1142","f7cf2ad00f6c97b7","89e2e590a012963aaf9304a034523d8de5c94c50c4c65517cdaa152a0c9d90fa","Naukri","Executive Opportunity","Unknown Company","Unknown","eb626f80f43d35e22d3c2abe3faab2e4036f3e5b923e241a1bb0e28103f83557","1","0","0","A","No evaluation_job and no materialized_evaluation exists in DB for this canonical opportunity."
"1143","f8428cb0585fdfd0","b7725c557b46a79f8ed9e6b6ac2254bdae65f60d6e68ae3c19eb76f75eba823f","Naukri","Executive Opportunity","Unknown Company","Unknown","0a6fa4ddc2cf9837948ec4538e0e8bbd3c835d0136b1afc6408233cc75be1278","1","0","0","A","No evaluation_job and no materialized_evaluation exists in DB for this canonical opportunity."
"1144","f8e48b20467cbde5","8a11b9ad22ec5e70c31e80c3127702a1710d0abd3bc6a4e901942a323e169c56","LinkedIn","Executive Opportunity","Unknown Company","Unknown","8bc9c99266cfed7362814b9f344751142d9978dec1a9c4fca5e5734027082258","1","0","0","A","No evaluation_job and no materialized_evaluation exists in DB for this canonical opportunity."
"1145","f8ee027853444212","5c692e85cece4208d7d94504e506d112ee2f0ed53f0bfb97200e44e9d074f49b","Naukri","Executive Opportunity","Unknown Company","Unknown","466dca7b396681124c4ee42616d87e46c537b51c5f19230cf43926a1e5035228","1","0","0","A","No evaluation_job and no materialized_evaluation exists in DB for this canonical opportunity."
"1146","fa484c41dc9fa6be","e92bf827c0358dd6d7c1df6e4232ca4a0e8b6607788c938372d476a77baa354f","Naukri","Executive Opportunity","Unknown Company","Unknown","9cd49e58869230bf7a4511d0b4b20723360b585167bd7cba53816666f7a53aff","1","0","0","A","No evaluation_job and no materialized_evaluation exists in DB for this canonical opportunity."
"1147","fcaf3c7ac8e44913","8c3ae16298a41b523dbafaca8c638d1576d8a03cc997eba6457cf6309b1a38aa","Naukri","Executive Opportunity","Unknown Company","Unknown","4b78a7a18537b094fef48f4cfa09af89f3fd7db1e4ff77f8140178e845dc8929","1","0","0","A","No evaluation_job and no materialized_evaluation exists in DB for this canonical opportunity."
"1148","fcb36b437ec5b4f7","fd48da97e6c4ac80d072548f4cb218c6de054a034f06d6c8495b92554798437a","Naukri","Executive Opportunity","Unknown Company","Unknown","c0fe15114bf4571a5c8da9bf29271bcaaee362ce066fa0b1caa63c6757217c33","1","0","0","A","No evaluation_job and no materialized_evaluation exists in DB for this canonical opportunity."
"1149","fcfd8fdfcfa992f4","d0a42f3bad3458610f2fa996c243997d19e8db154031b5b49ae53c191f0e32bf","Indeed","Executive Opportunity","Unknown Company","Unknown","32d20c98be5e26c124c7e67f5c05a8a222d88d68852ef060e9e9a435f81c953b","1","0","0","A","No evaluation_job and no materialized_evaluation exists in DB for this canonical opportunity."
"1150","fe10588794e2f8dc","70a9430ae9f5021d760de7a245ad5119b136904a4533d35d4c49604c1b244e22","Naukri","Executive Opportunity","Unknown Company","Unknown","dd1ac01ae1bbdca8007e2880a350adbacf9edacab11e4d61414d9e68a5830d22","1","0","0","A","No evaluation_job and no materialized_evaluation exists in DB for this canonical opportunity."
"1151","ff071e419e328f49","53d7bd684d05434f993b3ae7326259090a248796b7a72290c3c51d2ae56eb086","Naukri","Executive Opportunity","Unknown Company","Unknown","f7e86fe8edde51b9574978ae0f051ee06e540e1c3c649862fec8fec14f894435","1","0","0","A","No evaluation_job and no materialized_evaluation exists in DB for this canonical opportunity."
"1152","ff72d52d1e95efc8","adaf97775045a595a625b45b05831c663593cc34c042319b296c779242478836","Naukri","Executive Opportunity","Unknown Company","Unknown","a54fc7278978621096969b4ececab65e69464b212b9cd834a7c9425489b5d023","1","0","0","A","No evaluation_job and no materialized_evaluation exists in DB for this canonical opportunity."
"1153","j-00b1a351d2d0","c369de46987f1133816cbf270ddd3835537f5db48ec009363985155243aaf155","LinkedIn","Executive Opportunity","Unknown Company","Unknown","803057654d78c5ae0d929bf757f75c37effbb23caf8ae36599ea3f0165c99d8f","1","0","0","A","No evaluation_job and no materialized_evaluation exists in DB for this canonical opportunity."
"1154","j-01360b4c63f5","af286d768f1407bbdd935ef50457f310fc1b01fbf17c9c90562f7827ffde2871","LinkedIn","Personal Secretary","Unknown","Unknown","caf7123cb517fd508767b4ae08ff4fa00c8732d0885c5bf7ff370814f6aeb64c","1","0","0","A","No evaluation_job and no materialized_evaluation exists in DB for this canonical opportunity."
"1155","j-084e7f956a38","1f35866d6cff7aaab9caba19cd11483beec96f786d496df97a15aae5269c10c0","LinkedIn","Executive Opportunity","Unknown Company","Unknown","2b6360f9a90a78c2a8ceb10422959210a5263cebaa05d7c22942d6febbadf0b5","1","0","0","A","No evaluation_job and no materialized_evaluation exists in DB for this canonical opportunity."
"1156","j-0d6a4e458806","a88dcdca51253925f46cd8b01e1eb8e8cf0914efa585046b60de6c2d2af041cf","LinkedIn","Inbound","Unknown","Unknown","bf3123f36162efcb84d2592b3f1d5e90dc4845fb94f09d679ca1c07ab3a2d835","1","0","0","A","No evaluation_job and no materialized_evaluation exists in DB for this canonical opportunity."
"1157","j-11a9e886df71","df29eb3469a5a66904de7896bcd0068c4d494ffb452357cc5373b17475b3803f","LinkedIn","Executive Opportunity","Unknown Company","Unknown","747dc65b9ab035c1dee40219bb62927cd88efe4fe873e4a42a9a47fe78c3f099","1","0","0","A","No evaluation_job and no materialized_evaluation exists in DB for this canonical opportunity."
"1158","j-144621ad5564","728ee09fd6c39cb4b8f0e12b943e8abd6524f788e30858bd5671c7cc9c80f6c6","LinkedIn","Executive Opportunity","Unknown Company","Unknown","e47a486c2c0fbb5eeb3f4ffdaed882b87e031acefdf5c78ade0a25e728fd2be2","1","0","0","A","No evaluation_job and no materialized_evaluation exists in DB for this canonical opportunity."
"1159","j-17ac3af70d1b","451feb3860551566a14f8b2f39658d1914e44536a25e637716db55dd791f8863","LinkedIn","Executive Opportunity","Unknown Company","Unknown","0c22839fdd069f5cf555036ac02707ea0cc4190b5fbc8e71937fc457a8ee1417","1","0","0","A","No evaluation_job and no materialized_evaluation exists in DB for this canonical opportunity."
"1160","j-18998397c035","c9e454d215a2bb9191c12b6466ceeb01e765e093ac8bc6be55092538d01f6020","LinkedIn","Executive Opportunity","Unknown Company","Unknown","439fb05862312d3a1bc69bf2709243fad2fd2ccf4e41dcae0cecb022d05dfbed","1","0","0","A","No evaluation_job and no materialized_evaluation exists in DB for this canonical opportunity."
"1161","j-1a0e3f0f3ecb","21146876373ee7884d9eb5decb5b78bd65cc86cfa888093b276060d28f397b9d","LinkedIn","Purchase Manager","Unknown","Unknown","4700b920b3cbc76cba8e0acd19c194791971b5b209e531ac2329620d806d9f19","1","0","0","A","No evaluation_job and no materialized_evaluation exists in DB for this canonical opportunity."
"1162","j-1b45b2c39e9b","5341f1428a1d64231a8e3e10ab7b4ff5d01639d6be1768f702bc8215b47bc3eb","LinkedIn","VP - B2B Growth and Strategy","Unknown","Unknown","d59dce25990ddb8fb4987806d6c67014465e9892875b7848368e94be28fa1b2a","1","0","0","A","No evaluation_job and no materialized_evaluation exists in DB for this canonical opportunity."
"1163","j-21299ce22e3f","9609b2209e42510cda07c0e9cf187f110bd6d1547b3eb19cc541f79dcd2f72f3","LinkedIn","Executive Opportunity","Unknown Company","Unknown","778bbebec6f6193e34fa6c32be3da4791f60d74077cfc816b64dc7afd7c66746","1","0","0","A","No evaluation_job and no materialized_evaluation exists in DB for this canonical opportunity."
"1164","j-223668ca7e62","998c7cb3c53cb6c9eaadb126ea0fa0f70e3a43ea40455bada99f97968ab2ad26","LinkedIn","Executive Opportunity","Unknown Company","Unknown","f9647f39d945fcfd742e2a28682373eb392e07e1d0acb0c105d43af0b858092c","1","0","0","A","No evaluation_job and no materialized_evaluation exists in DB for this canonical opportunity."
"1165","j-25e79185d8ff","d0a22ac96e2aab0e050759f0b7a83bae76a9a43b8ffd61e9c7829f6223b7155d","LinkedIn","Executive Opportunity","Unknown Company","Unknown","a2cfcf9b57512557a4be68eeedfed515225ae5d0826e341cf786fb27f21ad825","1","0","0","A","No evaluation_job and no materialized_evaluation exists in DB for this canonical opportunity."
"1166","j-28201f8b8170","a7ab10e888e6b571a4219b134902ba7c09188f82c841dbc86ba89c5ccede806b","LinkedIn","Executive Opportunity","Unknown Company","Unknown","496deba24f9b9e5854763e9f81346c08e3ab8675878582866e4d041b528e83eb","1","0","0","A","No evaluation_job and no materialized_evaluation exists in DB for this canonical opportunity."
"1167","j-28f153b927db","f54cfa566bbff145f24eec30dda73293c7ed4c05874d088d740b5c3913644289","LinkedIn","Executive Opportunity","Unknown Company","Unknown","a8a10579173a580c46f2f956b12e25039f12f8965a1d55325f5a8444cc64206d","1","0","0","A","No evaluation_job and no materialized_evaluation exists in DB for this canonical opportunity."
"1168","j-2a79f5230441","67c78c341ebacf255be5b8a70844e2fa853479c67d390f9df5dc69a90b82d61c","LinkedIn","Executive Opportunity","Unknown Company","Unknown","fbab1f0c7ce783ea66fd6957b5ed344f403dea5174a221b3d36b81858dff6557","1","0","0","A","No evaluation_job and no materialized_evaluation exists in DB for this canonical opportunity."
"1169","j-32d5a531ff75","49e4b51b3f3855e7b97bb69adb2ae527d0512e72b7ca74fc0b170fa0e4c68a2f","LinkedIn","Senior Sales Manager (SaaS Product)","Unknown","Unknown","5b63bdad858acdb590d4ec9378bd6ba0ab05ebd18c36d87064c3cd472f74fd9a","1","0","0","A","No evaluation_job and no materialized_evaluation exists in DB for this canonical opportunity."
"1170","j-3318be43d60c","d4048e3c6da41e5ced12c84316aa2cf6a3ba154ad20f852ddf8750b775708f4e","LinkedIn","Global Business Head","Unknown","Unknown","e581a307852c44f76c68a173319a4946f77a32a4d5af51c3c4b58dea95ab2cb3","1","0","0","A","No evaluation_job and no materialized_evaluation exists in DB for this canonical opportunity."
"1171","j-3cbec871ccc5","7283660d3994a2eccb9e565b7ce3d3eabd9d42431d296d46a626613cf462774b","LinkedIn","Executive Opportunity","Unknown Company","Unknown","ee895a0a08e520a0059c6a6702dc048ac3d503febd27ab5425363e9f5f22a055","1","0","0","A","No evaluation_job and no materialized_evaluation exists in DB for this canonical opportunity."
"1172","j-3f9d7aa74c37","d819d1cc9a3b051a36ffe496347aedba9c678a013f704b29c7a1035acdfda41b","LinkedIn","Executive Opportunity","Unknown Company","Unknown","78a2c97a1582ceb3ec50c58812aeedf3bb9f6e2b4161708a0a67fd696db2d623","1","0","0","A","No evaluation_job and no materialized_evaluation exists in DB for this canonical opportunity."
"1173","j-401f2c0b6b87","8530f383fba17a92f27393cff3ca95aef3e50a32b031a402bab67c6214a623d6","LinkedIn","Executive Opportunity","Unknown Company","Unknown","3e35bb31f21defa05a3ca235ab3682dd03a107055e41b6335107a386c8984975","1","0","0","A","No evaluation_job and no materialized_evaluation exists in DB for this canonical opportunity."
"1174","j-413bb535557d","bb5428e12185575b86eba150da1df4af11f95b8398e08f1c68568820829e338d","LinkedIn","Executive Opportunity","Unknown Company","Unknown","6fd6e7fa7b453cb52622ff4b4f9ba3f4c98a4fc12eea9c464b8e521b03614353","1","0","0","A","No evaluation_job and no materialized_evaluation exists in DB for this canonical opportunity."
"1175","j-41c2a5146548","e9ea0cfbf8a4a6e25ffa4e304fcd4da33b7f0bf598323c4cf28a677a14430b46","LinkedIn","Executive Opportunity","Unknown Company","Unknown","02f240b051f29cc9d638743d55cef0dc6e7f5cff5d3aca95373f46c5d0a7b61d","1","0","0","A","No evaluation_job and no materialized_evaluation exists in DB for this canonical opportunity."
"1176","j-420dd91c2796","8b2b37d5bb8a2ed8d18e580272233bc5a8199d36ded4e2ba545c76a11302c782","LinkedIn","Executive Opportunity","Unknown Company","Unknown","ccffcf550d674d43c9e7b5a762b4b67783b469fb04168da9d6bf86c711746950","1","0","0","A","No evaluation_job and no materialized_evaluation exists in DB for this canonical opportunity."
"1177","j-4474bf6ef08c","b8c1775527e28ea33757f10c9a59a537f59f503e4d7eb5fb657b8853b0417986","LinkedIn","Executive Opportunity","Unknown Company","Unknown","e4e42b24a3247ec9c605a7deddb89c71a9e236fa93ada63d7aa1b8a80a638bb0","1","0","0","A","No evaluation_job and no materialized_evaluation exists in DB for this canonical opportunity."
"1178","j-4684bd8aa586","dd15a067fd3273eed43a733ec52a2135d507b61aa2dc5d63bf0b10a3d76421a6","LinkedIn","Digital Transformation Head","Unknown","Unknown","5a56d3fd3a0bf35119922db88f98cff040b52569e33e15c7fc579f158edceb91","1","0","0","A","No evaluation_job and no materialized_evaluation exists in DB for this canonical opportunity."
"1179","j-48c772055ecf","d80cdf165cb95de79295bfaf82c7b8157569b034bb80c9b4b3fa0892ae22b9d9","LinkedIn","Executive Opportunity","Unknown Company","Unknown","3b4057180155d7ffb73540f21c58a36e4e24395684d20c682623c7f5d56ffc71","1","0","0","A","No evaluation_job and no materialized_evaluation exists in DB for this canonical opportunity."
"1180","j-4c4ea0a2b2c7","ac3eae6fe0cb0f4c2d72af3196f2b78381557abf38f02b4e7cfcf4cd1efe90bb","LinkedIn","Executive Opportunity","Unknown Company","Unknown","c63d595716d7caa3d46ab7cec19212be415dc27ab7c9a52be840e35d4f460318","1","0","0","A","No evaluation_job and no materialized_evaluation exists in DB for this canonical opportunity."
"1181","j-4ccd0575fb5b","cd0991e4ac38d10ab93db045c23f8e9ae2223d86f846fecf8cd509d82c6edf8d","LinkedIn","Executive Opportunity","Unknown Company","Unknown","d6d7d88ebf01a166afde14911832ca7f63c8d3a33d27579639cf6ba2c0211225","1","0","0","A","No evaluation_job and no materialized_evaluation exists in DB for this canonical opportunity."
"1182","j-52c5be9fb9ab","e1b49851755848db48446dfd407d9948f56465269e878b7f741022169876ed7c","LinkedIn","Executive Opportunity","Unknown Company","Unknown","611f6bdfda05a259de7578b5340a7739018fccc8c3521e2bb26a963e54b31f25","1","0","0","A","No evaluation_job and no materialized_evaluation exists in DB for this canonical opportunity."
"1183","j-52fd0f52a01f","f22340ee3c39df45f9cdcd1594e3377fac9aa0924cce8e6e9ce8b0898db2ddb4","LinkedIn","Senior Marketing Manager","Unknown","Unknown","eb708337f8e7820200e3322fe1b18fb46a86dc99254a28775fd551416f6af96e","1","0","0","A","No evaluation_job and no materialized_evaluation exists in DB for this canonical opportunity."
"1184","j-54e5066c5318","3764932801cfe9c59548000b86fb7ed96203f29649cb56476f93909c03b99753","LinkedIn","Executive Opportunity","Unknown Company","Unknown","5114b0de5bf59a2d58ebb56fc1dd399955877355938ed813d4ad41842c23496a","1","0","0","A","No evaluation_job and no materialized_evaluation exists in DB for this canonical opportunity."
"1185","j-586b699b8149","53f00ef55a3a26615776c5040f969dca5bd4b4c16c15a69f37d1a3997446ccf0","LinkedIn","Executive Opportunity","Unknown Company","Unknown","9bc7287f2e1d53bba10b456149031fd965d6b1740b2b91a3278ce5df529a8c68","1","0","0","A","No evaluation_job and no materialized_evaluation exists in DB for this canonical opportunity."
"1186","j-5a89cab0dcae","e6cf55a932844017b3f6ad06cf3dd972c518de67ba206d49edfb83da31a2583f","LinkedIn","Executive Opportunity","Unknown Company","Unknown","04885e60983401ab56f8a01740f62a9c37bc7cecdfa4eb497a0bca8b65ce3f06","1","0","0","A","No evaluation_job and no materialized_evaluation exists in DB for this canonical opportunity."
"1187","j-5de4372c8785","0a5cb76db72d5fce1e5c9a55a2e5c429d25b3829982dee281786c9f1cb75a307","LinkedIn","Executive Opportunity","Unknown Company","Unknown","1ee10b43db0d34cbd98dd318d4ab70d190d0be07addae378dcbfa21a8d96fa7d","1","0","0","A","No evaluation_job and no materialized_evaluation exists in DB for this canonical opportunity."
"1188","j-5f3e8ffd8db0","6c1a9dd4f37842d36fe42f453be6bff54d5cf793c2bf46367ad07ca8b687027c","LinkedIn","Executive Opportunity","Unknown Company","Unknown","307b44a742467f03169833e0617d0e3e52d752728ee7a0f68a5df1b6f066139b","1","0","0","A","No evaluation_job and no materialized_evaluation exists in DB for this canonical opportunity."
"1189","j-5f40fbc7daa1","46f3072bcafda0035c03bc67fa8b8964e32281783f4b772a127bb173b2e6275e","LinkedIn","Executive Opportunity","Unknown Company","Unknown","cd55a6b1271d598ff9b46e48e3999f795eced574cfe27b0066f33a358e744752","1","0","0","A","No evaluation_job and no materialized_evaluation exists in DB for this canonical opportunity."
"1190","j-662aba92e655","51e53ac80ff8a7001f2bffe841e2f789a3ae21503c3799441e1c9d2a26826c4d","LinkedIn","Executive Opportunity","Unknown Company","Unknown","7d7416f93ff8a93ebee6a9c0a230e80f979bd1fd121927de1893da91c5cea29b","1","0","0","A","No evaluation_job and no materialized_evaluation exists in DB for this canonical opportunity."
"1191","j-66cde4dc88ff","037ef71aeef69c20b52a6e425d609d5d1f51f998d8e83e20af8f6c857bc7605c","LinkedIn","Marketing Head - Telecom Towers","Unknown","Unknown","96148349f53d300187d78f611f5a678ac568d78c2db8b90486549871c0cbfd89","1","0","0","A","No evaluation_job and no materialized_evaluation exists in DB for this canonical opportunity."
"1192","j-6ec1bedca0c5","12690d653bcafc7934b01888ee920ce79d3f515f134e6d6fff037cfd683a994d","LinkedIn","Executive Opportunity","Unknown Company","Unknown","318660180dfb6e496ed05d9272fe70a601c9841ef2909a0c54ea42f88c9981fd","1","0","0","A","No evaluation_job and no materialized_evaluation exists in DB for this canonical opportunity."
"1193","j-71e0e6954007","55a9835cb66337f874d267d19f215e92e14207dff5f9f09b7bbfe4e46af5e504","LinkedIn","Executive Opportunity","Unknown Company","Unknown","0bd54de11ead4775c054070d77df8ddec773b835a8c8ac8c1b962c8492439e95","1","0","0","A","No evaluation_job and no materialized_evaluation exists in DB for this canonical opportunity."
"1194","j-759e2ee82eeb","c1cbf9fc61c5be0b49c24d4afe0de7f65ce82164edd6222b957ac653680d6ceb","LinkedIn","Executive Opportunity","Unknown Company","Unknown","15ca46d9a4001d4cecada3295e32115aec569c49c882552b3d2e9a004d8b04f7","1","0","0","A","No evaluation_job and no materialized_evaluation exists in DB for this canonical opportunity."
"1195","j-76426986283d","360518b25be64e380d1ebdcbf62a2a6052cf28084f49b8ca96321e1758c6f538","LinkedIn","Executive Opportunity","Unknown Company","Unknown","e42a09bf459d47ee1f5f06fec11b8bb2c5370eb326df09bf2683ed048e20bd49","1","0","0","A","No evaluation_job and no materialized_evaluation exists in DB for this canonical opportunity."
"1196","j-76f82d36918f","257768df8a8d7ae835ef42c3f1bf9a518a5afbb52103ae231946a56e208c22e7","LinkedIn","Executive Opportunity","Unknown Company","Unknown","eb4e3e1ab2d7b8cd2141197f1d04cc61b2c393f89bd8167d5999b13de30fadfb","1","0","0","A","No evaluation_job and no materialized_evaluation exists in DB for this canonical opportunity."
"1197","j-77910419ab9d","4faed492e7b115d28c842f6868f5b5529b4740857fa3365f8a37b95a760a0b60","LinkedIn","Executive Opportunity","Unknown Company","Unknown","7f0c903b6c998cc2adf18d738cfea873154eb161288baa94e00994132ae4360f","1","0","0","A","No evaluation_job and no materialized_evaluation exists in DB for this canonical opportunity."
"1198","j-7820b0916ecc","5aa834d3fa681ec237807f5ccb1b82e2c7cb734e3eb8d92ca12e7cb03b190d7d","LinkedIn","Executive Opportunity","Unknown Company","Unknown","bafcd03eafa39b747383ffe9a1e4a403cbd0cf578a7e08de892f2b22a272fad3","1","0","0","A","No evaluation_job and no materialized_evaluation exists in DB for this canonical opportunity."
"1199","j-7f0c52ab39ae","35e34a4fc8459c67c044978b61e54ea3d8a280f85756a4399a99d0815ce5ed97","LinkedIn","Executive Opportunity","Unknown Company","Unknown","64c4860df7bea4464ec05016bb1ef3ce11aa8a1e4edef2321b3637b209a92185","1","0","0","A","No evaluation_job and no materialized_evaluation exists in DB for this canonical opportunity."
"1200","j-7f4bdb03ae9b","1a6ef6eb91ef4e39056f4779580eb57e4ee0759de4cf4b2f87f6bb445ed7c73f","LinkedIn","Executive Opportunity","Unknown Company","Unknown","796fb3e61253321311800f6ba7857d5777777f4908b05fc0fed5c84a88d270eb","1","0","0","A","No evaluation_job and no materialized_evaluation exists in DB for this canonical opportunity."
"1201","j-819f0c5f98ac","c75f101375731c2fcad02fe7a33fff4a0a57bfbfb492e55e025a1611604257ca","LinkedIn","Executive Opportunity","Unknown Company","Unknown","1f07a603fbb0159ddc8f7e5f12ab874f704336e4524785fc931193e0f7f5c7a4","1","0","0","A","No evaluation_job and no materialized_evaluation exists in DB for this canonical opportunity."
"1202","j-86480f3aeed8","1387117f4ff49a15c0a899e5e4ddf5aa4069dbe1233e3108e6d09fe0663b386d","LinkedIn","Executive Opportunity","Unknown Company","Unknown","e89d6d9a39193f49017678afe2f6462c87dc7f362d50ab4eeb509b42ee339c79","1","0","0","A","No evaluation_job and no materialized_evaluation exists in DB for this canonical opportunity."
"1203","j-8b9bdedfd182","3d409c72377a7f66e2f8de781a7c35a8ec9a526500d382263005004cf2c91565","LinkedIn","Executive Opportunity","Unknown Company","Unknown","34481c9620dd770cdd9a30f33f52c4462a7a6ec607bd9699627a54d387419985","1","0","0","A","No evaluation_job and no materialized_evaluation exists in DB for this canonical opportunity."
"1204","j-8fec06130457","1a10b2caaa42f45b141471cb0714bfa5a510452fe118f274871643589692d0ab","LinkedIn","Senior Production Executive","Unknown","Unknown","c24a045258fbb1cca20fbf7f5366c1f6303c3ad0f39d538c28704e54bef1cd33","1","0","0","A","No evaluation_job and no materialized_evaluation exists in DB for this canonical opportunity."
"1205","j-9099b0914609","5e927d3f2778be010edc30dc214e4d19f8fa173d0b8366edb2d2cd00395ba4c8","LinkedIn","Executive Opportunity","Unknown Company","Unknown","a618c3f7ab2a19381ca78cee554ea31833ae8cfbfda3cbfec97c9c4744e480ad","1","0","0","A","No evaluation_job and no materialized_evaluation exists in DB for this canonical opportunity."
"1206","j-97cfbaa9ab6f","2dfe38a836bbab4d7ba4e47a06e898edee3df4b650388a41206de5f36803e835","LinkedIn","Head-Enterprise Analytics","Unknown","Unknown","9b98100fbb01b4597fd3646599981c75e349da7afa203efd8b6173c1234ff85f","1","0","0","A","No evaluation_job and no materialized_evaluation exists in DB for this canonical opportunity."
"1207","j-9bc1610fec69","716218e46a7dcd7cf54780cb304ba128601e0f39d1e21290faaecc31a01b1265","LinkedIn","Deputy Manager - CD - Growth North & East","Unknown","Unknown","028d0a97662aab11f7ccbc185bbe45bea262f2f88bd0a59d6b060c7a2829e161","1","0","0","A","No evaluation_job and no materialized_evaluation exists in DB for this canonical opportunity."
"1208","j-9d9e01afd180","af17dd8bae943e897900c3aa24e87a47231a50f2aaae418ac130baf6399ce7e4","LinkedIn","Executive Opportunity","Unknown Company","Unknown","8d8da0aaf6def51b0b2dbfd03f9377d6a06002d780f55e0d10132ec45ee0e197","1","0","0","A","No evaluation_job and no materialized_evaluation exists in DB for this canonical opportunity."
"1209","j-9dcc51bd2fd3","b3760a8941e40e6463ef6c87bb7c39aac5551e2297c8cac63fcdede8dc672006","LinkedIn","Executive Opportunity","Unknown Company","Unknown","ca9913f158582c6d9925ad3aedfa9979c200b63e9fd6e9dd5a94651cb7df4159","1","0","0","A","No evaluation_job and no materialized_evaluation exists in DB for this canonical opportunity."
"1210","j-a15be8d8622f","418ede90954e60ecf71b93266699d5514c8da4e667724e440c4fa222da70528a","LinkedIn","Executive Opportunity","Unknown Company","Unknown","3c015f10cd3b8e348dad77c6261a17279df4b6ce3b90a2d5674bb9305c000835","1","0","0","A","No evaluation_job and no materialized_evaluation exists in DB for this canonical opportunity."
"1211","j-a6cd3a2463c9","29bfcdf4d11a831682b760f644ab399e3388cd96412b0115d12625f10baac60a","LinkedIn","Executive Opportunity","Unknown Company","Unknown","6175503aa88cdc273524d366bee9379358bef74285a07873a5780e7dfda34600","1","0","0","A","No evaluation_job and no materialized_evaluation exists in DB for this canonical opportunity."
"1212","j-a90c3554c634","bb6d6868ccb7f5ccb540860514269815a3247f524952d72153e849cdb1105659","LinkedIn","Executive Opportunity","Unknown Company","Unknown","8bc7ebb64d3566bcf4938c1300d610eca6369c1efaf0d8200a47bdf97e27fea5","1","0","0","A","No evaluation_job and no materialized_evaluation exists in DB for this canonical opportunity."
"1213","j-ab73a129c63b","a891424fceabc65b1a7641994a001a7701fac4a87ee8d346cb1ecc8ee3d91ab1","LinkedIn","Executive Opportunity","Unknown Company","Unknown","53948c3c681a42dfb9f5dcf39c1c984cd9c81bf590890457becf16b2e0594cc7","1","0","0","A","No evaluation_job and no materialized_evaluation exists in DB for this canonical opportunity."
"1214","j-af95673a7d7e","73158476f621acb3cd5fc95252df7b6e1452036e4a7c9c4a1b8c59b730d22619","LinkedIn","Executive Opportunity","Unknown Company","Unknown","0159595856f21e48b63c8d75192df093c60fc24cd3defa25da0cbd56f862ff7b","1","0","0","A","No evaluation_job and no materialized_evaluation exists in DB for this canonical opportunity."
"1215","j-b6076f849389","a5e9122b64a7f1e49dbd767f3906cf3e1c337c24667e72aa8335da8129ffa402","LinkedIn","Executive Opportunity","Unknown Company","Unknown","13fc18477ee1f51cabe991ea5cf854915765c22327882d92d6b615026da314e9","1","0","0","A","No evaluation_job and no materialized_evaluation exists in DB for this canonical opportunity."
"1216","j-b6cad98b6d8a","14a2cbe8ac26532b988ab84e6071964c03fefd86f86cf5aa6cc69edc497d612b","LinkedIn","Executive Opportunity","Unknown Company","Unknown","7ee1aed8a2471922e5164664a495cf1aaef7980b0f04dfa9d839801aea6ad15f","1","0","0","A","No evaluation_job and no materialized_evaluation exists in DB for this canonical opportunity."
"1217","j-b945c38dfc05","a45319c759a1073a91dfbe987e272fd38b0066ceb340d4ddda18a3051a151474","LinkedIn","Executive Opportunity","Unknown Company","Unknown","b5fbd87725e903b4018226becab14be61402a16ddb59da340a16f9bc64b3ffb0","1","0","0","A","No evaluation_job and no materialized_evaluation exists in DB for this canonical opportunity."
"1218","j-be6f5d38b60e","e013bd11f9a5438043e80f1a1ab5b26d905f870a6482a8b16ec34b6409f37495","LinkedIn","Executive Opportunity","Unknown Company","Unknown","abb5f6996e82095df2e90ad99c860a80fa2685c4288b3a4dd95c73561ab7f55c","1","0","0","A","No evaluation_job and no materialized_evaluation exists in DB for this canonical opportunity."
"1219","j-c7f682a0293c","ef6c497db231a91546d4e520643c8401e1bad85dfa4d640ebe64127e6d7dec19","LinkedIn","Executive Opportunity","Unknown Company","Unknown","53a3572211f0d4c1aa40233db35140808f82e13748b37da5ff149b007ea5a13b","1","0","0","A","No evaluation_job and no materialized_evaluation exists in DB for this canonical opportunity."
"1220","j-c941fd64a29d","8aae0044e1d3b85df5875ee51175c81209ed544151eac60b9753680cabd9159e","LinkedIn","Executive Opportunity","Unknown Company","Unknown","635a7e936294ad3613a207f4470538da490806fcaf6dcec7dc6fea6ec57c389d","1","0","0","A","No evaluation_job and no materialized_evaluation exists in DB for this canonical opportunity."
"1221","j-cdda239800fe","77796380da0e00d2e31c1ecf5260389d67400a1df19290f487a4bc1003be55aa","LinkedIn","Marketing Manager (Remote)","Unknown","Unknown","136e6646bb9c0fc8d77b0a94ca8860931d00ba5d45c894c66fb6aca9391e36b2","1","0","0","A","No evaluation_job and no materialized_evaluation exists in DB for this canonical opportunity."
"1222","j-cfd6100edcc3","7faeaec7e4f4a51145c4e1e73c8f9d777d50f18070e55b715749559b1fb002bb","LinkedIn","Executive Opportunity","Unknown Company","Unknown","acd7286f8848fcf11416c931c702a7ae7ec46cf5314848b16b8421c22ab0108d","1","0","0","A","No evaluation_job and no materialized_evaluation exists in DB for this canonical opportunity."
"1223","j-d954bd7fef8c","84f0ba3bdaa69f1d60d2df2da04f201a8f991facbfee9bac0a3213797ebcb99c","LinkedIn","Executive Opportunity","Unknown Company","Unknown","96557603b2473cf9d06927ba8eb0596f19f0ffa2d7902742fe19a133a33063da","1","0","0","A","No evaluation_job and no materialized_evaluation exists in DB for this canonical opportunity."
"1224","j-db5538f33039","fe35d1a1eab3503f6e8416ec9a91ea9608996a6490c44c7389dbd2cfbb2a8f4b","LinkedIn","Executive Opportunity","Unknown Company","Unknown","4af8afdce681b694ae2bc153b6d6e05c9a68833707e3e628c3c73c9b664f83a3","1","0","0","A","No evaluation_job and no materialized_evaluation exists in DB for this canonical opportunity."
"1225","j-f04da1f61da5","56e5989e8e8f762aaafc47aade66e8fb251c46adab075bc14bc8010e25e8f999","LinkedIn","Executive Opportunity","Unknown Company","Unknown","93e1e3119aef0906d4a28e87fffb50092204e90bbeebb2170186d3b05a0620d2","1","0","0","A","No evaluation_job and no materialized_evaluation exists in DB for this canonical opportunity."
"1226","j-f0afc6c65e6a","6a145a934f11e344d0ad0da26113be77a6327325d61e13bb043738e205777634","LinkedIn","Executive Opportunity","Unknown Company","Unknown","8db0e6173044ccb51e58c41733f8d3c8f523939abd1af25ebcf82fc4e0b6a56e","1","0","0","A","No evaluation_job and no materialized_evaluation exists in DB for this canonical opportunity."
"1227","j-f2441ca4d38f","61f15be0d54bbda152da2564072e4af3d89555ae70eaab4f95632f15098bce93","LinkedIn","D2C Growth & Business Head- Agra","Unknown","Unknown","b1208a2243c7bde6ce55a837e8f67eb1909a5b10fa12829590e29d5c6bfa7637","1","0","0","A","No evaluation_job and no materialized_evaluation exists in DB for this canonical opportunity."
"1228","j-f3014c8c3347","de070407e26e802b34fb33f6f9aa7cf6813db7d17d9f59c6b6da012c314cdd83","LinkedIn","Executive Opportunity","Unknown Company","Unknown","d4f1fadb0205f7679baba5a43d4ec05dddc3d48449c6233669b6ae027bf75aed","1","0","0","A","No evaluation_job and no materialized_evaluation exists in DB for this canonical opportunity."
"1229","j-f376602afd7a","d32b2897cb3f08528bec1fed18796ee80052e932bdeca7c27a7d2a07c4f9ac1d","LinkedIn","Executive Opportunity","Unknown Company","Unknown","16c8361cc8c46c78025f042585e3497ee56003fba04f89ff20ef81d500117074","1","0","0","A","No evaluation_job and no materialized_evaluation exists in DB for this canonical opportunity."
"1230","j-f41833af80b5","40317bf50eac18dcbabdeacdab3d600c34b09dcff13b9803c46f923159b40d0c","LinkedIn","Sales Coordinator","Unknown","Unknown","d56270cac3bfc8e1c6455c03b4ce2a56dda13e390fd7f60ac142f72faca075d4","1","0","0","A","No evaluation_job and no materialized_evaluation exists in DB for this canonical opportunity."
"1231","j-f55bf4af910c","24f205b6f67268cb5f6ccd6f9279e1f15fffea6d7a50bb06cbfcca11ccf6fa9b","LinkedIn","Executive Opportunity","Unknown Company","Unknown","2ce9cfa2e1a80bf29f031580e1ae67e02a8c93f44cbcb9c931443095fd9a337f","1","0","0","A","No evaluation_job and no materialized_evaluation exists in DB for this canonical opportunity."
"1232","j-fdd2f097dae0","3d12b5f096e2411deab9114ea9989e31a80c632842a4c9f94239f9504d4a463e","LinkedIn","Executive Opportunity","Unknown Company","Unknown","67bf22334d540aa00845d8d3234855bc99f1b0b765b55befb65d83e74e2663de","1","0","0","A","No evaluation_job and no materialized_evaluation exists in DB for this canonical opportunity."
"1233","j-fe9a71708407","cc485e3aa72fb792873d6848f1e4badfa0b22e8ee9aabefe93c6f9567a490d62","LinkedIn","Executive Opportunity","Unknown Company","Unknown","2a9b9ca04ebb43ad311e4b30b9339c9c7a01916928943c2e7c450d25f0129333","1","0","0","A","No evaluation_job and no materialized_evaluation exists in DB for this canonical opportunity."
"1234","j-fff91eda5850","e09f5a9ea5a3570566cdbc90d7ceff58bc0f80b332f6bca4e86546b16ca41154","LinkedIn","Executive Opportunity","Unknown Company","Unknown","66eb6b73b3c47f6b968d4f5dc53ad9656dc4fde3381ba6cbcdb82081fdf57386","1","0","0","A","No evaluation_job and no materialized_evaluation exists in DB for this canonical opportunity."
"1235","o_10347d03","64525daf28763112194e6390c68143eed59d6b7d3761f94357b98a37ecd39152","LinkedIn","Vice President - Marketing","Unknown Company","Mumbai, Maharashtra","753802081193c279355489ef9cbc9078bdbf3af8155f599f85e9c626db5628b8","1","0","0","A","No evaluation_job and no materialized_evaluation exists in DB for this canonical opportunity."
"1236","o_12c1f77e","7208a2bf6a02d500e997fe1cd640c0e71a5883f97bc69e9742652e9628a9a2c5","LinkedIn","VP Engineering","Unknown Company","New Delhi, Bengaluru","768e69118c42536b9d3e88a42e3f71583fa9c2249e3ac9a60e5a4816cdb26948","1","0","0","A","No evaluation_job and no materialized_evaluation exists in DB for this canonical opportunity."
"1237","o_12dbce8e","366777cd1da554cfc91fcecda5407d6cec29f547d7e3319ac567516f9d8353e0","LinkedIn","Director - Marketing - eCommerce (12-15 yrs)","Unknown Company","Bengaluru","a5c089882e839422d8edb364f3a6c1890abd9679e5cecab340f0f083b77d1078","1","0","0","A","No evaluation_job and no materialized_evaluation exists in DB for this canonical opportunity."
"1238","o_13b2de5","2ae3e4f1bf4bbd244f7f4c7fbd038274d95cca82c2c1fde665e0a9aafdda3288","LinkedIn","MarTech Lead","Unknown Company","Mumbai","f6cbb29cf1fd1e2b72ce83943f4348d2b4e31aebec3a4b5ef33ec72201fae017","1","0","0","A","No evaluation_job and no materialized_evaluation exists in DB for this canonical opportunity."
"1239","o_13db88df","4c649b8d07a24a6488fb9ca8e460948e56afcc1ca774fcebe01c2ebcb5498e72","LinkedIn","Head- Operations","Unknown Company","Kerala","93b066ef36a1a1da0f90add4f5c126f9505207af69cc459050bd5c73222117dc","1","0","0","A","No evaluation_job and no materialized_evaluation exists in DB for this canonical opportunity."
"1240","o_14301c9e","15e41fa4c987dbca09c591a6ffb4c546f27a50355ea8b3fcede18271f3d9ddc0","LinkedIn","Senior Director - CRM","Unknown Company","Hybrid work in Gurugram, Haryana","80de5f7ac5566839d8fff978bc685f6df4387f151a075ecfe7387a49ed5b3248","1","0","0","A","No evaluation_job and no materialized_evaluation exists in DB for this canonical opportunity."
"1241","o_14e11b2b","37ec678371f953cb86b996df32d4b5feb9b518d70a8ed97fa70c7044add33349","LinkedIn","Market Risk Director","Unknown Company","Chennai","e124b42c602e77ff3e13be358b2901306a15122ffb759210d59d5e25291a613a","1","0","0","A","No evaluation_job and no materialized_evaluation exists in DB for this canonical opportunity."
"1242","o_14e6ce03","39497dcfc40aad67a5bd182a9e2e5fa561246322d4aa89a03f3e8d7bb98bb457","LinkedIn","Vice President of Global Business Development","Unknown Company","Mumbai, Maharashtra","3571ac7cea81c3f190b9981bee4c73eb3b2a5c43a81773fcbd8b651f22af1b60","1","0","0","A","No evaluation_job and no materialized_evaluation exists in DB for this canonical opportunity."
"1243","o_14f40ede","2b4b21c1df42fd6f630b61972c381e2ab2f7568373641534d749b3b5d784894b","LinkedIn","VP - Engineering (Remote: India)","Unknown Company","Remote","bc448b89a2ed63b9286edbaa502262a91c763ff3094b8dc62b298493edf39d14","1","0","0","A","No evaluation_job and no materialized_evaluation exists in DB for this canonical opportunity."
"1244","o_16ed1f48","c56b744016998265c7d5329a826206b4d8f7e7dd7405373af51ebb8da56a8963","LinkedIn","Associate / Senior Associate /Delivery Lead /Delivery Manager","Unknown Company","Gurugram","4cae058c86c160920f7a9f41d654549656595a2617ef2a584b8edaacc930e0ec","1","0","0","A","No evaluation_job and no materialized_evaluation exists in DB for this canonical opportunity."
"1245","o_1763d479","fd36c2051f4f9002aa05224e42c48b5472b8fbc25f4dbbbf608f7d2e44edfe94","LinkedIn","Manager","Unknown Company","Gurugram","6a8b7f233f3e50196f438617b2f7b2124ef85a17527fa17b480e5d10eead5d5d","1","0","0","A","No evaluation_job and no materialized_evaluation exists in DB for this canonical opportunity."
"1246","o_181254dc","8b235b5eef678308200feb885984f2c235049c03477c6cdf25fb54bcd171792d","LinkedIn","Netcool Architect","Unknown Company","Hyderabad, Pune","8178ea840fe3ecce3a11c3275e445e66bed530a07d304fc01ec073b050399692","1","0","0","A","No evaluation_job and no materialized_evaluation exists in DB for this canonical opportunity."
"1247","o_1820537","b226a665e7a981cd5cc431502f506010eeb8d161504e65ae4b046ed05acf0f88","LinkedIn","The Indus Valley - Vice President - Marketing & Growth (15-20 yrs)","Unknown Company","Bengaluru","9f0cb34c04b089a522d518afee314d7d5e36fa78f4c99ebb32e1ec3c0ab12c25","1","0","0","A","No evaluation_job and no materialized_evaluation exists in DB for this canonical opportunity."
"1248","o_19b4c4ae","ed1e601b92331ab6ecc74fbff502e7f2c9b609c2b4553f5b709b001612278d4e","LinkedIn","Director - Corporate Communications (18-25 yrs)","Unknown Company","Gurugram","a67f765cb24fdf9b42e81e2865b4171972c04c4d1099304b80baa4a3d888dd07","1","0","0","A","No evaluation_job and no materialized_evaluation exists in DB for this canonical opportunity."
"1249","o_19ba814f","765bb79c1f6eabf0ec9edc6d593e9467ae8b3986a46a8765b896ca1eaf6060a2","LinkedIn","Associate Vice President, Strategic Initiatives - India","Unknown Company","Mumbai, Maharashtra","b61bf195bab29be3a06cfaa6e06f3df5b1e29fda311847c64a2000717df86155","1","0","0","A","No evaluation_job and no materialized_evaluation exists in DB for this canonical opportunity."
"1250","o_1a0d572f","7b541159079be4bdf1b9da20ba809e8d154f6dab9468ff2ca5d1db24286aa236","LinkedIn","BMS Head","Unknown Company","Valsad, Vapi, Navsari","93e91de8175e75890892a7c091a53d5b4f25bab61b272738032fe81d6fba147b","1","0","0","A","No evaluation_job and no materialized_evaluation exists in DB for this canonical opportunity."
"1251","o_1a377bdf","20f00c37c6930482baab14eab9b83df639105e4d13aa54614f37584ce8343fb2","LinkedIn","Sales Director","Unknown Company","Mumbai","e6af15ea120a77df55e5868bfc93d4a7bdf1c4eff8293acfda653b42e69a88df","1","0","0","A","No evaluation_job and no materialized_evaluation exists in DB for this canonical opportunity."
"1252","o_1b6ee4a8","919fbee8e22e56a840a276d93680ee99a6733597cbfaf693eac0fa0d96240d03","LinkedIn","Head  Steel Melting Shop (SMS)","Unknown Company","Gandhidham","7cd21e45af33481eeb945330235a29a77c510a5647952760c7122310bcb7705a","1","0","0","A","No evaluation_job and no materialized_evaluation exists in DB for this canonical opportunity."
"1253","o_1e168959","b836f19fafcb9277278af207b0421f857b500e1e9d65d32b7eec45b2a4c88b80","LinkedIn","Hiring For a Vice President - Finance & Accounting Solutioning","Unknown Company","Delhi / NCR, Kochi, Kolkata, Hyderabad, Pune, Chennai, Bengaluru, Mumbai (All Areas)","c18fc720b01159026c2dbb34c6bc469477159d7bd1794d1eaa3f4138675b4763","1","0","0","A","No evaluation_job and no materialized_evaluation exists in DB for this canonical opportunity."
"1254","o_1e1e329f","0044b588560087846581a32f4b4caa9baeae5e9c99d67c11960f980f897f93b8","LinkedIn","DCF Lead","Unknown Company","Pune","2254f7fe7b8a68bc706c667cf0ee4669d75dbc2608347d34febafc61b03f6df0","1","0","0","A","No evaluation_job and no materialized_evaluation exists in DB for this canonical opportunity."
"1255","o_1f6de219","7550b110f0c2471411e8897faad966302c59517081852cc0ec5658d5d2c40f2f","LinkedIn","Chief Technology Officer (15-20 yrs)","Unknown Company","Gurugram","625ce8d5082fdf5d266c1b01ec444ff37ba70d5df7c04177360679e5ff241198","1","0","0","A","No evaluation_job and no materialized_evaluation exists in DB for this canonical opportunity."
"1256","o_1fe34337","5f6ce7e16a48efeebd8e36e0e3ebb120d85fa9937081939c5f656a128279b46e","LinkedIn","VP, Employee Success Business Partner","Unknown Company","Bengaluru","3b75fd54ef31521eaac4ba8b0986f512aed099a7fbdd3726e417ed390a51067f","1","0","0","A","No evaluation_job and no materialized_evaluation exists in DB for this canonical opportunity."
"1257","o_227930bb","19cf4da7a3c52e467b89ce6cb571ea5252794036fc5dfd2f25a73139700fd06a","LinkedIn","SeviceNow Director (16-25 yrs)","Unknown Company","Gurugram","6a85ec4036940ab6ade98bc5017767d9c6e34ff2efd98ad76ff4fc8738abeba6","1","0","0","A","No evaluation_job and no materialized_evaluation exists in DB for this canonical opportunity."
"1258","o_234fd9da","d2a7d668c1944f14d9360b366a1abe3df082c04e21b24fa08ccb7b54ff44aa39","LinkedIn","ACN S&C-GN-Strategy-Corporate Strategy & Growth - Manager","Unknown Company","Gurugram","1f1b30a68fb4ac1f90d6f2f796aebae52ec5f3afbddc247ec8b78842dc6faad5","1","0","0","A","No evaluation_job and no materialized_evaluation exists in DB for this canonical opportunity."
"1259","o_23732273","b546e1874e4d2f5f1834d56be80366e735c90adcd5cae233dd9818f306838dc7","LinkedIn","YesMadam - Vice President - Supply - Onboarding (8-12 yrs)","Unknown Company","Noida","22f271ed5b3efb8fb9277e51806b292b0889bae3f51b5ebb19281343b501feb0","1","0","0","A","No evaluation_job and no materialized_evaluation exists in DB for this canonical opportunity."
"1260","o_23d1f15f","621a6e79f7acc4f81ff9a0605a9cf79115b66a1813da56e36252f33d32ef401d","LinkedIn","Tescra -  Chief Marketing Officer - SaaS - AI/HR Tech (12-20 yrs)","Unknown Company","Bengaluru","abd1663c2ab4a4b6a5fb8f271fe14ed66a8a1a5b41e80da0d9823fa63760d6bb","1","0","0","A","No evaluation_job and no materialized_evaluation exists in DB for this canonical opportunity."
"1261","o_26375df3","230322fffbd559693f04cb32565ad6182754e57fd3ad476e484f21f3ac159be0","LinkedIn","Assistant Vice President - Customer Relationship Management","Unknown Company","Mumbai","0a4f14a02c5efade6b036a61e1a320a30f4303617c413719dbebf839eee75092","1","0","0","A","No evaluation_job and no materialized_evaluation exists in DB for this canonical opportunity."
"1262","o_277b1fec","2ec7e02113793f347fc3f766eededfb72314fafa942c6851dca3b0081ed4a05f","LinkedIn","Medical Director/Sr. Consultant - Oncology","Unknown Company","Faridabad","67bef09ffc1396fae0e6efae110600c2702689c73d8b1dc3b905503d1d1b6e2f","1","0","0","A","No evaluation_job and no materialized_evaluation exists in DB for this canonical opportunity."
"1263","o_27a76849","9acdf53b07f2ee903ab2abae136fc96caeca1cbfbab6849191546eea7580a043","LinkedIn","Chief Operating Officer (SEO Marketing Agency)","Unknown Company","Mumbai, Maharashtra, India (On-site)","ed5b274e0e68c20c7896319b38340b5d564ac54c68227205ecd5af2406b56ee0","1","0","0","A","No evaluation_job and no materialized_evaluation exists in DB for this canonical opportunity."
"1264","o_28506f9","aa6b2e6aa7d5116fcc25e8598d868b3dadc66d68cafc304ff1722cd83a8fef74","LinkedIn","HEAD OF DIGITAL TRANSFORMATION INDIA","Unknown Company","Thiruvallur District, Tamil Nadu","cc8a20062ec0aa9d4073077dbe87b25f2804e3dd05ba2b4d541c2094fa73de1c","1","0","0","A","No evaluation_job and no materialized_evaluation exists in DB for this canonical opportunity."
"1265","o_298da5d1","bbcc3be21b7c40809262f8e2bb5d874395277a723034bcb4ac6745b7ecd04f7f","LinkedIn","Assistant Manager/Dy Manager - Business Development For CMO","Unknown Company","Hyderabad","bd4b530e255b3ec97628ac5f127b586bb1320baaa9364daf21574073ac50fd79","1","0","0","A","No evaluation_job and no materialized_evaluation exists in DB for this canonical opportunity."
"1266","o_2a29b51b","e0050f2b556706f877a8af92429d106920ee00114bc51212bd5f39839f9268c0","LinkedIn","CFO - Please apply only if You meet the criteria: Respect your time.","Unknown Company","Mumbai Suburban, Navi Mumbai, Mumbai (All Areas)","0d9e512c97fe18bd919b34d6994562bf4343d0612d10b75616e7605def11013a","1","0","0","A","No evaluation_job and no materialized_evaluation exists in DB for this canonical opportunity."
"1267","o_2a6537d0","5f9c73a2fc9b639d1b7f763664672c6030535e9d8269214056fc62f739dede91","LinkedIn","Associate Director_HR Operations","Unknown Company","Gurugram","924229bacf6da9affea2cfe58c56f601cf498d49df766e90248c82de382ff06d","1","0","0","A","No evaluation_job and no materialized_evaluation exists in DB for this canonical opportunity."
"1268","o_2c85d9ae","8797c6954426cec5ebea385047d49c61c6955f661071f06acec271f14d2468af","LinkedIn","AVP / VP - Customer Success","Unknown Company","Ahmedabad, Gujarat","bed546f1d6913fcf56eaf20869ba35b9a1fc82343f4ce1bdd248923daf86b7ee","1","0","0","A","No evaluation_job and no materialized_evaluation exists in DB for this canonical opportunity."
"1269","o_2d88daaf","947ae7be3d531f60bb4afa47aae5d322b73e76e12b0a55b7d9520e7da3cbde1d","LinkedIn","Transaction Monitoring analytics - AVP","Unknown Company","Gurugram","23ea54fc5c8d75559701251754cc8257740d3451c19faf26aedf5079e4621e2f","1","0","0","A","No evaluation_job and no materialized_evaluation exists in DB for this canonical opportunity."
"1270","o_2dee11b0","39f2f5955f3151ffbe097d963849fe4f00f00bd1b8fcda161d0dcf951db04e6c","LinkedIn","Lead Salesforce Data Cloud QA Engineer","Unknown Company","Hybrid - Hyderabad, Pune, Bengaluru","1806e04ece3fff7b6948ba8bfb40a3f25ca4e6e6b63847d18c04b8a9d1713a43","1","0","0","A","No evaluation_job and no materialized_evaluation exists in DB for this canonical opportunity."
"1271","o_30df9c53","c3e6198927aa654d0391b725401ced9960ceea0c86d4eaec1ca6967596ff2ef7","LinkedIn","MD/DNB Anesthetist doctors","Unknown Company","Delhi / NCR, Bahadurgarh, Faridabad(Mathura Road)","23c88ebbebadc4779131c0fc2de7387d4a431910ecd873c6982e83ec83104405","1","0","0","A","No evaluation_job and no materialized_evaluation exists in DB for this canonical opportunity."
"1272","o_32b6179f","eed85955e2089cff9a8c3bc86fa6069337eb8107d2d0abad18fed26cb375b1f3","LinkedIn","Growth Lead","Unknown Company","Remote","a0b1048faca7e8d2b1ca04a06818990e2d70a7dc98bb55284076f2aa98682143","1","0","0","A","No evaluation_job and no materialized_evaluation exists in DB for this canonical opportunity."
"1273","o_346cd102","a61accb650acfb292bf1550bbb43b017be67636197ace7822cd6366cb6546d38","LinkedIn","On Site CMO Manager-Sr Manager Quality Assurance","Unknown Company","Bengaluru(Hebbal)","7b9087d71cff2549c8bab442db5c416e6b9d0c2a25259ede98a540e03b8f266b","1","0","0","A","No evaluation_job and no materialized_evaluation exists in DB for this canonical opportunity."
"1274","o_36df0c9c","c33f19d273b61a4b2c73a4333efaf342a7fc5982df77b6d78cc6b66158718bd4","LinkedIn","Head - Digital Products - Banking/FinTech (10-15 yrs)","Unknown Company","Mumbai","f154a2cf1df7c6af643f5292c4ce72a79e7c0bdb49609a7ab6b5ec2107a34258","1","0","0","A","No evaluation_job and no materialized_evaluation exists in DB for this canonical opportunity."
"1275","o_3b2a757","5ee72acbb4784a9b093faa568022cfcd035097c3ef4886633ccaf32333ed1826","LinkedIn","Chief Technical Officer (CTO)","Unknown Company","Noida, Uttar Pradesh","4b4e99028add519e6fe0274336605f20337a7cfb93f40c7020e06c5ccda2ccbd","1","0","0","A","No evaluation_job and no materialized_evaluation exists in DB for this canonical opportunity."
"1276","o_3b3192f6","0288f3001dac8862f913e2e812514fba51ebd8eb74cd3219194e748be3505c19","LinkedIn","Associate Director - Sales","Unknown Company","Bengaluru","71273672158d5f6129529e6c94258e04926f7cf20402c683335e00f63b8582ca","1","0","0","A","No evaluation_job and no materialized_evaluation exists in DB for this canonical opportunity."
"1277","o_3d124e58","ab938c218e069dd72397946ef753c45d58ea290978858dd9fd343d2fa3c43361","LinkedIn","Integrated Marketing Lead","Unknown Company","Gurugram","fac40f3d0931811666eb1f036ba3db3a5de5fbe49792e48374abda0d278db657","1","0","0","A","No evaluation_job and no materialized_evaluation exists in DB for this canonical opportunity."
"1278","o_3eb29d26","aa2eb3049487cf4f3c13dcf7d4194d741e78d485f791743ce2ba826323cab18b","LinkedIn","Assistant Vice President Markets","Unknown Company","Mumbai","f559d3f8868794cedbaa92828ff69a10e7bb07baba1acc1cad7e7c8f2ca616bf","1","0","0","A","No evaluation_job and no materialized_evaluation exists in DB for this canonical opportunity."
"1279","o_3ec97c16","c511983c3f5991e36e5499f271d0ac5bc49e1df80f9b526d1d94607e69d1811f","LinkedIn","Expert Opportunity - Director of Customer Success ($70/hr, up to $1,400/week)","Unknown Company","India (Remote)","2aec6fb4ec7926b995b7b27c06e977fc272c52b7189d2258e699cc49f0af6ef1","1","0","0","A","No evaluation_job and no materialized_evaluation exists in DB for this canonical opportunity."
"1280","o_3edb47ea","db1e51d56cf2257aa91afa120fd401da5f06ad2156af9579c2ed009f2b4685f9","LinkedIn","Product Consumer Credit - AVP","Unknown Company","Gurugram","99c2d2c2c7119ecbbc7fcc18b0dcf76954ef7a6b64c848d994abeafa30c0a39b","1","0","0","A","No evaluation_job and no materialized_evaluation exists in DB for this canonical opportunity."
"1281","o_3f2d84bc","4ae337c110e9569dfd123551879c692657a700e48fdc26543b5b60a95de7b352","LinkedIn","AVP Data analytics /Business Analytics - US MNC (Analytics)","Unknown Company","Hybrid - Gurugram, Bengaluru","8d8c9159505d9f138d46747d4bab0614ae157950b2bab38b4fe90ba4021b3b9e","1","0","0","A","No evaluation_job and no materialized_evaluation exists in DB for this canonical opportunity."
"1282","o_3f7dabb0","78e55cee62143219346cf77b6efcb44dbff7605e604970027f4e865d716e7ef9","LinkedIn","Engineering Manager VP","Unknown Company","Pune","5a3f4e9abe6406e2abfe0066256487de8657fa840644e03b014e6d877e603b35","1","0","0","A","No evaluation_job and no materialized_evaluation exists in DB for this canonical opportunity."
"1283","o_3fbf33e7","3d51b3f08d1f67bce0a47db3df99241b504b4c4ed09cc8a1af4be20b5b734de3","LinkedIn","Kaleidofin - Senior Manager/Assistant Vice President - Debt Capital Markets (5-9 yrs)","Unknown Company","Mumbai, Chennai, Bengaluru","e7e731e4acc29c0e06ced6a7ce097fa687c10f24c7137617c261e3ec973e2df8","1","0","0","A","No evaluation_job and no materialized_evaluation exists in DB for this canonical opportunity."
"1284","o_3fe23d1c","d1aac6100423045c01b591170dd7502d694107463a42782bf817861ab9d91d81","LinkedIn","AI Consultant / AI CoE Lead (Pune-based)","Unknown Company","Pune","71eaeb0d283635421ab3d65aaee34bebe205cbcaea00c30f1fdf6c6a0f121261","1","0","0","A","No evaluation_job and no materialized_evaluation exists in DB for this canonical opportunity."
"1285","o_40a74497","2f2cf6cc3fdb28e06d93cf752c22ac57452dc4928b48ba629c9d8a3439fc142e","LinkedIn","Brick&Bolt - Chief Marketing Officer (12-16 yrs)","Unknown Company","Karnataka, Bangalore","6562ad93c5de19f7d77142d7c654da9b243e957710ddcbe929dec9461783ebdf","1","0","0","A","No evaluation_job and no materialized_evaluation exists in DB for this canonical opportunity."
"1286","o_40dead42","7f9aae0464914e3b4e4685ad7faff99be41f947bb004279423e7ee7f7f11e8d6","LinkedIn","Head - Customer Insights","Unknown Company","Mumbai","4b901e794c79bf677f6c50c579670b3805097e81def213ec92cbd2c6274dbd61","1","0","0","A","No evaluation_job and no materialized_evaluation exists in DB for this canonical opportunity."
"1287","o_4309ef6b","a3c2bfc021194ebe320eae04771ef62b3c7e0bf8ce764b60367bc871252966a2","LinkedIn","Enterprise Sales Account Manager","Unknown Company","Gurugram","c4f9ada32b952c946969b16e076f1bbc6d47db07df63de2b30944434674615ab","1","0","0","A","No evaluation_job and no materialized_evaluation exists in DB for this canonical opportunity."
"1288","o_43623d23","2b4b0f729da884f092bad6436a57ff69a353a61b11f3413ac8aa1e1ab4457bce","LinkedIn","Head - Digital Marketing - Financial Services (14-20 yrs)","Unknown Company","Mumbai","58c1542333b5b45285a00aea8afda00d2f292b96e23d593d57a641bfd3571c05","1","0","0","A","No evaluation_job and no materialized_evaluation exists in DB for this canonical opportunity."
"1289","o_44ac2a34","5323a1aa0f2b71bff1520dd71e60da78984d20de03fd7686b5d29752c0e99eb7","LinkedIn","Associate Director/ Director Executive Compensation","Unknown Company","Noida(Sector 16A)","a01a73c70483dc5187521489da3fb8a58034d5ac13eec3ee1b944f3359294b47","1","0","0","A","No evaluation_job and no materialized_evaluation exists in DB for this canonical opportunity."
"1290","o_44b8f2ff","5a190944e9e7362de9f2e512195a2e415c90bc853f3f83b64b957e4ed4ffd52d","LinkedIn","Info Edge - Head - Growth - iimjobs.com & hirist.tech (8-12 yrs)","Unknown Company","Noida","4576dcd179a6b041ab10279c353e466e5275d31499e43b2de4953983f1b2c2df","1","0","0","A","No evaluation_job and no materialized_evaluation exists in DB for this canonical opportunity."
"1291","o_4541c270","88f35ed0d013fb76147ca24c76ed32ce8cb7cf89533d5746784daff0e091ab11","LinkedIn","Indifi Technologies - Associate Director - Business Development (3-6 yrs)","Unknown Company","Gurugram","c1c0262222192da406619cd6b16a626a572940d76acc21e0483234122049ae7f","1","0","0","A","No evaluation_job and no materialized_evaluation exists in DB for this canonical opportunity."
"1292","o_457af3b7","d3de9560270cf98cc9a3ac23a1e35913b1698bc9df77aed0b064ce848c452a96","LinkedIn","Apriso COE Lead(Solution Architect)","Unknown Company","Delhi / NCR, Pune, Bengaluru","8de8657e40a43e795b8d5e463f8c3a5a63ac627b49d02e37052b0122820a5429","1","0","0","A","No evaluation_job and no materialized_evaluation exists in DB for this canonical opportunity."
"1293","o_4697d13c","49c4af7ed3b6f53c725f735d7dbe4a34f80518a60266a1703be0565a4eecee0e","LinkedIn","Consulting- Regulatory Compliance – Senior Manager","Unknown Company","Gurugram, New Delhi, Bengaluru","2c9a715489d07d79f224c5d75f28a61ec2c9fff425e5d8996e4ab0bbe21d7e4d","1","0","0","A","No evaluation_job and no materialized_evaluation exists in DB for this canonical opportunity."
"1294","o_487c30b6","53cb79e410cda6e50a88851df95dfa118a187643dc4c799fe79518edbcbff9cc","LinkedIn","Head Customer Success","Unknown Company","Noida","993c045fad1fd8b7c195555c926cc44668c3d922c8c90bdcfedb6b5c74f03b63","1","0","0","A","No evaluation_job and no materialized_evaluation exists in DB for this canonical opportunity."
"1295","o_48df16f","e28bcdc9d50727f565201971b0b7beb63e2c9c5014891ecc752be9b2f36d3922","LinkedIn","Director - Finance Business Partner","Unknown Company","Bengaluru","9d37f7754fa7eaf187530712f5cf3f28d0fe1d7c8e4178909d3f8062a5120bc1","1","0","0","A","No evaluation_job and no materialized_evaluation exists in DB for this canonical opportunity."
"1296","o_49029b83","dd6ebf3906833467cb09e010c5259593f651f424c220e5c81327a344808b87ba","LinkedIn","Senior Manager- Business Finance","Unknown Company","Gurugram","c7155b54c1a385d1c68cfbf751608169c56401f627bcebf7a8e97ae8a3077f1b","1","0","0","A","No evaluation_job and no materialized_evaluation exists in DB for this canonical opportunity."
"1297","o_49b6173f","3dbd4e8b2222a504947f0f341a4135923cde0ad80f4eec940359254576ff17b2","LinkedIn","VP & Head Engineering | Manufacturing FMCG | Gurugram |","Unknown Company","Gurugram, Delhi / NCR, Manesar","50588cb75943d6502927c61d4a84fb594575010130630a01b7a5c000a994c926","1","0","0","A","No evaluation_job and no materialized_evaluation exists in DB for this canonical opportunity."
"1298","o_4bd4defb","e818adad5021cfd66584db93e8dbb407ba9c5e7e7460ef00f58420ecbe09adc7","LinkedIn","General Manager - Finance & Commercial, Beverage Industry, Mohali","Unknown Company","Ludhiana, Mohali, Panchkula","d6d7076bb1cb8a69c8b15dd1db45b949ff5a5f7c336e808bb59f27e05101b35a","1","0","0","A","No evaluation_job and no materialized_evaluation exists in DB for this canonical opportunity."
"1299","o_4c9e98b8","fbd57594d0965716841ce3b3223fa53859a0d394a650bc4d5aaae3da76151719","LinkedIn","Director - Mainframe Modernisation and transformation","Unknown Company","Pune","4a03d8822aeab365f4f599d7e7e15cdff8d40058d83def681e7852e5d5a86ff2","1","0","0","A","No evaluation_job and no materialized_evaluation exists in DB for this canonical opportunity."
"1300","o_4e4ba140","a0f0a82fe2b4a8ecb81dd37a286f9f2a0f10f2f7cbfb15c0393aca4838ca5a58","LinkedIn","General Manager - After Sales Service ( Commercial Vehicle Dealer )","Unknown Company","Chennai","0fd6f107983b6f2133339ef9202e0bf12b0268e20dc450760dc7e2045e21ff32","1","0","0","A","No evaluation_job and no materialized_evaluation exists in DB for this canonical opportunity."
"1301","o_4ebb1cb9","416fc54510ae98e73187b9dbc6fc4370cc5020668100d6939f6a962e766f32dc","LinkedIn","Chief Technology Officer - India","Unknown Company","Remote","4b9c5c00fdedad5f8b53fe4f2aa23d2fca8f8b2df53613081fe4f705ce2d70fd","1","0","0","A","No evaluation_job and no materialized_evaluation exists in DB for this canonical opportunity."
"1302","o_4f92d2c9","759137695086729947414290afc7a7c2ea6d34af68a157ce130f0f26af767ec7","LinkedIn","VP/SVP/Director Corporate Sales EB/NON EB Insurance Broking","Unknown Company","Delhi / NCR, Hyderabad, Mumbai (All Areas)","78685af8106bce9ba2ff8fab715bf95d799cb20cc30648bb3e4e22ade45e954f","1","0","0","A","No evaluation_job and no materialized_evaluation exists in DB for this canonical opportunity."
"1303","o_50296cd1","d5680f426dda7b9c45995f5ecb3fbbfc9dc3dee274f1189e238c4a33645a6064","LinkedIn","VICE PRESIDENT","Unknown Company","Santacruz, Mumbai, Maharashtra","aea557167c2920d7b3536ff5e94e2eb82924654b282c57942727071e0de24ba8","1","0","0","A","No evaluation_job and no materialized_evaluation exists in DB for this canonical opportunity."
"1304","o_5068041d","d1b95774683601bd51bcc7a4354e40a7195a517f984d3265ee8ecf552195c52c","LinkedIn","Vice President","Unknown Company","Jaipur, Rajasthan","7529482c0901c4d67dac55a00f35ce43bbedce60e7e0470aaf22bfefff480642","1","0","0","A","No evaluation_job and no materialized_evaluation exists in DB for this canonical opportunity."
"1305","o_50c7ee9","e84d1585f07e857ee11883298e989057d457cf63343a516977c1b77d966d6592","LinkedIn","Procurement Director Market Research Services","Unknown Company","Noida","5a5440241148a829c3e1853655a04f269ffffd23c247e9f01dd84dd52131215d","1","0","0","A","No evaluation_job and no materialized_evaluation exists in DB for this canonical opportunity."
"1306","o_50f80268","4397bb7968d7c1cbd5092b47e7dc2f627e66d04231e52bb944ed0bb8a0075166","LinkedIn","Jasper Colin Research - Vice President - Engineering (15-20 yrs)","Unknown Company","Gurugram","375baf7dd92d52609088b2edcca2be7f9ae135bdeded0c0b623416629c4cdd05","1","0","0","A","No evaluation_job and no materialized_evaluation exists in DB for this canonical opportunity."
"1307","o_53856a04","45045bb2b4d8acfafe917c8c355b252ec81e60fafbca07713a3526c2b29e1139","LinkedIn","Head of Marketing","Unknown Company","Bengaluru, Karnataka, India (On-site)","69488c8f121f4f1bf85f675e524b5f817a1e6a8978471fc16fd06b43ad2b7aea","1","0","0","A","No evaluation_job and no materialized_evaluation exists in DB for this canonical opportunity."
"1308","o_5535d86e","639ee9d27ba7dae311bf5d45534c8588297673576b3721c91df96647e7595490","LinkedIn","Chief Operating Officer","Unknown Company","Hybrid - Jaipur","35e69e37b1cc8dea44685a4ec0592e37b7188279e3dca7cd4116a56fb4194e3f","1","0","0","A","No evaluation_job and no materialized_evaluation exists in DB for this canonical opportunity."
"1309","o_5913e8ab","3782432aabfa9e48cd0484da243a179a6fea0bf106502ce65c8c8202eccf96cd","LinkedIn","Production Head- Injectable Production","Unknown Company","Baddi","66d1906b6791e8491d267ab2d8f84a014988908ba6d8dac7006d73c109ee2889","1","0","0","A","No evaluation_job and no materialized_evaluation exists in DB for this canonical opportunity."
"1310","o_591437d","260d24ecd4bfa6c3cb4559520fd9605fb5a8f61038e2063af082cd000f38be48","LinkedIn","Senior Director - Marketing, India","Unknown Company","Mumbai","4dc9ce279d68746204ff8e443ece8e76f73e91b8e6a8404a8dbe0eead115e260","1","0","0","A","No evaluation_job and no materialized_evaluation exists in DB for this canonical opportunity."
"1311","o_5a050947","74deb0ee1e007503b2968f1988ec34613ba5bd67ee59203626291a99e05f4bb8","LinkedIn","Vice President (VP) Sales","Unknown Company","Gurugram","63a74c26f8cfaaac0d6f7ebcbc5775ad73af5c4e024e0d08a30792bd90738d24","1","0","0","A","No evaluation_job and no materialized_evaluation exists in DB for this canonical opportunity."
"1312","o_5a95a76b","958fb94bae993ea5b27149f4dad6a599523077db337c0309ef6260e93abf361c","LinkedIn","True Credits - Head - Risk (10-16 yrs)","Unknown Company","Gurugram","7aca3d97a3dc7de5997a1d54973a72c98445b23ec427181c995868741b40814c","1","0","0","A","No evaluation_job and no materialized_evaluation exists in DB for this canonical opportunity."
"1313","o_5b3b74cf","7c647862ba343d4dc5df442d8f1d349f5875febca00542a8e89508531922c947","LinkedIn","AVP/Director- Data Solution & Analytics","Unknown Company","Gurugram, Noida","1514d12635edbae1bb34ace79e07c6ce73a5256cba4ac8ea79307a190e9144a0","1","0","0","A","No evaluation_job and no materialized_evaluation exists in DB for this canonical opportunity."
"1314","o_5bc343d7","782f93651739e35115a215311ca11875d5cf82ab729b0430eb43fa1cc203217c","LinkedIn","Senior Director - Performance Marketing (Remote)","Unknown Company","Mumbai, Maharashtra, India (Remote)","8f3d2bb5118efb51001e597bf16d8d1bc3d4eeda27400583751eb1fab5b4ac55","1","0","0","A","No evaluation_job and no materialized_evaluation exists in DB for this canonical opportunity."
"1315","o_5bd8c613","6ef452be77a9083fdf942c1536a9ab52e472e8e4aaeb8baa3c9c81f2e22949b6","LinkedIn","Sr. VP, Head Tele Sales & Customer Success","Unknown Company","Noida, Uttar Pradesh, India (On-site)","c8dba53fa1652f8482603997a7fb8f316c8c0518debb7aac4b4660c9618e1ea2","1","0","0","A","No evaluation_job and no materialized_evaluation exists in DB for this canonical opportunity."
"1316","o_5c8c6dd9","61c7fb4f9f63c8439138c2b016a03ff6a5db8f196c579d936ff0202ffb53769c","LinkedIn","Doctors","Unknown Company","Vapi","4fb2f43cab064350d436b208cc9ca6950b712c53dc37d12d69172538c81f7fe2","1","0","0","A","No evaluation_job and no materialized_evaluation exists in DB for this canonical opportunity."
"1317","o_5cc6f7e","5aa3775ad9b13aa955ec4cddb0d4837aadd3a3a59ba929e05d6ce252afa950e5","LinkedIn","Flipspaces - Assistant Vice President - Growth (15-20 yrs)","Unknown Company","Mumbai","03c3ff757b043b80103359a9bd67f4d490350d852c87ba7b022e7b813b2bf5c4","1","0","0","A","No evaluation_job and no materialized_evaluation exists in DB for this canonical opportunity."
"1318","o_5db10eca","68f10f3e2446df1e2e7ab0a976ad31f2d69a3698873ed2a636957ab76eada6db","LinkedIn","Opportunity_Gen AI Manager","Unknown Company","Gurugram, Bengaluru, Mumbai (All Areas)","3aa1c725e62007e61a0f7c071cd4ccea2ff28ea55f806c55c1e35ed805624036","1","0","0","A","No evaluation_job and no materialized_evaluation exists in DB for this canonical opportunity."
"1319","o_5ec9e23a","3b998f85aa6c309e97ba6497c1a8c18fa2d05145c2a0e2c0a476e5915dac6706","LinkedIn","Head - Sales - Media Digital Tech Platform (15-25 yrs)","Unknown Company","Gurugram","fca3b43d7f1b0d91561934c73c235e647efd868cd8173d7f9674efc24f2ed6ce","1","0","0","A","No evaluation_job and no materialized_evaluation exists in DB for this canonical opportunity."
"1320","o_5f77d0fe","d79f06dff4478d5fb37e1969735b80e1ac17e679850b79fa6cf682f1cfa8d12b","LinkedIn","Yes Madam - Engineering Vice President (10-17 yrs)","Unknown Company","Noida","91f0c5f6a7d1dce66c7dcdf7f3402103f6759fcd9ecbdeb935a786f50f9a4cfc","1","0","0","A","No evaluation_job and no materialized_evaluation exists in DB for this canonical opportunity."
"1321","o_5f9944f9","a4a17fa472914a4aabbcaabfce26ece9ad55907fd47bf0fe6046758dcf033a8f","LinkedIn","Everest Group- Research & Advisory - Practice Director -HLS","Unknown Company","Hybrid - Gurugram(Sector 47), Bengaluru(Manayata Tech Park)","e7b9b7db3488c21e01dc426966ffa99c013c1554167e29fa23b83914839dbbec","1","0","0","A","No evaluation_job and no materialized_evaluation exists in DB for this canonical opportunity."
"1322","o_60a7d2ad","3c7eaabf863d9a34cec1d45f14c2bc3aa89509fbaec910dd9bdcb9e6aa5085b2","LinkedIn","AVP Data analytics (banking domain) - US MNC (Analytics)","Unknown Company","Hybrid - Gurugram, Bengaluru","751591cbe91cc132ef9fc778053cf7d22be6a2b50844de7fbabf52a54e44c282","1","0","0","A","No evaluation_job and no materialized_evaluation exists in DB for this canonical opportunity."
"1323","o_61417bb6","a9da361435064cad3784b25d3f8c5e1e9f07d8f2091a4f2940fefc24d4ab13ce","LinkedIn","VP - Head of Sales – Global Markets","Unknown Company","Kochi, Kerala","8d2fab913b6968b6bbda050a46c6edcd16a3c73fe58fadce938414da67322d5b","1","0","0","A","No evaluation_job and no materialized_evaluation exists in DB for this canonical opportunity."
"1324","o_61df20fa","4df5e014e50482754a3e98930bacd991a0fc13ad44b1c1f9d80ddc03dac2f7eb","LinkedIn","Chief Operating Officer (COO)","Unknown Company","Mohali, Punjab","348a3095e314d2cb787259970a89f0f8f062d6a72ddd619c41a21f74ba75dc51","1","0","0","A","No evaluation_job and no materialized_evaluation exists in DB for this canonical opportunity."
"1325","o_633730e","ad7bf6296f4db40557135366615a1ae6def408e2c90f99fec77e592a95e66be4","LinkedIn","Chief Operating Officer","Unknown Company","Ahmedabad","82c87f34ff653d27ffff535c6320ecfbeb90b617d9e138157298d2d946461353","1","0","0","A","No evaluation_job and no materialized_evaluation exists in DB for this canonical opportunity."
"1326","o_63dc03ba","04f1533a37529817bbbcd49e13bd997d4bae6709ee169d1b69d3cb9b8d25e7e5","LinkedIn","VP of Engineering","Unknown Company","Chennai","5710422ee9381c675a58c5617081b700b4318777917d2f3235c591a5d2d8c7df","1","0","0","A","No evaluation_job and no materialized_evaluation exists in DB for this canonical opportunity."
"1327","o_64121042","cc529bccbd934a9eb42eb3d57dd89be64b4bbedf44dad4d9206ba897a97d8488","LinkedIn","Doctor - Rheumatology (Full Time)","Unknown Company","Mumbai","bd69fc5d57f8dfbf5fc1bd5733bd612098dab6f1cf8eab8d0b3c56c059f409aa","1","0","0","A","No evaluation_job and no materialized_evaluation exists in DB for this canonical opportunity."
"1328","o_643ae3d9","a63e9702119fc180c60ef5ef91b9e277c5944102f3f7f837cd05c4b2ee35c4f9","LinkedIn","Chief Marketing Officer","Unknown Company","Bandra, Mumbai, Maharashtra","18d4538878e8aa91082eeb6bc67eedf52cd8cfd3caf5bd5c322020e2443f32a3","1","0","0","A","No evaluation_job and no materialized_evaluation exists in DB for this canonical opportunity."
"1329","o_67d3e88a","a06e1aab46eb4d8abcd2651e91fef9ac116594bdb6c5681a77f60f3cffe6ba6c","LinkedIn","Associate Director Marketing Personal Care","Unknown Company","Mumbai","f022e4d439069442bd3a99d74d416bbad0ff11ebcce2151d2330320da10182ca","1","0","0","A","No evaluation_job and no materialized_evaluation exists in DB for this canonical opportunity."
"1330","o_694b79b1","d8a61c7ab96ab65cf5f5c9cca7f0747f3a127803d6173a929b99517bf8612fc9","LinkedIn","Manager / Head - NPI / PED /NPI (Micro Fasteners / Fasteners exp must)","Unknown Company","Oragadam, Sriperumbudur, Chennai(Oragadam Industrial Corridor)","fa0df46f6f5c32da990760b5680ef9dbf47a50a052faeca3ae4f5cb0eec529d5","1","0","0","A","No evaluation_job and no materialized_evaluation exists in DB for this canonical opportunity."
"1331","o_6d5723bd","d4fc30341a5275f15b17756aeda7686abeb46d8628353d7422ad495b9ad9706b","LinkedIn","Marketing Head - Animal Health - Poultry/Cattle/Dairy - Mumbai.","Unknown Company","Mumbai","a4a82ccfabcf63cbad6c405639582d17d1d20f4b755ad3766fc180bf2d02fd63","1","0","0","A","No evaluation_job and no materialized_evaluation exists in DB for this canonical opportunity."
"1332","o_6de987d0","a4e99dc0369a820af9c4b850bb020abf47891bd01a15ac1ff9ccf149aa8e5fd9","LinkedIn","YouTube Head","Unknown Company","Mumbai","c4f79393714c55d3628d759d38ff90bb4b2f787d75a2e205955d2f6eadf973f3","1","0","0","A","No evaluation_job and no materialized_evaluation exists in DB for this canonical opportunity."
"1333","o_6e55244c","6c501a3cf2aa0e0def6d1c9b7c4194317ba7605ae3c58f9491235f7e19a95dcd","LinkedIn","VP- Marketing","Unknown Company","India","00eb4178c595f7f730c00dd3bb7b1bdc95601f5458eddadaeb34bbc281465985","1","0","0","A","No evaluation_job and no materialized_evaluation exists in DB for this canonical opportunity."
"1334","o_6f1ca086","dcc6383f8a07be541ff402610c905cf80b2505edda52f3ca2393111428c030f0","LinkedIn","VP Engineering","Unknown Company","Pune","8a933d279c6911c7996eb352bae0001353ad792c2d05316b2b6c7e18d0978754","1","0","0","A","No evaluation_job and no materialized_evaluation exists in DB for this canonical opportunity."
"1335","o_6fbb5133","befb8cba646e22d3d84bc002274dd96aae62d6736efbd0fb53afcbefa8075286","LinkedIn","Gynaecologist Doctor","Unknown Company","Kadapa","512767f8cdf60bc3d3d4872468a57164a9b3525f533b5394cf274b5d2295aaa6","1","0","0","A","No evaluation_job and no materialized_evaluation exists in DB for this canonical opportunity."
"1336","o_70d4079a","71cb9448a9a98cd0683f1fcce4c2c61fc2d2341cea7a284e188abed523e5f7f6","LinkedIn","Vice President","Unknown Company","Chennai, Tamil Nadu","fefd6e15236bd335f4a92de0fdaa80edbb1f7498da07138ea0ec27bd56acf810","1","0","0","A","No evaluation_job and no materialized_evaluation exists in DB for this canonical opportunity."
"1337","o_70dc7eb8","1f5aa465dcfa8f619cc4c54207f648157d3dee6893feece442dda3050349efa3","LinkedIn","Senior HR PMO & AI Enablement Manager","Unknown Company","Gurugram, Bengaluru","a754d0a7b857a2b339a1bffd1124cb920e2c1253cf656fcd5bf8fb4b8c46eaa9","1","0","0","A","No evaluation_job and no materialized_evaluation exists in DB for this canonical opportunity."
"1338","o_735ac2c3","77a314c2dba412fbb9051932cf7a229c4906532c16103b9ad402f2119f04047f","LinkedIn","VP - Global eMarketplace Growth & Partnerships","Unknown Company","Gurugram, Mumbai(Mulund), Siliguri","580626a835d435a6fbb2b234c7c128eb2173268f2c6c6bdd3f350ace8126e95d","1","0","0","A","No evaluation_job and no materialized_evaluation exists in DB for this canonical opportunity."
"1339","o_7392fc77","735af4733a90c4f530d0673bf81b9940bbba82d7b05e642d5b9ce878fbb54ee6","LinkedIn","SKV India - Head - Client Success (12-15 yrs)","Unknown Company","Gurugram","bf82083e7a8d89e5a21f4e73174a5d341526bfa11c6e92f1dcd8d51de004e75d","1","0","0","A","No evaluation_job and no materialized_evaluation exists in DB for this canonical opportunity."
"1340","o_73be1c3b","b5b9d6a1140598e5365bf82f26c7e95ad7b293ee5dd19e637abe562fe6909cdd","LinkedIn","HRBP Head","Unknown Company","Chennai","e81adc6db3277c222d1aaea693fa95c42c5519ff1cc6b01b3e2e36e5a8978d95","1","0","0","A","No evaluation_job and no materialized_evaluation exists in DB for this canonical opportunity."
"1341","o_74f10ecb","d16c40c4bf5d97338a7f460fc5876470600694467799dc78264a0a5b70b4359a","LinkedIn","Chief Technology Officer","Unknown Company","Hyderabad, Telangana","9f125e00598a14d08f0b04b8fb69e341c826b2da4c96bfd64539335d62b21c4e","1","0","0","A","No evaluation_job and no materialized_evaluation exists in DB for this canonical opportunity."
"1342","o_75355b7b","366fed05933d81c5aab50fae9eb8643d1e2005f4f3da3d79e9a54abe215de5e8","LinkedIn","VP Director","Unknown Company","Chandigarh","b101536e2421df7c618d030c20774d716ce49137b5d9d405832b74b259d0d444","1","0","0","A","No evaluation_job and no materialized_evaluation exists in DB for this canonical opportunity."
"1343","o_75a57595","aa532e0f42ef243434da8b8f7495571ba73382409931d0aa1b70b72539e389ad","LinkedIn","Sr. Manager- CMO","Unknown Company","Mumbai","151f2f05802c3a4d0b99782983a6e570c161ef90cf724fadb3742f28abbfefa3","1","0","0","A","No evaluation_job and no materialized_evaluation exists in DB for this canonical opportunity."
"1344","o_7680dc7a","6ae6c3307061f2bfb070c0a4870894396ae23b3a5ed4a5355707c5ef234a48c2","LinkedIn","SAP Procurement Process Lead","Unknown Company","Noida","09db591eedbe9dc099116450c55b99043eed7548dc8b7797c43a310a6a2614af","1","0","0","A","No evaluation_job and no materialized_evaluation exists in DB for this canonical opportunity."
"1345","o_77520efc","0c0e2ce9909a2647c01fa53839b9e89f3bafce1fa46483921c7a75c36f571bbd","LinkedIn","Chief Operating Offcer","Unknown Company","Chennai(Mylapore)","047508b30f833414b356018fdfa0e342c0cfb763fbe6258d1495da6b5fab7c1b","1","0","0","A","No evaluation_job and no materialized_evaluation exists in DB for this canonical opportunity."
"1346","o_77b7041a","5dbf6cfe36e0758837385af0c9168d09944f0c2e4b3ac0ec1524c753bc0c3e9c","LinkedIn","Doctor - M.B.B.S","Unknown Company","Chennai","c9665ae3e2c7216eaee6e74e4cd74176281d6e5d1a1590e1b37c5188655a25de","1","0","0","A","No evaluation_job and no materialized_evaluation exists in DB for this canonical opportunity."
"1347","o_78220d0e","eaebb5c5fd3e638de01dae7a61e9e075d1913783d2c219423bac9a0a15579162","LinkedIn","Head CRM","Unknown Company","Noida(Sector 129)","f84c00fdb42de6c3b2b3fe67c133302135755daa4141b90d63aacc4613bf8ddb","1","0","0","A","No evaluation_job and no materialized_evaluation exists in DB for this canonical opportunity."
"1348","o_7a6c7f9f","894c60865db956bac2f3df1707e0b74e87a64b6278e3d15da88534f57607d849","LinkedIn","Chief Marketing Officer/ General Manager -S&M Cement Building Industry","Unknown Company","Guwahati, Kolkata, Jabalpur","4a2ddcc2e56f7ab35f91ba7670543a66b4570ffcc795250c281846e33e62a5a0","1","0","0","A","No evaluation_job and no materialized_evaluation exists in DB for this canonical opportunity."
"1349","o_7afedf9d","42edcf0e897f8d4c699309e5a6f7d2214a44afedc19b6acdc3a4a82b2ca18462","LinkedIn","Assistant Vice President Digital Transformation","Unknown Company","Noida","38ebc2bc983b9ad873d699fba6e08052ec6e11447c9d5190d1518bdc31383fa2","1","0","0","A","No evaluation_job and no materialized_evaluation exists in DB for this canonical opportunity."
"1350","o_7bdb2e13","e6e5c252d9c1e0c7e80ea94b81a8aaa8f7060a4dd637a7ad9140a70f0f382680","LinkedIn","Doctor – Rheumatology","Unknown Company","Mumbai","2360e6332d1cbc6adb2d89a70d336bef857c25e21489f74cc3a284fc6d7bf678","1","0","0","A","No evaluation_job and no materialized_evaluation exists in DB for this canonical opportunity."
"1351","o_7bf56b5e","fa0441f92a29d213796ed3b21d13d47b46de73bf68ae6e0531072beadead8456","LinkedIn","D2C Website Manager","Unknown Company","Gurugram","e89e561fc96cfcf4a8df537522a77c03d7924b207884f00cf968484a0ed76e95","1","0","0","A","No evaluation_job and no materialized_evaluation exists in DB for this canonical opportunity."
"1352","o_7c19fe62","d4100b38f85466d7bfa971eed85741b9c7e953af29b7fdbe3786237fe231968c","LinkedIn","Chief Manager- Contact Centre Operations","Unknown Company","Chennai, Tamil Nadu","7972d5312bad78183ca01719140004be79986f7c394c4185910d93df754787f8","1","0","0","A","No evaluation_job and no materialized_evaluation exists in DB for this canonical opportunity."
"1353","o_7dae748a","8771c7ed488aaf7120a7457d31facb917448a2e60ab0ccb218d53211150fe49d","LinkedIn","Senior Data Engineer","Unknown Company","Gurugram, Hyderabad","226b9c481c255f5d58392c6d444d17b00b6fb0e31906d04dbee97bc167eab00e","1","0","0","A","No evaluation_job and no materialized_evaluation exists in DB for this canonical opportunity."
"1354","o_7dc93182","bf32f33862f12411509571262b487d30d944892630543f84be3eada6cd2c2496","LinkedIn","Anaesthetist Doctor","Unknown Company","Hubballi","0987ea854820de63c2405aeccfb1c53a78606c68319a0e7b99acc67eda86a928","1","0","0","A","No evaluation_job and no materialized_evaluation exists in DB for this canonical opportunity."
"1355","o_805167fd","d867db7f5c65d6738f93f5a372cdcbf5cf64375f0efe19699c1ae811f693ca54","LinkedIn","Head - Operations","Unknown Company","Gurugram, Haryana","6b316dd0a2f4e480bb227c9ad6fb4c3aa032c32c871572bb608b698e1ebfe449","1","0","0","A","No evaluation_job and no materialized_evaluation exists in DB for this canonical opportunity."
"1356","o_8057382c","f0b5a0b0a876856881dc5c27fe8d93ff29a77f72b5dbfd20d00712f5707399ef","LinkedIn","Snapmint - Director - Growth & Retention (5-12 yrs)","Unknown Company","Bengaluru","ce34e04d3f14d4e597d4d8f756b39f239be49124d03d8b48b0991d75008222ed","1","0","0","A","No evaluation_job and no materialized_evaluation exists in DB for this canonical opportunity."
"1357","o_809a3e4c","a8d2e1551f401719b68042cdc58eb4a4d324dad94eee9291cd347fd48af2eee6","LinkedIn","Chief Growth Officer - Hospitality Industry (20-25 yrs)","Unknown Company","Gurugram","2e7116655957590880c6075126bdf1173e72a1d12d0f68572a6d94f0e5821855","1","0","0","A","No evaluation_job and no materialized_evaluation exists in DB for this canonical opportunity."
"1358","o_80b099fd","3b147f82481b0147c3d59efc554c2283b3956ac36da2a8e00922bfb1637f56f8","LinkedIn","Chief Research & Business Officer","Unknown Company","Gurugram","e34b46ef1824d2c929d06fbcf313f5d834805360a4a8ab35a1d9a572bb82fb47","1","0","0","A","No evaluation_job and no materialized_evaluation exists in DB for this canonical opportunity."
"1359","o_81caac0c","da1d626a72d7d38221d16a35991fc5a4d736ea9cfbd8a7c78b0138a5cfde0a20","LinkedIn","Head of AI","Unknown Company","Unknown","3894fd0acdee5de1edf4050a16558d9c4288859f0145ecaab557ad29e23924df","1","0","0","A","No evaluation_job and no materialized_evaluation exists in DB for this canonical opportunity."
"1360","o_823e7867","a82bf9616b29b82b13c70a63ba8421aa5db0136271c613668eaea744271cf0c0","LinkedIn","MPD Head - Solitra","Unknown Company","Mumbai","c0118993889c5e8ffdc757f422cf423a4da93e2d9ca6753b74bef6cb497bc89d","1","0","0","A","No evaluation_job and no materialized_evaluation exists in DB for this canonical opportunity."
"1361","o_8349a1fe","b4fbcfa1416863db0fadcfc811af1b7087efa4dae4a3691c3067b43c24697529","LinkedIn","Associate Director - Markets - CHS - CBS - C&I - BD & CE Leadership","Unknown Company","Mumbai","0fff667acd1f0e795498862481fc270495fa296f18014b05bf3a83420f635343","1","0","0","A","No evaluation_job and no materialized_evaluation exists in DB for this canonical opportunity."
"1362","o_83b87286","c03212350150fe69822e998438d1b9fa2adbd4bfe6929d4f90fddd5d6a0cda3f","LinkedIn","Chief Marketing Officer","Unknown Company","Chandigarh","d46ed139bc1197a03fef27dd3059da2c6b1ebc97052bf1444d21261dbbedb073","1","0","0","A","No evaluation_job and no materialized_evaluation exists in DB for this canonical opportunity."
"1363","o_83c7c92a","8726ec3b7720af230c0d72476a050b9d9b4f62e8d770f8fabf1e44a504346b60","LinkedIn","VP of Engineering","Unknown Company","Pune","c0b93c0b1358dba0139f82e6bf29fcc8fd80b0b8bd30a9e4983771c45e928b7c","1","0","0","A","No evaluation_job and no materialized_evaluation exists in DB for this canonical opportunity."
"1364","o_84745513","5baf41e38fdcda7996168b1d40a4dca6994aafb1001093ce0f6b00cba7218a8a","LinkedIn","Senior Manager","Unknown Company","Pune","6291578dcda0949fc44e5a50910709caa9b232ca92e43147436d14283bfb107e","1","0","0","A","No evaluation_job and no materialized_evaluation exists in DB for this canonical opportunity."
"1365","o_848686b9","81533d7222bf27d7b6a6c0c1b8f99cc0f1293cce9721abe32d92604d60b3e63b","LinkedIn","Sentiss Pharma - Deputy General Manager/Senior Manager - Legal & Company Secretary (10-12 yrs)","Unknown Company","Gurugram","623018c47097b15e26732bb6726554f1a41de7593357930e1e54b6dd65720415","1","0","0","A","No evaluation_job and no materialized_evaluation exists in DB for this canonical opportunity."
"1366","o_84b2707d","b1f3ae0d1e5d3ac7e5716974c4678c8cca63052006079a431702c9d89e110e37","LinkedIn","Assistant Vice President - Customer Experience","Unknown Company","Thane","bd3efd311bd7a8963ca4a969a00c5e7a8df224d2e0f18a27af6c8ffcf780e63a","1","0","0","A","No evaluation_job and no materialized_evaluation exists in DB for this canonical opportunity."
"1367","o_85638481","a762ce3c7c47dbf71858859d0902033341072affd08a5e70b9343f560baaf718","LinkedIn","AEP Architect","Unknown Company","Gurugram, Kolkata, Bengaluru","cf394b8efbb4a1839a6c36564fa18b71a0adf5d6641857dc6574cd2219bc4e66","1","0","0","A","No evaluation_job and no materialized_evaluation exists in DB for this canonical opportunity."
"1368","o_85d0c349","070cac5daab0a61f42884c1badd5aba93ac5469835c87b889c3e542bd0051f99","LinkedIn","Director","Unknown Company","Gurugram","6987ea0b7d69eb004f269b7bf6007ab785c0ed41820abc79c66d2f36e270b8ed","1","0","0","A","No evaluation_job and no materialized_evaluation exists in DB for this canonical opportunity."
"1369","o_869bd85","b9de7be4775b0e39893bf8fbd404b7acc054b5bbc6e4d0c824c10fc96c398e58","LinkedIn","Group Bayport - Business Head - Signs & Display (15-20 yrs)","Unknown Company","Gurugram","661aded11d32c333917c6e877f1f262b4dbb3493459b2819aa9132dc6e8838dd","1","0","0","A","No evaluation_job and no materialized_evaluation exists in DB for this canonical opportunity."
"1370","o_87efe64c","1dd03e2446a79b0cc7a530d5a3b0e76a2ebe1c68870eb5b13668ea1ef13c821b","LinkedIn","Vice President Fundraising Ethnus Foundation","Unknown Company","Bengaluru","c3a46fd051b954d2955c2ef694a52cc852cbb94bc74ac511c7e18e2545d9c675","1","0","0","A","No evaluation_job and no materialized_evaluation exists in DB for this canonical opportunity."
"1371","o_882bb1d0","733a3a8897b363e7182342b91eee073fe4b2cd1397a1229d191d73fbb1b50803","LinkedIn","Vice President - Wealth Management - Bank (16-20 yrs)","Unknown Company","Gurugram","06e365e081147ea50895128c8a95b231660c3f2a580cf6fec662842e13773b47","1","0","0","A","No evaluation_job and no materialized_evaluation exists in DB for this canonical opportunity."
"1372","o_888a7421","9bdba7de84ac2aaa7a2b753f15d836b77a265921c3e79d84c886b805033d3220","LinkedIn","Head of Strategic Initiatives","Unknown Company","Bengaluru, Karnataka","3479b837813fced5a5cdb94afd5eeed340c53482217470025b495c637ef4c5fe","1","0","0","A","No evaluation_job and no materialized_evaluation exists in DB for this canonical opportunity."
"1373","o_889dfbee","475fc78b146be46eff10da5e1b6b1776dace5158975a88296c0562d5e0f445e0","LinkedIn","VP of Engineering","Unknown Company","Thiruvananthapuram","b5eb14dac7b998ceecc6920f84206a098e0ffb782e69753e699818ec3f08724f","1","0","0","A","No evaluation_job and no materialized_evaluation exists in DB for this canonical opportunity."
"1374","o_8911644f","4496acd047556c70afa03e7df2fe528f6cc9ffb690c4eca395ac2928ea13d0ea","LinkedIn","Senior Director - RCM Operations","Unknown Company","Hybrid - Gurugram, Noida","87aba79952c9dcd17e9b400c1e993e6f6bc432ece7cc12d8f115cca92a04bac8","1","0","0","A","No evaluation_job and no materialized_evaluation exists in DB for this canonical opportunity."
"1375","o_8a154b14","f7efb2e8b71f7164202b1c9dd7039ab1e9c00a112b8615bfa786ba365c242ae7","LinkedIn","AVP / VP","Unknown Company","Noida","dff5daad5e8d8e7b7f75c255317e0b7bc39add8f24ffb27d91c0b46973c16a6f","1","0","0","A","No evaluation_job and no materialized_evaluation exists in DB for this canonical opportunity."
"1376","o_8a55c1a7","f28e2e2d4d16924bc76c8ddafd08a1133f3383ef694d7e0aa07ff00ca94b0dc8","LinkedIn","Senior Manager- Brand Marketing","Unknown Company","Gurugram, Haryana","9d461036144fffaead32a158837cb89595cf5196b7e774387c7eaf84d05a3ab3","1","0","0","A","No evaluation_job and no materialized_evaluation exists in DB for this canonical opportunity."
"1377","o_8b69c225","7a497df7259231c39669fa7f12b6b4fafc1dfe8e561335851e3fdb52ac479011","LinkedIn","Chief Technology Officer - Digital Lending (15-28 yrs)","Unknown Company","Gurugram","2f6e4369a9308c7d9f5e18929ac49dbf0037f1dcc9c391b4e5aebfc700c6cbec","1","0","0","A","No evaluation_job and no materialized_evaluation exists in DB for this canonical opportunity."
"1378","o_8c5fbc94","513613b7791e0a0126255c8ea8c4f8216888acd184e4b56bef8045468795623b","LinkedIn","Medical Director/Sr. Consultant - Oncology","Unknown Company","Jaipur","44f7979bf3968e88d49efe8cec4a752d050e1adf8484bf3072093cca37dc4557","1","0","0","A","No evaluation_job and no materialized_evaluation exists in DB for this canonical opportunity."
"1379","o_8cd80932","61fce21053b68e4ed92f68d1b87ff21a7fbd362730a7dc929f50afe847e8cc0e","LinkedIn","AVP Basel IV Regulatory Capital","Unknown Company","Gurugram","c23e98df84426f84fbb115b4f765def28d21431b61448fefbebae8049da5bbac","1","0","0","A","No evaluation_job and no materialized_evaluation exists in DB for this canonical opportunity."
"1380","o_8e1cb797","1c35f031b1e3a078e1eec78c5b46a18d9cb96207459e50bfe8456349afec90b0","LinkedIn","Oracle CoE & GTM Leader - Cloud & EBS (SCM | FIN | HCM | CX)","Unknown Company","Pune","6079121296bc8908decd9afc1d9a784f8c9d6f7a63372a31d77c8b1d1b215a07","1","0","0","A","No evaluation_job and no materialized_evaluation exists in DB for this canonical opportunity."
"1381","o_8f9b88e2","e8c04eb8f39006bc759bc33501a30e939a4306502ff7b2ea5611f5050d2f6391","LinkedIn","Chief Marketing Officer (CMO)","Unknown Company","Andheri West, Mumbai, Maharashtra","20883a9e6ad94100e4f08b255fd605815f10b6bc06382ff7123cd960b41076bf","1","0","0","A","No evaluation_job and no materialized_evaluation exists in DB for this canonical opportunity."
"1382","o_918385a5","d8dd19f8b16adff7264881e9290330fb40bb95ef6622d559ec8d6162ec39be1c","LinkedIn","Marketing Head","Unknown Company","Mumbai","4bae5cdb847f9ced0f322083f843d25571e2dc70b49f97c891917330047a4ef0","1","0","0","A","No evaluation_job and no materialized_evaluation exists in DB for this canonical opportunity."
"1383","o_9538db7c","619356c0f7c97c1e4f1d76f7671169bdfe3e4a811dd3819e7f7408c04ad3e0b6","LinkedIn","Moody's - Assistant Vice President - Product Analysis/Digital Assets Domain (7-10 yrs)","Unknown Company","Gurugram, Bengaluru","139dce19b63a4c116154f6792966826230ebb5d7c326a4ffdc1e3b411e350a2f","1","0","0","A","No evaluation_job and no materialized_evaluation exists in DB for this canonical opportunity."
"1384","o_9573a379","36563e043f1c8e66fedeaebf4d7088aa5500b6883bff5e3d4fc1612cf80cb8fa","LinkedIn","AI Practice Head (India & US Market)","Unknown Company","Gurugram, Noida, New Delhi","1b171199e7aaf6a2468e13c3f9f36dfbdeaef61400a0a4222353700920a648dd","1","0","0","A","No evaluation_job and no materialized_evaluation exists in DB for this canonical opportunity."
"1385","o_97638eba","253e5636314ee2eabcddcdb6d9f0d9652696c92eb66ca7045a8426bf8a373a0a","LinkedIn","SVP Fund Raising","Unknown Company","Chennai","6d7900dc3ce0df88452eb0c6495c24b14cfee474b0ff36a7b464b986eb2dbd5a","1","0","0","A","No evaluation_job and no materialized_evaluation exists in DB for this canonical opportunity."
"1386","o_98034fa8","d3a7a0d844fc27f02f7da6f7359b71977d63578e253251429e44b77db517f8f0","LinkedIn","Senior Manager, Customer Success Lead – APAC & Middle East","Unknown Company","Bengaluru East, Karnataka, India (Hybrid)","f5c2a1e143f9937748b2ccf2b2fd4ecf8280e2eb3d789693bc6de487a82c25fb","1","0","0","A","No evaluation_job and no materialized_evaluation exists in DB for this canonical opportunity."
"1387","o_988fcf76","74507770726f264bd4edc0bea27e0d11fdbfdf406bb72e707781e6374d73c04d","LinkedIn","Vice President - Contingent Workforce Management","Unknown Company","Remote","d6dedf1b9d9089e1cb422060987a1e8f22de5d08114e2edc9a742e433020de39","1","0","0","A","No evaluation_job and no materialized_evaluation exists in DB for this canonical opportunity."
"1388","o_9a1f0b2b","45bd7d78641abda39201f3e1fe13ec18c0e33c8b8154cc3a3b3339bfb01034db","LinkedIn","Associate Director","Unknown Company","Noida","af0007f575764adbbb0b351aa3393dbd118877d50dbffcfa8a0d824c027d1dee","1","0","0","A","No evaluation_job and no materialized_evaluation exists in DB for this canonical opportunity."
"1389","o_9a3038f4","5ffba35759b6d53077df261de09658814ce36944d4d6ab240963bf9b1f9f2f70","LinkedIn","Creative Director (AI)","Unknown Company","Gurugram","45d542a02b33ed48f61f17e7e592d064f3368c6095aaa9b2fa88e7d154f5da01","1","0","0","A","No evaluation_job and no materialized_evaluation exists in DB for this canonical opportunity."
"1390","o_9c5489ca","3c289729709fdd71618f6b7607276e6b096186e188a25eff0ec70d6c78ba4f90","LinkedIn","Fabel Services - Head - Growth Marketing (10-15 yrs)","Unknown Company","Gurugram","6d0529b72d63f3c7554f2511fda4167928c80add152f92b602c1df7961b92b49","1","0","0","A","No evaluation_job and no materialized_evaluation exists in DB for this canonical opportunity."
"1391","o_9ceb52d7","e915a85fb381fdb944dcf0aac1f870d8bf29497bca2784c96716d79ebf291483","LinkedIn","Vice President - Wealth Management - Bank (16-25 yrs)","Unknown Company","Gurugram","32b04dd4bfa8a0151df3b345740ae719d30de57d1d4c83bb324b25b35b43c6de","1","0","0","A","No evaluation_job and no materialized_evaluation exists in DB for this canonical opportunity."
"1392","o_9d3686bf","c4bb6b5e1e9eefc310fae3ef640977d9f8ee8db771846c10f46fdf56ca8f55ea","LinkedIn","Senior Manager /AD Talent Acquisition (Leadership)","Unknown Company","Bengaluru","4607619322d61b348ec8b302c4afa95f3e380980cb03e6a6a31f96d46caf5cff","1","0","0","A","No evaluation_job and no materialized_evaluation exists in DB for this canonical opportunity."
"1393","o_a02062b5","ca5ce5708ceb747c47fe545e8a26b5826247d7a325333f93d11c3f488864882e","LinkedIn","Senior Manager, Growth Marketing","Unknown Company","Bengaluru, Karnataka","874e3043e8738cbd48a33aee495d28390b262fa72887058320cba7ca943ca8f1","1","0","0","A","No evaluation_job and no materialized_evaluation exists in DB for this canonical opportunity."
"1394","o_a043b827","912bb36ed3e7a89a5f74237e6ca5b27b9f6cd4753ccc57ae3d8d5746b19c0747","LinkedIn","Origination Coverage, VP","Unknown Company","Bengaluru","951184e86ef855d392ec8bbfc092313c13ef6f39c0c2d84375f7df51d981333b","1","0","0","A","No evaluation_job and no materialized_evaluation exists in DB for this canonical opportunity."
"1395","o_a0d9428c","944e8b7f8b36f1c6bcb211ffdec1e438a61ad1862dbbacc03e47d76452fd390f","LinkedIn","Dy. General Manager/General Manager-Sales & Marketing (Domestic Head)","Unknown Company","Gurugram","35a5fd71fb7fde751ae72749dbc40190d899f283eaa1d59724f711b461f0d819","1","0","0","A","No evaluation_job and no materialized_evaluation exists in DB for this canonical opportunity."
"1396","o_a0fd7e63","beb11689bc87d041ccd3a924fea182eb2d68722b7c134d09be7bc17ba1e9b7fa","LinkedIn","Head Product Marketing","Unknown Company","Noida","6a96202ed33a7ca96cedb94ab81558e176cc0ef9d51ccca129541c0622857466","1","0","0","A","No evaluation_job and no materialized_evaluation exists in DB for this canonical opportunity."
"1397","o_a1b40a52","c550b7077fce4b2793077519284d190b14611740ed6f85eae66c5ed33b1b24df","LinkedIn","Head – Strategic Alliance (_/ VP)","Unknown Company","Bengaluru, Karnataka","d9e48170cd1d4e1e7395541d334ec660bd854118c1904a7fb01ff7b1d32d7e22","1","0","0","A","No evaluation_job and no materialized_evaluation exists in DB for this canonical opportunity."
"1398","o_a1bce9e1","b72a31b285be1b55733be21ce849df0e9807c151dad9a3578cbe5e3b0c239685","LinkedIn","Deputy General Manager  - Learning & Organization Development - Manufacturing (12-20 yrs)","Unknown Company","Gurugram","7b86017a190e69170c674b2ebaa89ffce226ca39e87cefb0b90b8dace3b0201a","1","0","0","A","No evaluation_job and no materialized_evaluation exists in DB for this canonical opportunity."
"1399","o_a25fca61","0001f89293526315412744bc7280ac5f3d2919d47cb3da7a6991b6c23217d207","LinkedIn","Vice President - Engineering - FinTech/Payments (10-15 yrs)","Unknown Company","Gurugram","6b3c07929712dc8630aa55a44f6a5057b668a152000a1900d2aca5f71057ef45","1","0","0","A","No evaluation_job and no materialized_evaluation exists in DB for this canonical opportunity."
"1400","o_a298ac8e","ba34e22ddf887fb829fffa91302af28f66ac72b945d928855eeeaae0de12c76f","LinkedIn","Director - Compliance - Banking (18-26 yrs)","Unknown Company","Gurugram, Noida","991192e2b386348b58ad461c28f7c597b2c72520ed436c3c43cd2a1d6a4facb2","1","0","0","A","No evaluation_job and no materialized_evaluation exists in DB for this canonical opportunity."
"1401","o_a39225db","6354fd45b5b804247e5e3c1fd831f2b45cf995bc77fc2268879c65ba5a89f6c0","LinkedIn","Presales - Solutions & Offering (IT Services)","Unknown Company","Delhi / NCR, Hyderabad, Pune","4a51d5553c016e516417b6f0fcd9da6b65fe53b3bde98a065d488ad454e8db7c","1","0","0","A","No evaluation_job and no materialized_evaluation exists in DB for this canonical opportunity."
"1402","o_a3d19c98","f791d94eb0cf24aef9605d96da10b4c226a23e04f947fb398c96a9a5d4c97737","LinkedIn","Associate Channel Account Manager","Unknown Company","Gurugram","2018c83826b0cea8c7de45ccc27d1a41d4464fcf177e031334ab9b7e93c72b77","1","0","0","A","No evaluation_job and no materialized_evaluation exists in DB for this canonical opportunity."
"1403","o_a41d02b8","8304f7ec4e14f427fc451fe40f6cb50e9be60bfd53bcbe4852d05af572a23d8a","LinkedIn","Practice Director CSA Engineering","Unknown Company","Gurugram, Bengaluru","c807ed8180482d307cb9309467671895b4d2515e1ea0074aa12430a2ff038462","1","0","0","A","No evaluation_job and no materialized_evaluation exists in DB for this canonical opportunity."
"1404","o_a4c6a020","247b991f38aa9f1ad8cf556326656d53733c76bac24293435d248b1bd1440ee5","LinkedIn","AI / Artificial Intelligence Practice Manager","Unknown Company","Gurugram, Hyderabad, Bengaluru","75ffa1492101ede4e8c6b977bd518fb54b5e9f8a2e12a47351e7dea0088716bf","1","0","0","A","No evaluation_job and no materialized_evaluation exists in DB for this canonical opportunity."
"1405","o_a4c8b629","a79607ac957c69f3674ec5b166d2c4650fab5df529ab0cbd4720ab7e6c97c083","LinkedIn","Sales Account Manager - Life Sciences","Unknown Company","Mumbai, Hyderabad, Bengaluru","7533789d6f31a88d0a865fac9b05ae3c6ec01a5eb0a8eb3cd11fa6512b89273f","1","0","0","A","No evaluation_job and no materialized_evaluation exists in DB for this canonical opportunity."
"1406","o_a5482f4b","5db1b38f7fb63427724ef99a50849f633fa7d0a596757cb27db410a5f6fd6010","LinkedIn","Chief Marketing Officer","Unknown Company","India","a9ac448f346efb78ebfd29f4ebd558037509ee68694497679341d223616ebed6","1","0","0","A","No evaluation_job and no materialized_evaluation exists in DB for this canonical opportunity."
"1407","o_a67a51bd","63b26054106e3fe1478fa00787222960f9ae3d93c1f546ea58cdaf5da566d17d","LinkedIn","Chief Operating Officer","Unknown Company","Chandigarh","8991f092408520b86ae31cc470edb1fd71ea6ca221f1934ad0ae48f12c483cce","1","0","0","A","No evaluation_job and no materialized_evaluation exists in DB for this canonical opportunity."
"1408","o_a7141b9f","9d007713e9f0ac4fe1e8c2f88a573bcab5c1d6cceab69417c2e2271da032bfa3","LinkedIn","AI VP/SVP Engineering","Unknown Company","Noida","8b27249daef219bc3ca777e783713b7b1bd809103f99073327582b138b004153","1","0","0","A","No evaluation_job and no materialized_evaluation exists in DB for this canonical opportunity."
"1409","o_a722018c","026fe2b8991be50e65db39d584f15c5cb16a1367dac695d75189d763b9d1d02f","LinkedIn","VP, Engineering","Unknown Company","Pune","94828afe873754435ba600f6ad536589c13722fc08004694cc7ae0928ca002e3","1","0","0","A","No evaluation_job and no materialized_evaluation exists in DB for this canonical opportunity."
"1410","o_a7cbf198","c581020f8838caee031ed30863f7f9225d150e4aed6c803a7525b70f550ce166","LinkedIn","HR Business Partner","Unknown Company","Gurugram","87f4becd846c5116e5b999adce143078734e6ead3fa1b40899292543ac1ad59e","1","0","0","A","No evaluation_job and no materialized_evaluation exists in DB for this canonical opportunity."
"1411","o_a869db63","58b5bb27a6a6de8b59c361ba355db99785f70f5331437be7ff4685e34070ea84","LinkedIn","Senior Vice President/Vice President - Transitions - Insurance (20-25 yrs)","Unknown Company","Gurugram","53228953675fd7c1a33a0e33a3c30dbce144d3327999f5bcfe886264d087607e","1","0","0","A","No evaluation_job and no materialized_evaluation exists in DB for this canonical opportunity."
"1412","o_a9fc3a03","b231ef307de03cea0ca80b6b2cbf24ca9fa6b5d73fea8522744a915895de8b4a","LinkedIn","LiquiLoans - Head - Growth Strategy (10-15 yrs)","Unknown Company","Mumbai","08562b46662b407452dba721eecdab9c785558abd15159adb32a8c01894f8ee6","1","0","0","A","No evaluation_job and no materialized_evaluation exists in DB for this canonical opportunity."
"1413","o_aa71fa21","f959704329aa7783bd8ed225df079ef4220829459316faf3da72868d041e432b","LinkedIn","Adityaram Properties - Head - Marketing (15-20 yrs)","Unknown Company","Chennai","bd96752af9ccfe91915054e121b66aa70e65875da525001751fe63c1ff3c9b90","1","0","0","A","No evaluation_job and no materialized_evaluation exists in DB for this canonical opportunity."
"1414","o_ab9b0476","fdd7dc84c5d2163b88bdb26f7e9755f83d6431c7db663ce2095e7f4ca042d1ff","LinkedIn","Vice President/Head - Marketing - Boiler Manufacturing Firm (20-25 yrs)","Unknown Company","Mumbai","3469db22066e5e823b71d3e84a77333d1fda50ab3bbc57af07e1e5b56934f0c2","1","0","0","A","No evaluation_job and no materialized_evaluation exists in DB for this canonical opportunity."
"1415","o_ac720c29","31b8258f9b6a74c808ffa6b87453958415cb30a1a8580dab33693c6d577ba775","LinkedIn","Marketing Head","Unknown Company","Jaipur, Rajasthan","8c9c35cf965684439da56a6cccf3b7ed95f85746e7ef6ba3837984e7fb3298de","1","0","0","A","No evaluation_job and no materialized_evaluation exists in DB for this canonical opportunity."
"1416","o_acbad44e","53b8192318d1ca3494d1cd3781aac6edcf6e52020a6c02a91a63307adc10a1e9","LinkedIn","Moody - Assistant Vice President - Product Analysis/Digital Assets Domain (7-10 yrs)","Unknown Company","Gurugram, Bengaluru","e4406278f20cecdeaa9dd1feae188e56f367f362401c24a348f301dda6eba87d","1","0","0","A","No evaluation_job and no materialized_evaluation exists in DB for this canonical opportunity."
"1417","o_ad346d8e","e08d8e3bfe54fc9c45b15fb27cbd9b0aa82c91a918463248ef0cf6c3ff71a7fa","LinkedIn","Director - AM_CP","Unknown Company","Gurugram","72ef8c03d5e8fa7737a4be24a5a670d904cafa4a8dc34ea7eb8fd0d84ff4635d","1","0","0","A","No evaluation_job and no materialized_evaluation exists in DB for this canonical opportunity."
"1418","o_ad8c47bf","42a6a20aadb97f06a0ab822db007993b79afc4827dc021598c8eee2738ac6537","LinkedIn","Vice President","Unknown Company","Bengaluru","9c476010d6b620d8f88839316ff9bfcd58f13eddf845b43c5b300cef7a60046b","1","0","0","A","No evaluation_job and no materialized_evaluation exists in DB for this canonical opportunity."
"1419","o_ae0fb021","4b56663cac3493c4d1f0cce807b70b9e9c565326ffe0ae865cf36c55e5bdbcef","LinkedIn","Head of Marketing/ Team Lead- Digital Marketing","Unknown Company","Bengaluru South, Karnataka, India (On-site)","9277f93f8677dce1ee4def2197e11d68231606155f6600518d25342f08bfad85","1","0","0","A","No evaluation_job and no materialized_evaluation exists in DB for this canonical opportunity."
"1420","o_aec326aa","df29660aa9d2ff91c23a61256012e1e59f13c3a4146c4248caa33871d620c65d","LinkedIn","Info Edge - Head - Growth - iimjobs & hirist (8-12 yrs)","Unknown Company","Noida","f9ac4849eb1b92de234a1fcaa58d9ea66114b546665712db6c1f90ffa8ee8b03","1","0","0","A","No evaluation_job and no materialized_evaluation exists in DB for this canonical opportunity."
"1421","o_aed4fabd","34d9366342c9db2bdaf9915d407b63e4c5d8d72f875cb0ee322cd0a19dd168d2","LinkedIn","BDM -  Digital Transformation ( Custom web & mobile apps )","Unknown Company","Mumbai, Hyderabad, Bengaluru","b746978784782e957a030d752b78de09ed525359c19108f6bd7670f00c5ca1ed","1","0","0","A","No evaluation_job and no materialized_evaluation exists in DB for this canonical opportunity."
"1422","o_b010362d","0bceae79cc526ae7a913073a3bb1ca3275220894a6bff3a83cd92913288624c2","LinkedIn","Director, Global Quote-to-Cash Operations (India COE)","Unknown Company","Gurugram","d0670938ebc6440a993853453a3be0f2452a99692cc871deb164df9e84e42513","1","0","0","A","No evaluation_job and no materialized_evaluation exists in DB for this canonical opportunity."
"1423","o_b3677345","ac4484e04a6df1351fd0a4c62c547ff360a995730635457bffca262502851282","LinkedIn","AI Sales Director","Unknown Company","Gurugram, Delhi / NCR, Noida","ea8645eae4d3b626df6279c1c50fb084bcc8383977fe744c4e1529c76c71641e","1","0","0","A","No evaluation_job and no materialized_evaluation exists in DB for this canonical opportunity."
"1424","o_b3ff1b15","b33bd117f95550fa849f4130b3c3bf56c84ba8cd7d675535b9eb290ae3fa0e16","LinkedIn","AVP - L&D","Unknown Company","Noida","c2f6108a700ebf1317aab228d86ac75e361b22dc46f1bca8f24660e3071c193b","1","0","0","A","No evaluation_job and no materialized_evaluation exists in DB for this canonical opportunity."
"1425","o_b694b8e1","d0679dd7a845bfde64ce719fa11337eb41ba3304f27febfadfa1af34d218217f","LinkedIn","Director/Associate Director - Business Development (Oil & Gas)","Unknown Company","Hybrid - Gurugram, Mumbai (All Areas)","7abc8b306d599b1ae21109b6acbeada1794fbfb65e277689f6b1231f161aa653","1","0","0","A","No evaluation_job and no materialized_evaluation exists in DB for this canonical opportunity."
"1426","o_b72b6b43","25ad0a86c5c287738fa8ee8a33c068eb610342283c098795818777e5509c314e","LinkedIn","Vice President, CMO/CDMO (International Business Development)","Unknown Company","Hyderabad, Mumbai (All Areas)","88081f2b70ce1ecf8f65027747ec58fa4264d3b5183437c57a57420f9e93e4ae","1","0","0","A","No evaluation_job and no materialized_evaluation exists in DB for this canonical opportunity."
"1427","o_b7881787","8e102c9379b4fd6f908473a1cb4d4776dd0c4f59c905c6494cd5a4b3fdb8308e","LinkedIn","State Head","Unknown Company","Delhi / NCR, Mumbai(Maharashtra Nagar), Chandigarh","7a39ed8554ea639b186879c15fa40d36460f298145d15c39e205ef8be323326b","1","0","0","A","No evaluation_job and no materialized_evaluation exists in DB for this canonical opportunity."
"1428","o_b7f173fc","72c66502b092d4f7a4c81d7a25be9c8205049e58d214a484934d8da73d43ab8f","LinkedIn","HR Transformation & Operations","Unknown Company","Gurugram","dadb3131e8a519c791700b472b3970f9e941b9ec99886340c7a1ac3aa85573b5","1","0","0","A","No evaluation_job and no materialized_evaluation exists in DB for this canonical opportunity."
"1429","o_ba6e748e","4b30d50f459aa15d2245e7673ab9c4cb58af67533e9c3f14dc7bfbf0dffeab79","LinkedIn","Masters' Union - Head - Visa & Mobility (10-16 yrs)","Unknown Company","Gurugram","792f2d22dee9c14794ae8255b469a000debb7bc6fb58ee21bf28692bddd87f12","1","0","0","A","No evaluation_job and no materialized_evaluation exists in DB for this canonical opportunity."
"1430","o_bbce6cec","0ebfc9a23787ee4c405df74c6b1657a0a80a7fee84bdaad4f3b07b88ee0eceeb","LinkedIn","Sr Manager- Customer Experience","Unknown Company","Bengaluru, Karnataka","3f22491cfadf6a7769b8893278383e579934bb545f306cbaa85b96452dcde7ad","1","0","0","A","No evaluation_job and no materialized_evaluation exists in DB for this canonical opportunity."
"1431","o_bc18bbbc","a90c158d09bfc2460ad841c9b524f7f55087b80d83c21f2b5562a79e129fc828","LinkedIn","VP Finance Control Assurance","Unknown Company","Gurugram","383e1cfae20113b5cc292e6d2e2dfc0b85534916806768f8dfe1d0bf5c398afa","1","0","0","A","No evaluation_job and no materialized_evaluation exists in DB for this canonical opportunity."
"1432","o_bd8ba157","c63dbfc4c5855cc648facbe0220ec47963349514aaa37f942d0026d6db902b63","LinkedIn","Director of Digital Marketing - IndiGo Airlines","Unknown Company","Gurugram","9b6dfbd556aaf53d25e59831a55a9a3b15b10035ca9c0510e1f1030a53bb8a27","1","0","0","A","No evaluation_job and no materialized_evaluation exists in DB for this canonical opportunity."
"1433","o_bdcc93c8","7fc8eb321981504bf1e88d066e0766a44a0e575b37fb2361c3208638454b452e","LinkedIn","International RGM Future Capabilities Director","Unknown Company","Gurugram","0ea35be5f68fad694b382addb529847ff1a68a9c3efe74f1efe857d78b51810c","1","0","0","A","No evaluation_job and no materialized_evaluation exists in DB for this canonical opportunity."
"1434","o_bec67912","160187fed7f78dba0ea24ca99350bd2be58f6b2c1a8a6bb8b4280a12f9578569","LinkedIn","Head of Strategic Alliances","Unknown Company","Gurugram","dcca2ed890afd057b387d8551392c481680c67ea6c2f5033268615b0cc98f9a0","1","0","0","A","No evaluation_job and no materialized_evaluation exists in DB for this canonical opportunity."
"1435","o_c0396c83","b5dc9eed343ba63f8b65b7216f97b8a732792ded4fbd290867383512e60136e9","LinkedIn","Lead Business Analyst (BIA Platform)","Unknown Company","Hybrid - Delhi / NCR, Pune, Bengaluru","035c119c23cced950887d923e33ced0f162bc892bce871eea6f737627154303b","1","0","0","A","No evaluation_job and no materialized_evaluation exists in DB for this canonical opportunity."
"1436","o_c2533870","6a4a269e7078941f43dfdec9e658e3e347ad56d986b7e9693d7f7544a491289b","LinkedIn","ServiceNow Tower Head","Unknown Company","Hyderabad","b0c032b8943372fbe68bf051354d38663e0403024e02f22d649aac62fde2408e","1","0","0","A","No evaluation_job and no materialized_evaluation exists in DB for this canonical opportunity."
"1437","o_c2974a75","3dd5a2abe9489dab531ca48b649286388916821c23b0788905aa315e514309f4","LinkedIn","Vice President - Credit Risk & Market Risk Regulatory & Transformation (12-20 yrs)","Unknown Company","Mumbai, Bengaluru","fd3446453cf6c781448cf07c20183ae2647865c42c9b7430cc9c44a7b0fe8f44","1","0","0","A","No evaluation_job and no materialized_evaluation exists in DB for this canonical opportunity."
"1438","o_c59cd967","1a168dcca919f63edae7aae0e66d7b33f86d52988102579f169d40dd0934d336","LinkedIn","Associate Vice President, Strategic Initiatives - India","Unknown Company","Mumbai","daa6af1b62b996e5e30b78d1bc6225a172a958eb6bf4b06757358182a7a0be5b","1","0","0","A","No evaluation_job and no materialized_evaluation exists in DB for this canonical opportunity."
"1439","o_c5f7064d","d058addea15d134969ed6d3ac5db6de727ba2341ececb28d750822d234d206b9","LinkedIn","Full Stack Engineer (Python)","Unknown Company","Gurugram, Mumbai, Pune","a0b8cdfd043f4064a7fbeda972c1c3129bd727105240af942474c56b428d1309","1","0","0","A","No evaluation_job and no materialized_evaluation exists in DB for this canonical opportunity."
"1440","o_c6c65910","5d0c9ab94b3733872daac8e935d93be32d06416af7f0278ce2aa347943bfc4f1","LinkedIn","Senior Manager - Product Marketing","Unknown Company","Bengaluru, Karnataka","e9dc0a214220f9251432dd1077df4b664fa891eb62fbfa841d6d51fc3dc68932","1","0","0","A","No evaluation_job and no materialized_evaluation exists in DB for this canonical opportunity."
"1441","o_c8038b00","e45680fea9e58ed129eb45c38187966c8b46d9445a19cd35008ce29db681b54d","LinkedIn","Analyst/Sr. Analyst - Risk Management","Unknown Company","Gurugram","45dc65052278d20cc0a3ddebe36740588e3034716fe32257fe545cdaea9bbb63","1","0","0","A","No evaluation_job and no materialized_evaluation exists in DB for this canonical opportunity."
"1442","o_c85eb1e2","86213038110416ec9e6217e9a6531420c5de55773b09094b4385589c366eb291","LinkedIn","Associate Revenue Manager","Unknown Company","Gurugram","c526d3c194ad2c9da09a6296520fba1b5d3c61b3eb35f8f38abbed5b71830af6","1","0","0","A","No evaluation_job and no materialized_evaluation exists in DB for this canonical opportunity."
"1443","o_c8bdc1cf","6233e0fe3202f9d731e3c16ef2bdf0da3e6dbbef5b80a3dfa7f32b956a4d828b","LinkedIn","VP of Engineering - Robotics and Physical AI","Unknown Company","Bengaluru","2bb50dfa98705354bf98563e17b8f3cc8298feba67f3fa8deeda1c23736af9de","1","0","0","A","No evaluation_job and no materialized_evaluation exists in DB for this canonical opportunity."
"1444","o_c8cc3533","d6b0ef8ea71b6d165b8602fbd56ece7fc006107bc602ba47bf0beef544b542fe","LinkedIn","Group Operations Manager - Bank (18-28 yrs)","Unknown Company","Gurugram","1759d1e7bd4990dd57e1aeacdb2a671f555c89c4ff224f26f6b7ec711fe444a9","1","0","0","A","No evaluation_job and no materialized_evaluation exists in DB for this canonical opportunity."
"1445","o_c8cdcca3","62e08bcf7813761d0afdddd22f49e5f2d2305f996773217dce77edf077fbfe05","LinkedIn","India Head","Unknown Company","Mumbai(Lower Parel)","14bb771c7624d8ca4798c9893933dcdcf692acb8cb590947fec200daaa178b96","1","0","0","A","No evaluation_job and no materialized_evaluation exists in DB for this canonical opportunity."
"1446","o_c933258f","09bf207df6b1cebc7a5033206c89c4c9181f7a487639f5b364f2e4be2f32b36b","LinkedIn","Deloitte - Associate Director - Workforce Transformation - IIM/FMS/MDI/XLRI (10-15 yrs)","Unknown Company","Mumbai, Bengaluru, Delhi NCR","d757926980f69e68dccf6eecf396c77ab09ac5d26cc8751b552ed792afa7c82c","1","0","0","A","No evaluation_job and no materialized_evaluation exists in DB for this canonical opportunity."
"1447","o_ca9443fd","a4923b6c34b86db975c0445788f7912c62b31dbd10a7049550e05d61e65f6c67","LinkedIn","Program Lead - India Strategy Private Bank","Unknown Company","Mumbai","214eced480b8d70e8b3a38faa1e1747dc25bdbf2d5cc10bc8f74cdec45bd99f9","1","0","0","A","No evaluation_job and no materialized_evaluation exists in DB for this canonical opportunity."
"1448","o_cb1feef3","bcf25c33a05a3adf4f053d21022383f1b8eeec93a9a706f986b8f8e47d85e907","LinkedIn","Gynaecologist Doctor","Unknown Company","Nellore","dfef9f7b887e69578459105fc62c6573d7f2f6ceab4f615868e36df9f5467438","1","0","0","A","No evaluation_job and no materialized_evaluation exists in DB for this canonical opportunity."
"1449","o_cc2b2dd4","0f8bab7b2c05f334854523e9bd77e55059be607bf3c7539aaa581475e46b8502","LinkedIn","Senior Manager","Unknown Company","Bengaluru","08837d364125e7ae7c2db7442e108175d787ad5fb0e3b107923c890f908d079b","1","0","0","A","No evaluation_job and no materialized_evaluation exists in DB for this canonical opportunity."
"1450","o_cdbf8098","758a429d33f4e17ff15eb664ed62a9a5a71cca9d1b743c6d7216a8f966bae291","LinkedIn","Chief Business Head  Real Estate Developer Gurugram","Unknown Company","Gurugram","9aa33ea9c9676435fbc7d5dcff9d002a0a71d3f39536a714a6d5ef22e1e89049","1","0","0","A","No evaluation_job and no materialized_evaluation exists in DB for this canonical opportunity."
"1451","o_cde5149a","361da45a2ec8ec54b560f8d5011355c7f9feab917dc5ec9f979e0a2ac436bd0b","LinkedIn","Associate Vice President Operations","Unknown Company","Hyderabad, Pune, Mumbai (All Areas)","f7d75864daa50e01aa72a39afbe063c0a582bc9231cb001bd56984ebf02b9268","1","0","0","A","No evaluation_job and no materialized_evaluation exists in DB for this canonical opportunity."
"1452","o_ce0432b0","ec78b093a13951ba79926a832473dbdbe621409a68570ad622698af26cfb5468","LinkedIn","Brand Manager","Unknown Company","Unknown, Karnataka","d97391e4419348ff9327b1c4873a4966ca3dda7e9437eabe68f97cff1aea8539","1","0","0","A","No evaluation_job and no materialized_evaluation exists in DB for this canonical opportunity."
"1453","o_cf65e5ab","d35844645f3eb7701701204602fbcd428d04a84e02a96a391a054602ef837b8e","LinkedIn","Vice President of Product Development","Unknown Company","Remote","a33f26607fecd33b16a65811ddb51f00b34afc3e7b2f6b70ced51cc484a54439","1","0","0","A","No evaluation_job and no materialized_evaluation exists in DB for this canonical opportunity."
"1454","o_d1376756","4b4f9abc0830c8f985e1882e4b796be40f02139a39b9e4afc3548977481268ba","LinkedIn","VP- Engineering","Unknown Company","Pune","184d0cf29f8fcc4a792faf9ab2e174642c1375011b63e42ca3318a9ab199dc08","1","0","0","A","No evaluation_job and no materialized_evaluation exists in DB for this canonical opportunity."
"1455","o_d1753c10","8307374a8bfd4b41755d6691554225c2b806d43ba4d357e6b6ee8a08254c1083","LinkedIn","Lead Product Manager","Unknown Company","Bengaluru","842a1a13831c0f390060f6d8ed91a389c3dfde08795d9247efd6fe7ec592c692","1","0","0","A","No evaluation_job and no materialized_evaluation exists in DB for this canonical opportunity."
"1456","o_d22f24ba","159762317fd84759cdd3d78005718efbfb24fafbf5076af5325ff7c0a402f1fd","LinkedIn","Head - PED","Unknown Company","Chennai","898fcb52e684e2653f84f02bc0874cad54f2212af0284fa417f25f18a7c6a974","1","0","0","A","No evaluation_job and no materialized_evaluation exists in DB for this canonical opportunity."
"1457","o_d2ea1ec5","126dfc940e45155ed3ecf8922ccecb2616e500aade0411a8aa5cb6b4b9817970","LinkedIn","True Credits - Head - Customer Management (10-16 yrs)","Unknown Company","Gurugram","e50b388511d0544e06f8e4053beca9d5968899d86052e16d9192f6cbfdccd916","1","0","0","A","No evaluation_job and no materialized_evaluation exists in DB for this canonical opportunity."
"1458","o_d434804f","d8091fbdeef0f8a152871a405fbb3814e1ed487121a4711cbc47e256cdad1ad9","LinkedIn","Associate Vice President, Marketplace and Partnerships","Unknown Company","Gurugram","0df3dc7adc7aca8dc442fcfb755836f2d8f7f54f970f5fe415354f1fdb29ef38","1","0","0","A","No evaluation_job and no materialized_evaluation exists in DB for this canonical opportunity."
"1459","o_d5441d80","01e0b16d9242c2330a257d85d44c47f9256810ee6e133a4091e203e4ac0b19e0","LinkedIn","Royal Orchid Hotels - Chief Marketing Officer (10-28 yrs)","Unknown Company","Mumbai","421c948bc0eb1fc6b56b31b301f9a1623f333c4e0bc0a6eee4bf7c77a1867329","1","0","0","A","No evaluation_job and no materialized_evaluation exists in DB for this canonical opportunity."
"1460","o_d62f7c4b","5c73cdbea300a8bf71c54d9ae1d9a22740fc364642af1babb51aba7a56a7c2c6","LinkedIn","VP. Global Support","Unknown Company","Pune Division, Maharashtra, India (On-site)","238044c03b5000fa36609347fc338d09ff5a0926f9a9e95747ea43e9b0b26907","1","0","0","A","No evaluation_job and no materialized_evaluation exists in DB for this canonical opportunity."
"1461","o_d7c90f37","1672c08bdb0ca58e845460a7a3ef211f22fcf5dc18d087203f65c682e3878e57","LinkedIn","Chief Operations Officer (COO)","Unknown Company","Mumbai, Maharashtra","8f8bd681efcc6840f342c132679852e291971ee2b58e23cf091133813873e082","1","0","0","A","No evaluation_job and no materialized_evaluation exists in DB for this canonical opportunity."
"1462","o_d82bb29","95d4f819cf4034feadf073f398d3e6c8f63bf9f3e4453a0ad2e36ee0e58e3e68","LinkedIn","Associate Director, Marketing Excellence","Unknown Company","Mumbai","b117d394f8a503c13b475a55ebef9e46b126ab46661f70fcf38a5061b5f22183","1","0","0","A","No evaluation_job and no materialized_evaluation exists in DB for this canonical opportunity."
"1463","o_da999ddd","cf058ac596cdf044f000e38a511ed21eff33240ba2bc3777fe4e4ba53e485071","LinkedIn","Policybazaar - Head - Product (5-12 yrs)","Unknown Company","Gurugram","cced10df17be653174c8837a83e8d84a2031a1dca5bddd987640d88a56cd4f57","1","0","0","A","No evaluation_job and no materialized_evaluation exists in DB for this canonical opportunity."
"1464","o_df0f3fd","b6dd15d2894e24ec5da17cf93b55753f89a4a3deddfe0c7dfe2cbfd0bec20c8c","LinkedIn","Sr Technical Manager - Steel Detailing","Unknown Company","Pune, Chennai","8bbfc32db990b3308c677a2798bc0846ef886959a0f3453dbc92bacce1246f24","1","0","0","A","No evaluation_job and no materialized_evaluation exists in DB for this canonical opportunity."
"1465","o_e0984448","1ebc0a76f011b43c52420b812500ab11043205d187c2f9df72ef9f8637994cfe","LinkedIn","Sales Director","Unknown Company","Mumbai","027da708b2739742582f7fc32d1384df31ee8d007b45f83aac5567b284b7a9f4","1","0","0","A","No evaluation_job and no materialized_evaluation exists in DB for this canonical opportunity."
"1466","o_e18912b","b5f7d9ad0c5e3c75207cfa2b960ab7865d6f64952a4aff3558438d90b53a4a76","LinkedIn","Sr. Executive - CRM","Unknown Company","Pune, Maharashtra","edff190778bd110ba6d635ae653bdb3f504619e8e5c51cf9d5260b08635e0e9f","1","0","0","A","No evaluation_job and no materialized_evaluation exists in DB for this canonical opportunity."
"1467","o_e1fe84c1","7094844c6e7384a2f9e265fe522586ff3aadc639c99902af183a791db19406b1","LinkedIn","Senior Manager - Partner Success","Unknown Company","Mysuru, Karnataka","44c59a13e7b387ddf2bfb4fdfe0d097f38c90d544fa7aafdc4cd52c00fc24b21","1","0","0","A","No evaluation_job and no materialized_evaluation exists in DB for this canonical opportunity."
"1468","o_e21f54f3","690e362832cee86b0ad997a548229e97d9285020ef6baf07f60efcf3d0c6eeaf","LinkedIn","Sales Head","Unknown Company","Gurugram","13130ca9fd1742650272f565c3214fbf63f2d7547d9b74f9549cac7d9586445c","1","0","0","A","No evaluation_job and no materialized_evaluation exists in DB for this canonical opportunity."
"1469","o_e31e5aba","33ddf0a51ee0c8946433f18879be5353ac3469814bd939ab48ec016c380f9175","LinkedIn","The Indus Valley - Vice President - Marketing (15-20 yrs)","Unknown Company","Bengaluru","6db727f79a0b7f0d5c36eec621fdce10e5846afaee902bb5d1f33956b1fb69e8","1","0","0","A","No evaluation_job and no materialized_evaluation exists in DB for this canonical opportunity."
"1470","o_e86b4fbb","55f0bca553e9fcaeb85e2322c732c2e92f5130346ea0efd46a7fe746c80267b7","LinkedIn","Navin's -  Chief Marketing Officer (20-25 yrs)","Unknown Company","Chennai","7680a2227b58749d1f7355a71cd4ecfbadde51144797778830c928c595ca038c","1","0","0","A","No evaluation_job and no materialized_evaluation exists in DB for this canonical opportunity."
"1471","o_e9acf419","c8cf8742027e4b0064858c237f8439b9459ae98efcf6dc24f30a87ca2ef1b154","LinkedIn","Senior Vice President - Chief Growth Officer (20-25 yrs)","Unknown Company","Mumbai, Navi Mumbai","d11804aaa7c96585d957874aa2c7a8c413855e645b1e080b6e2b4221589b0ab2","1","0","0","A","No evaluation_job and no materialized_evaluation exists in DB for this canonical opportunity."
"1472","o_ea23c558","5fcf7cd38a6d79199ec0d7fd93c9e48911bfcf0f1ee9cf477764a248cfd8b054","LinkedIn","Laqshya Media Group -  Chief Business Officer - Digital (15-20 yrs)","Unknown Company","Mumbai","b52b0540133203a4391eace33e7c65d28f595db60a13d9eb0a574ac9fe857165","1","0","0","A","No evaluation_job and no materialized_evaluation exists in DB for this canonical opportunity."
"1473","o_ebdbf1bf","f2b37e73e3cbe467bd6035b667f9103d30043de275684ac917ebd69c19a6b511","LinkedIn","Head Customer Success- SAAS Platform","Unknown Company","Mumbai","f64bb54e0d03694bf0e5cd5bd051d224528bc3668f83161f1db7a8a6f7c3ad81","1","0","0","A","No evaluation_job and no materialized_evaluation exists in DB for this canonical opportunity."
"1474","o_eca779a2","367f7128aa41ef6016245ab8578c72548b98ab0454fed33eff92d4e512d67d4e","LinkedIn","AI Practice Manager","Unknown Company","Gurugram, Noida, Hyderabad","2a6a64262f0bac45707cbea906964340541dcb00c081dcf05f2367644af46797","1","0","0","A","No evaluation_job and no materialized_evaluation exists in DB for this canonical opportunity."
"1475","o_ed7e8fd9","3e59759ccca6df8c554908669b12941f0c7a92361bf8c08f82ea96754351e876","LinkedIn","SVP / VP of Engineering and Delivery","Unknown Company","Mumbai","6e1d8b5b8d1e1fb3d9f79b38d6c90d8657b980f96c76f58a2f54e0266be79884","1","0","0","A","No evaluation_job and no materialized_evaluation exists in DB for this canonical opportunity."
"1476","o_ee05d40b","c788d300b8c4cc4f983637d3da3be10cac2ea306698a2fbcd7870cd2646da490","LinkedIn","Consulting-C&M-Digital Foundry-Contac Centre -Operations Vice President","Unknown Company","Chennai, Tamil Nadu, India (On-site)","c7bc5f82c357766520353342804e4f29e6243dd0db562486d44c9be70c70171f","1","0","0","A","No evaluation_job and no materialized_evaluation exists in DB for this canonical opportunity."
"1477","o_ee2cc159","34e6ef3b240116fb2ec5f51ddceedfeea333a93238087f3fc22cd500e8b91b99","LinkedIn","Medical Director/Senior Consultant - Oncology","Unknown Company","Navi Mumbai","3cbd9354fb860dd91bdc89ce3a130c8fa04de27997c523f7616b783be9fef6aa","1","0","0","A","No evaluation_job and no materialized_evaluation exists in DB for this canonical opportunity."
"1478","o_ee868ac0","52197720fc1e89119ca3e1dd36d0a028f3c6809ad0f3a1c618bb5d954f48cbdf","LinkedIn","Corporate Sales AVP/VP/SVP EB/NON EB Insurance Broking","Unknown Company","Delhi / NCR, Pune, Mumbai (All Areas)","83a9f1b894ffbe519ec467d7820bf07a5d4b03a1c4824eb0d3e18e62e3a12614","1","0","0","A","No evaluation_job and no materialized_evaluation exists in DB for this canonical opportunity."
"1479","o_eea79df0","23b91e373a00073bbd8390bb2f303cb6cb43d9aaca5ff4ea908f062907986e25","LinkedIn","VP - Engineering and Maintenance","Unknown Company","Ahmedabad, Virochan Nagar","ffc587dab658095ae5fe8e4c3f7ac99dc23299efeb513e48196e33ab05f6a756","1","0","0","A","No evaluation_job and no materialized_evaluation exists in DB for this canonical opportunity."
"1480","o_effd7774","eaae1f2d9f3d745f570c1b867366735f7c24e42030f486eb275b446a58e925b1","LinkedIn","Associate Vice President","Unknown Company","Gurugram","735bc9c83bbff18653db09358db47cb48986ce0027a1256571b9fd66e6312bb1","1","0","0","A","No evaluation_job and no materialized_evaluation exists in DB for this canonical opportunity."
"1481","o_f04fde27","5b8a1eea132c22425f90ad98e0ba013fc7b604a0455e27791271603def2ce896","LinkedIn","Associate Director-Public Finance -Govt/Infra-15 Years -Pune/Mumbai","Unknown Company","Hybrid - Gurugram, Mumbai, Pune","d4afd31a872ed7de027ab341795b6b9daae5718137215ebd61e946c19214e478","1","0","0","A","No evaluation_job and no materialized_evaluation exists in DB for this canonical opportunity."
"1482","o_f0530b1f","d7b7fcf3ac80939ae8c2aad7827cd709e4a35883dc23630acdf67ff86372dfc3","LinkedIn","Project Manager - Wealth Management","Unknown Company","Hybrid - Pune, Chennai","6d789077abfb2056c8a8722c44fe855539b9ce44f567166e0545a106ba7dbc53","1","0","0","A","No evaluation_job and no materialized_evaluation exists in DB for this canonical opportunity."
"1483","o_f205b43c","8830aa24ecd69eaa0dff48ad51bdddfc1721d2945d6853676834fefd7f73fc2c","LinkedIn","AGM or DGM Channel Sales and Distribution","Unknown Company","Chennai","4982ed3000021a2711afe69dc0a527335c791bc9d458925549292c87ab642c59","1","0","0","A","No evaluation_job and no materialized_evaluation exists in DB for this canonical opportunity."
"1484","o_f2299f5e","fd7a278c6ad1802684deda27e20dfbd0ae6a108674f3485d512923be875bcf26","LinkedIn","Associate Medical Safety Director","Unknown Company","Bengaluru","9420aed228ab53e79308a00330b050888219a7ba284476b6683e25f7f51ddbe8","1","0","0","A","No evaluation_job and no materialized_evaluation exists in DB for this canonical opportunity."
"1485","o_f243537b","c13a359240c4408fffa26f2684603a2e4b80c390455f3654084f17e66dac49b7","LinkedIn","Lead - Account Manager  (Lead COE - Native Business)","Unknown Company","Gurugram","ec5c9fe70884bf13558e3e3c51584891d491c411a266b187b406c3b7cb2775a9","1","0","0","A","No evaluation_job and no materialized_evaluation exists in DB for this canonical opportunity."
"1486","o_f2b75e4c","727a183ef67493dc89803d644452bcfd93d319dda1c96029510659eafbd7a108","LinkedIn","Group Account Director","Unknown Company","Gurugram","858086df93b62cd58de3b291d91f5cfeabd4760e852e39f44d1d5aa115bd1225","1","0","0","A","No evaluation_job and no materialized_evaluation exists in DB for this canonical opportunity."
"1487","o_f39845a5","c523c8d021575061ad715d16f7b67e7f45095a0c9a45bd0d4a490aecee674d20","LinkedIn","Business Development Manager","Unknown Company","Gurugram","e581de9fcd6240abbcc4db23f82f2aaf17dd5d65292700ecc8073b825c1080aa","1","0","0","A","No evaluation_job and no materialized_evaluation exists in DB for this canonical opportunity."
"1488","o_f45de3cd","19e3e1f0ecde9ebd73bd0e9ba4f89d356c9e04764d7c018921780d8e5792e28d","LinkedIn","Head of Operations","Unknown Company","Mumbai, Maharashtra","29cbf067da378afc944dbe68e535d9fa13e5a48981e08efdcec583b01859cb74","1","0","0","A","No evaluation_job and no materialized_evaluation exists in DB for this canonical opportunity."
"1489","o_f4c28888","403f1c732fac98b9f36df1063eaac16c70337626aae05bba19388c5d730236e9","LinkedIn","Head of Engineering","Unknown Company","Kochi, Kerala, India (On-site)","bde789e359c8ae7500b674a18fa29be473028c1b455ac2630a209486706fad39","1","0","0","A","No evaluation_job and no materialized_evaluation exists in DB for this canonical opportunity."
"1490","o_f51e0540","0f46e95a5ca95866058bc28b4402238538e4b00677f545b4362c30c87363f532","LinkedIn","Senior Manager / Associate Director - Growth","Unknown Company","Mumbai, Maharashtra","133d66689a06ef5c633bb539033bcfeb62ce8bccdadcb857a71ef14c2c284b63","1","0","0","A","No evaluation_job and no materialized_evaluation exists in DB for this canonical opportunity."
"1491","o_f5dc64c9","b57ffdf44e2b0d85aca2b3c39fa0bc00c16301a67e710099ad7f1c31f9cea99f","LinkedIn","Vice President - Finance - CA (18-20 yrs)","Unknown Company","Gurugram","e5abb4e0aeeaa445dfac116a4ceb121b6d0b8b55c232e73850e105e3e36b11b7","1","0","0","A","No evaluation_job and no materialized_evaluation exists in DB for this canonical opportunity."
"1492","o_f6576111","92f731e0f7690a9af559b745b3758569a9975a6abd010e8782f087188cbaefb6","LinkedIn","SKV India - Head - Client Success (12-18 yrs)","Unknown Company","Gurugram","c96d88f2f3b434398980b61ad4b7946cca8bd3c052e1202be1bf0410ab2b3651","1","0","0","A","No evaluation_job and no materialized_evaluation exists in DB for this canonical opportunity."
"1493","o_f68c5f5c","a5156050dc03b0f242857f39b96e10d6a5d941fdaeef3b3770fd4bf3fba03159","LinkedIn","Brick&Bolt - Chief Marketing Officer (20-30 yrs)","Unknown Company","Bengaluru","8c876ab5e0d0e72c860dc8fad8f49d94e8c6e93614bc0d389d9935c5f98bc873","1","0","0","A","No evaluation_job and no materialized_evaluation exists in DB for this canonical opportunity."
"1494","o_f6bca512","707cd35162448e070ac70abb2249470e4eb248f9283ab27c20a1c04ef86598bf","LinkedIn","Associate Director - Market Risk & Model Validation (10-17 yrs)","Unknown Company","Bengaluru","1ffce4169f20eb6d7df00421c623959ca0b75f7bd7a38fef266a41d5f7846201","1","0","0","A","No evaluation_job and no materialized_evaluation exists in DB for this canonical opportunity."
"1495","o_f9293999","6738f70ebbbaaac67eb017df5e57de7ddb57776b3e425b1f58ef073d684ae619","LinkedIn","Marketing Head","Unknown Company","Ghaziabad","27c05d7a72b466544076a6f7aff37bdbd35daf3d27b1c2f0d5f264940f1ce2d3","1","0","0","A","No evaluation_job and no materialized_evaluation exists in DB for this canonical opportunity."
"1496","o_f9871ba8","57c2220f097166ab20a892491a4503d3bf8136d1f7294180a3a450ef875d9c35","LinkedIn","Business Transformation Assoc Director","Unknown Company","Gurugram","ae50c9d06fa26940be36a6d21a979ce823b8f3614f3aca38cb85089f6978dc20","1","0","0","A","No evaluation_job and no materialized_evaluation exists in DB for this canonical opportunity."
"1497","o_facf0333","8ad06745e4cecfd9f36a65afd0b6078a38cf2f2f0465338ccb60e2b13068836a","LinkedIn","Medical Director/Sr. Consultant - Oncology","Unknown Company","Kolkata","dae327fa27ab287f345c442d57c21ed91a9785a26a8d5c11075ea9d627f89b0c","1","0","0","A","No evaluation_job and no materialized_evaluation exists in DB for this canonical opportunity."
"1498","o_faf6c934","dba559b659e8dc76900d42c615af1f483ef12d2f963eb385b827dc28a27bf9c1","LinkedIn","Head of Growth Marketing","Unknown Company","Mumbai, Maharashtra","2a364515fcc3906724c1f9e82ef8b4b46c7fdfa5b3d7753bba904929015b2aa9","1","0","0","A","No evaluation_job and no materialized_evaluation exists in DB for this canonical opportunity."
"1499","o_fb519ad1","f0d4de0254d62cdc1a6d84fc90e1beee65b1b6a6f733d5a500cc7f2241907a20","LinkedIn","Group Manager / SVP Fundraising - Industrial","Unknown Company","Chennai","472f1f81b0c33a82b685ff044f869082aa1b49e93107b96dc6fa25bc8b04a2c3","1","0","0","A","No evaluation_job and no materialized_evaluation exists in DB for this canonical opportunity."
"1500","o_fcc8213a","9e99b9585e90a68450a046e84f742705d77b07c6cbcd28b9dbec9fb551fe447d","LinkedIn","Partner / State Director","Unknown Company","Chennai","be6abcf94a7752bf21400604b3294af97c77ec5f373267e920c7855b5ce59827","1","0","0","A","No evaluation_job and no materialized_evaluation exists in DB for this canonical opportunity."
"1501","o_fe398bc1","70dbac63e2639d808e708c5e7bfb2a7fff3d1ef52e4f3fd446c2856da203d1c8","LinkedIn","Director","Unknown Company","Gurugram","b21edf802111c49e97d8204bc22b0ae334d1e98dc8f1db6adc01fd0d19cb3870","1","0","0","A","No evaluation_job and no materialized_evaluation exists in DB for this canonical opportunity."
"1502","o_fea3549b","e1ce9aec3b54574aad11cb31d13d0905a03ed95bba8f7e2ffdd7d0bdb559f4f7","LinkedIn","AVP - PC Central Controls","Unknown Company","Pune, Chennai","811925f5beb2fb27145e646af547397b16a43ce5437d884566deca1617bea4a6","1","0","0","A","No evaluation_job and no materialized_evaluation exists in DB for this canonical opportunity."
"1503","o_ff3f8de7","8b86fb685fb57a00371973e966e1bba42dade48cc141bdad8090330ab25d6fd7","LinkedIn","Chief Human Resource Officer","Unknown Company","Gurugram","b85dbf239e512715bd52a06dfbffa67ab6f7cd765da0f7e96ad46c0880e83c4a","1","0","0","A","No evaluation_job and no materialized_evaluation exists in DB for this canonical opportunity."
"1504","o_ffbdfddd","c0cd669168a17ba570142f2b447951919b2acf0bd4762ed6f13f135e3769b9fe","LinkedIn","Chief Human Resource Officer","Unknown Company","Gurugram, Delhi / NCR, Noida","a4bac389120409977666fe1b2f4c31ba17f2c90419005c7435598e1df5d05e2f","1","0","0","A","No evaluation_job and no materialized_evaluation exists in DB for this canonical opportunity."