historical_job_hash,historical_verb,historical_raw_score,current_opportunity_id,current_canonical_id,current_version_id,current_document_id,match_method,confidence,disposition
"indeed:02c15dbf61c68f88","SPARSE_SPEC","0","","","","","NONE","UNKNOWN","HISTORICALLY_PRESENT_CURRENTLY_ABSENT"
"indeed:02cf36e0d562d5e5","SPARSE_SPEC","","","","","","NONE","UNKNOWN","HISTORICALLY_PRESENT_CURRENTLY_ABSENT"
"indeed:03e81bccddf7b143","SPARSE_SPEC","0","","","","","NONE","UNKNOWN","HISTORICALLY_PRESENT_CURRENTLY_ABSENT"
"indeed:060023fac16237b4","SPARSE_SPEC","0","","a2a570825058c06f57ad73e394445f845920354e309a8803909d57300fd3fa1d","78e125a29c673436f929b1bde35c48decf6f714d44e31e1da224f2a8f931b632","","LEVEL 1: Exact Native Source ID","PROVEN","SURVIVED_CANONICAL"
"indeed:0c19cc4ecc103951","SPARSE_SPEC","","","","","","NONE","UNKNOWN","HISTORICALLY_PRESENT_CURRENTLY_ABSENT"
"indeed:0cf3160ad0c09c84","SPARSE_SPEC","0","","","","","NONE","UNKNOWN","HISTORICALLY_PRESENT_CURRENTLY_ABSENT"
"indeed:0ecd4933c5f16eab","SPARSE_SPEC","0","","","","","NONE","UNKNOWN","HISTORICALLY_PRESENT_CURRENTLY_ABSENT"
"indeed:15965de05d86d29a","SPARSE_SPEC","","","","","","NONE","UNKNOWN","HISTORICALLY_PRESENT_CURRENTLY_ABSENT"
"indeed:1ad10ce75d9814cc","SPARSE_SPEC","0","","e7eb3e4dede422a32b2329165b47a9c2839b3bbd59770668624e7947a06a0b64","8bacc5e9ea2e62fb58c454923ccab2c23bb9301d2f09db88bf77967921120adf","","LEVEL 1: Exact Native Source ID","PROVEN","SURVIVED_CANONICAL"
"indeed:1bf266417491e282","SPARSE_SPEC","0","","","","","NONE","UNKNOWN","HISTORICALLY_PRESENT_CURRENTLY_ABSENT"
"indeed:1c445b539795b49a","SPARSE_SPEC","0","","","","","NONE","UNKNOWN","HISTORICALLY_PRESENT_CURRENTLY_ABSENT"
"indeed:1ca8000e4b3cbdb6","SPARSE_SPEC","0","","8b03f6024d1f748539b2a98e8f5f24ff4da7a2e01d09ca675c70e27b73e7f18e","572539ee27e4427d6a0ce59847eaf379ed6c21ccdbc0d47dfce590147780a01f","","LEVEL 1: Exact Native Source ID","PROVEN","SURVIVED_CANONICAL"
"indeed:1fb1bc97fd700f78","SPARSE_SPEC","0","","","","","NONE","UNKNOWN","HISTORICALLY_PRESENT_CURRENTLY_ABSENT"
"indeed:22e06d0248785b2a","SPARSE_SPEC","0","","","","","NONE","UNKNOWN","HISTORICALLY_PRESENT_CURRENTLY_ABSENT"
"indeed:26ddc90359fe084d","SPARSE_SPEC","0","","91e3e5a636d33b04cbe29766343b40588239bbb5d997596ad57780ed9b58d02f","a2782b4e2d8b2c8b6f845ba480de5858fc5d53f0ce6bbc5610eef0a2d2d4ee6b","","LEVEL 1: Exact Native Source ID","PROVEN","SURVIVED_CANONICAL"
"indeed:287d19277bb6e75c","SPARSE_SPEC","0","","","","","NONE","UNKNOWN","HISTORICALLY_PRESENT_CURRENTLY_ABSENT"
"indeed:310c3ec214e71675","SPARSE_SPEC","0","","","","","NONE","UNKNOWN","HISTORICALLY_PRESENT_CURRENTLY_ABSENT"
"indeed:31762e02dd841d48","SPARSE_SPEC","0","","","","","NONE","UNKNOWN","HISTORICALLY_PRESENT_CURRENTLY_ABSENT"
"indeed:3335192e8bc520e1","SPARSE_SPEC","0","","","","","NONE","UNKNOWN","HISTORICALLY_PRESENT_CURRENTLY_ABSENT"
"indeed:348ed53d7d9797db","SPARSE_SPEC","0","","","","","NONE","UNKNOWN","HISTORICALLY_PRESENT_CURRENTLY_ABSENT"
"indeed:35f4145bf11d4189","SPARSE_SPEC","0","","","","","NONE","UNKNOWN","HISTORICALLY_PRESENT_CURRENTLY_ABSENT"
"indeed:36827ca828bf8d66","SPARSE_SPEC","0","","8018c6b82266fcc27b27e5c68d257a0e27776994c2ce02ec76f18deb0e5d770f","cec61ce84b9a9381c8d22da7fea875ff5ffd8f19c961df755e31e4cf7538eb78","","LEVEL 1: Exact Native Source ID","PROVEN","SURVIVED_CANONICAL"
"indeed:37662117fbd25307","SPARSE_SPEC","0","","","","","NONE","UNKNOWN","HISTORICALLY_PRESENT_CURRENTLY_ABSENT"
"indeed:3a88021732be8e28","SPARSE_SPEC","0","","","","","NONE","UNKNOWN","HISTORICALLY_PRESENT_CURRENTLY_ABSENT"
"indeed:3a968a1e9f1fa9b6","SPARSE_SPEC","0","","","","","NONE","UNKNOWN","HISTORICALLY_PRESENT_CURRENTLY_ABSENT"
"indeed:3e6d22fcb587d763","SPARSE_SPEC","0","","","","","NONE","UNKNOWN","HISTORICALLY_PRESENT_CURRENTLY_ABSENT"
"indeed:3ec79b9a919d6eda","SPARSE_SPEC","0","","","","","NONE","UNKNOWN","HISTORICALLY_PRESENT_CURRENTLY_ABSENT"
"indeed:4332b8336f15e6bb","SPARSE_SPEC","0","","","","","NONE","UNKNOWN","HISTORICALLY_PRESENT_CURRENTLY_ABSENT"
"indeed:43f0f74fdbbe948a","SPARSE_SPEC","0","","","","","NONE","UNKNOWN","HISTORICALLY_PRESENT_CURRENTLY_ABSENT"
"indeed:453952fed7ffe3b5","SPARSE_SPEC","0","","a2ce58156990aa274931c030e61a6027c72ee1b3cae472a876c9fd5e97add223","1a22c1ea5f953a9efe85dddb23b878edaa7d14221b620b1516e3dfd6118d9896","","LEVEL 1: Exact Native Source ID","PROVEN","SURVIVED_CANONICAL"
"indeed:47faaa140fd34124","SPARSE_SPEC","","","","","","NONE","UNKNOWN","HISTORICALLY_PRESENT_CURRENTLY_ABSENT"
"indeed:49aabbff693eb525","SPARSE_SPEC","0","","47579919c51e10475a20402ab8bc2a321065481cbf7c28c44829e6bdd7235829","8031a83841241246e76fdd899230037c06653feab73f4c700c7f0ca664979915","","LEVEL 1: Exact Native Source ID","PROVEN","SURVIVED_CANONICAL"
"indeed:4cacae952c2da095","SPARSE_SPEC","","","","","","NONE","UNKNOWN","HISTORICALLY_PRESENT_CURRENTLY_ABSENT"
"indeed:50370bd2f95adbf9","SPARSE_SPEC","0","","d85893ff94473af92ac0d1bca0ba277458fab7429ef87945bbad902fc24e7c0d","3ed1d783213f30d73d82e6f5147b43043c396cb496d64a81838cd03422e08a6c","","LEVEL 1: Exact Native Source ID","PROVEN","SURVIVED_CANONICAL"
"indeed:51d634f694daa93c","SPARSE_SPEC","0","","f39051b10de9e9a2a1844f747ee69f56ff7012d64fb6992babdb83a75712c2e3","72aea593c9ff03a076f96e496c8d15bfd29bdda99735e5007a988cd08dd2576e","","LEVEL 1: Exact Native Source ID","PROVEN","SURVIVED_CANONICAL"
"indeed:551daef3543af0b1","SPARSE_SPEC","0","","84142a6e62578d1e6a2904dde80e8bed876e683c81e4345f1ce89c28ba04eee7","c1c4e4f1838dec1abdbfc07c6544e98bcdfa856c897cf3e47e860e71a87b3ae6","","LEVEL 1: Exact Native Source ID","PROVEN","SURVIVED_CANONICAL"
"indeed:563b2119641b7456","SPARSE_SPEC","0","","","","","NONE","UNKNOWN","HISTORICALLY_PRESENT_CURRENTLY_ABSENT"
"indeed:58351da2d8d07693","SPARSE_SPEC","0","","","","","NONE","UNKNOWN","HISTORICALLY_PRESENT_CURRENTLY_ABSENT"
"indeed:59725f1681fdfcd5","SPARSE_SPEC","0","","","","","NONE","UNKNOWN","HISTORICALLY_PRESENT_CURRENTLY_ABSENT"
"indeed:59ad84c2cf4b6d6a","SPARSE_SPEC","0","","","","","NONE","UNKNOWN","HISTORICALLY_PRESENT_CURRENTLY_ABSENT"
"indeed:63784501dab7a901","SPARSE_SPEC","0","","","","","NONE","UNKNOWN","HISTORICALLY_PRESENT_CURRENTLY_ABSENT"
"indeed:64204c304f754a72","SPARSE_SPEC","","","d67b624ff5fe5f5560f98b55e57d21f573bcec32df68b311a3a877eed034b010","acd1326231cab14fbd1271b96b225c00b823c4fc58f7a5aa5a3ce488d9a6b9a7","","LEVEL 1: Exact Native Source ID","PROVEN","SURVIVED_CANONICAL"
"indeed:65c707c2280b7c96","SPARSE_SPEC","","","","","","NONE","UNKNOWN","HISTORICALLY_PRESENT_CURRENTLY_ABSENT"
"indeed:67cd05fa73e75864","SPARSE_SPEC","0","","","","","NONE","UNKNOWN","HISTORICALLY_PRESENT_CURRENTLY_ABSENT"
"indeed:6ac12013d6e5fba5","SPARSE_SPEC","0","","","","","NONE","UNKNOWN","HISTORICALLY_PRESENT_CURRENTLY_ABSENT"
"indeed:6c8c9cee39734a2f","SPARSE_SPEC","0","","","","","NONE","UNKNOWN","HISTORICALLY_PRESENT_CURRENTLY_ABSENT"
"indeed:6e078b44904f1401","SPARSE_SPEC","0","","","","","NONE","UNKNOWN","HISTORICALLY_PRESENT_CURRENTLY_ABSENT"
"indeed:6e27850248f8236f","SPARSE_SPEC","","","","","","NONE","UNKNOWN","HISTORICALLY_PRESENT_CURRENTLY_ABSENT"
"indeed:6eddce5ee4e811ef","SPARSE_SPEC","","","","","","NONE","UNKNOWN","HISTORICALLY_PRESENT_CURRENTLY_ABSENT"
"indeed:6ef4c1b84554aa42","SPARSE_SPEC","0","","","","","NONE","UNKNOWN","HISTORICALLY_PRESENT_CURRENTLY_ABSENT"
"indeed:7315b18e9b6ae6c4","SPARSE_SPEC","0","","","","","NONE","UNKNOWN","HISTORICALLY_PRESENT_CURRENTLY_ABSENT"
"indeed:741827d512f68a3b","SPARSE_SPEC","","","","","","NONE","UNKNOWN","HISTORICALLY_PRESENT_CURRENTLY_ABSENT"
"indeed:7460340167e063e8","SPARSE_SPEC","0","","","","","NONE","UNKNOWN","HISTORICALLY_PRESENT_CURRENTLY_ABSENT"
"indeed:7619c32dc73447bb","SPARSE_SPEC","0","","","","","NONE","UNKNOWN","HISTORICALLY_PRESENT_CURRENTLY_ABSENT"
"indeed:77ea31966667259e","SPARSE_SPEC","","","","","","NONE","UNKNOWN","HISTORICALLY_PRESENT_CURRENTLY_ABSENT"
"indeed:78dbeb9246f09b38","SPARSE_SPEC","0","","","","","NONE","UNKNOWN","HISTORICALLY_PRESENT_CURRENTLY_ABSENT"
"indeed:79f9aa1c1011b9df","SPARSE_SPEC","0","","","","","NONE","UNKNOWN","HISTORICALLY_PRESENT_CURRENTLY_ABSENT"
"indeed:7aa29457ccba384d","SPARSE_SPEC","0","","","","","NONE","UNKNOWN","HISTORICALLY_PRESENT_CURRENTLY_ABSENT"
"indeed:7c5592510608d780","SPARSE_SPEC","0","","5da7069296a1b7d5a87f3cc7654eaf27163ba462ca1b4203efc6d998b43c9af4","a51cceeeae6c5808afd07a21b8e667c2db7a59fe0f2a3f87964ecf80bdc7329a","","LEVEL 1: Exact Native Source ID","PROVEN","SURVIVED_CANONICAL"
"indeed:7ce4f46115a089b2","SPARSE_SPEC","0","","","","","NONE","UNKNOWN","HISTORICALLY_PRESENT_CURRENTLY_ABSENT"
"indeed:7f0c58a4c37d9701","SPARSE_SPEC","0","","","","","NONE","UNKNOWN","HISTORICALLY_PRESENT_CURRENTLY_ABSENT"
"indeed:7ffa84028188f07c","SPARSE_SPEC","0","","","","","NONE","UNKNOWN","HISTORICALLY_PRESENT_CURRENTLY_ABSENT"
"indeed:829c871daddf233a","SPARSE_SPEC","0","","479bcabbc8c5435b4c1eb2cb20e75491dd7d1a4bb89af9a45c9df61a7e362d47","0a4cee1d59a36cffa9f925caeacd0ab0359ac873ff4c00acdde264970a07d5a4","","LEVEL 1: Exact Native Source ID","PROVEN","SURVIVED_CANONICAL"
"indeed:841ee7ce571d01d3","SPARSE_SPEC","0","","f266b09eb3d62fd37c384db88dc2cb623f601e6c74c7255b7518d5e6586196d4","068151e51b5cbadf74687cf21dbf39c89a5abcc4043c470a4eda78d534be0c84","","LEVEL 1: Exact Native Source ID","PROVEN","SURVIVED_CANONICAL"
"indeed:87253bffaa13fd2f","SPARSE_SPEC","0","","","","","NONE","UNKNOWN","HISTORICALLY_PRESENT_CURRENTLY_ABSENT"
"indeed:8c047b413ca62b60","SPARSE_SPEC","0","","1a2a9542e7aa9901f29940410710a86640a0da528c4c79d98221ddffa4d1174a","eec8f26a8856361521fc144079a792b01c3c3113c1ffc04ff662910e714c21ba","","LEVEL 1: Exact Native Source ID","PROVEN","SURVIVED_CANONICAL"
"indeed:8e333f2939efdbb4","SPARSE_SPEC","0","","","","","NONE","UNKNOWN","HISTORICALLY_PRESENT_CURRENTLY_ABSENT"
"indeed:8ea141fdabc82280","SPARSE_SPEC","0","","a13de4e4f39756ffd55647dd3a37c59b9f218b786572d80d3ab54bee9ad590f4","39493fc1739eb7f9993ecbfacb53c087175643d9eb7903dccdb149244bc22abf","","LEVEL 1: Exact Native Source ID","PROVEN","SURVIVED_CANONICAL"
"indeed:90d35bc9eba07760","SPARSE_SPEC","0","","","","","NONE","UNKNOWN","HISTORICALLY_PRESENT_CURRENTLY_ABSENT"
"indeed:91160888e35a41d6","SPARSE_SPEC","","","","","","NONE","UNKNOWN","HISTORICALLY_PRESENT_CURRENTLY_ABSENT"
"indeed:912c333722ae300c","SPARSE_SPEC","0","","","","","NONE","UNKNOWN","HISTORICALLY_PRESENT_CURRENTLY_ABSENT"
"indeed:958f5382f0d02bea","SPARSE_SPEC","0","","","","","NONE","UNKNOWN","HISTORICALLY_PRESENT_CURRENTLY_ABSENT"
"indeed:95b736830d8849e9","SPARSE_SPEC","0","","","","","NONE","UNKNOWN","HISTORICALLY_PRESENT_CURRENTLY_ABSENT"
"indeed:99dd76db5a51ec73","SPARSE_SPEC","0","","","","","NONE","UNKNOWN","HISTORICALLY_PRESENT_CURRENTLY_ABSENT"
"indeed:9b811b795ed376a4","SPARSE_SPEC","0","","","","","NONE","UNKNOWN","HISTORICALLY_PRESENT_CURRENTLY_ABSENT"
"indeed:a2957ed693dfac92","SPARSE_SPEC","0","","18812bb1117c3db33d8d20a5321f7afdff375f979bfaa8a21f92a8ef108bbdf7","7e48e28aa3e3d18c5054cf1c8cc4c93291e16579589312697ee790b2bcddca71","","LEVEL 1: Exact Native Source ID","PROVEN","SURVIVED_CANONICAL"
"indeed:a822d7dec727d183","SPARSE_SPEC","0","","","","","NONE","UNKNOWN","HISTORICALLY_PRESENT_CURRENTLY_ABSENT"
"indeed:aa1a82277512a167","SPARSE_SPEC","0","","","","","NONE","UNKNOWN","HISTORICALLY_PRESENT_CURRENTLY_ABSENT"
"indeed:ac1db002fea217f2","SPARSE_SPEC","0","","5c1fde1c50127e54a6b1aa45b66c4ce4be191efc86191a2f42e387aa1644430e","4ebe24474f3cd19d35d997abfec0e8623b3aab5c93aaa9724112a900bfd4aa5c","","LEVEL 1: Exact Native Source ID","PROVEN","SURVIVED_CANONICAL"
"indeed:ac7133b9f5208081","SPARSE_SPEC","0","","","","","NONE","UNKNOWN","HISTORICALLY_PRESENT_CURRENTLY_ABSENT"
"indeed:acce654ef86f137d","SPARSE_SPEC","","","","","","NONE","UNKNOWN","HISTORICALLY_PRESENT_CURRENTLY_ABSENT"
"indeed:acd99b0f591427df","SPARSE_SPEC","0","","","","","NONE","UNKNOWN","HISTORICALLY_PRESENT_CURRENTLY_ABSENT"
"indeed:ad59fc9afe75f95a","SPARSE_SPEC","0","","","","","NONE","UNKNOWN","HISTORICALLY_PRESENT_CURRENTLY_ABSENT"
"indeed:adb264c40ee632a9","SPARSE_SPEC","0","","","","","NONE","UNKNOWN","HISTORICALLY_PRESENT_CURRENTLY_ABSENT"
"indeed:af512764f97707f5","SPARSE_SPEC","","","","","","NONE","UNKNOWN","HISTORICALLY_PRESENT_CURRENTLY_ABSENT"
"indeed:af9ae4bc10c4f2b5","SPARSE_SPEC","0","","","","","NONE","UNKNOWN","HISTORICALLY_PRESENT_CURRENTLY_ABSENT"
"indeed:b0773bc105cf584d","SPARSE_SPEC","0","","","","","NONE","UNKNOWN","HISTORICALLY_PRESENT_CURRENTLY_ABSENT"
"indeed:b15e5798915aea26","SPARSE_SPEC","0","","3f40fec58a4477b60b2de055a7aff18abd707cae2cdc6415381a31b124a5cc87","062f23e5a5b727f7af85df2d34e573d6e5d9ab1137fcda2262a9dd4355de0c27","","LEVEL 1: Exact Native Source ID","PROVEN","SURVIVED_CANONICAL"
"indeed:b2836e328bdff0f9","SPARSE_SPEC","0","","","","","NONE","UNKNOWN","HISTORICALLY_PRESENT_CURRENTLY_ABSENT"
"indeed:b4d0f8be4da4f526","SPARSE_SPEC","","","","","","NONE","UNKNOWN","HISTORICALLY_PRESENT_CURRENTLY_ABSENT"
"indeed:b5a48765c8964d07","SPARSE_SPEC","0","","","","","NONE","UNKNOWN","HISTORICALLY_PRESENT_CURRENTLY_ABSENT"
"indeed:b5f2b9fbba237e7e","SPARSE_SPEC","0","","","","","NONE","UNKNOWN","HISTORICALLY_PRESENT_CURRENTLY_ABSENT"
"indeed:b65f5dcad1e606c4","SPARSE_SPEC","0","","","","","NONE","UNKNOWN","HISTORICALLY_PRESENT_CURRENTLY_ABSENT"
"indeed:b7498a87b0a0c194","SPARSE_SPEC","0","","715541a886799af37496e381955ab010aef0204e6ed845606f8173a52c83846c","982a1481f9a6ca0c085622942a7b60ed7998e274020fccbdf274af6c5607f50d","","LEVEL 1: Exact Native Source ID","PROVEN","SURVIVED_CANONICAL"
"indeed:b8e50a37b1246404","SPARSE_SPEC","0","","","","","NONE","UNKNOWN","HISTORICALLY_PRESENT_CURRENTLY_ABSENT"
"indeed:b90979295423f243","SPARSE_SPEC","0","","","","","NONE","UNKNOWN","HISTORICALLY_PRESENT_CURRENTLY_ABSENT"
"indeed:b984a05a9e37c782","SPARSE_SPEC","0","","","","","NONE","UNKNOWN","HISTORICALLY_PRESENT_CURRENTLY_ABSENT"
"indeed:ba3a457d38879c30","SPARSE_SPEC","0","","","","","NONE","UNKNOWN","HISTORICALLY_PRESENT_CURRENTLY_ABSENT"
"indeed:ba95335f325252bc","SPARSE_SPEC","0","","","","","NONE","UNKNOWN","HISTORICALLY_PRESENT_CURRENTLY_ABSENT"
"indeed:bc8a655949442631","SPARSE_SPEC","","","","","","NONE","UNKNOWN","HISTORICALLY_PRESENT_CURRENTLY_ABSENT"
"indeed:bcfa3dcb703255e2","SPARSE_SPEC","0","","","","","NONE","UNKNOWN","HISTORICALLY_PRESENT_CURRENTLY_ABSENT"
"indeed:bd3732f7acf006bd","SPARSE_SPEC","","","","","","NONE","UNKNOWN","HISTORICALLY_PRESENT_CURRENTLY_ABSENT"
"indeed:bd6bd64130d9b32b","SPARSE_SPEC","0","","","","","NONE","UNKNOWN","HISTORICALLY_PRESENT_CURRENTLY_ABSENT"
"indeed:bdb6d86f0578089f","SPARSE_SPEC","0","","","","","NONE","UNKNOWN","HISTORICALLY_PRESENT_CURRENTLY_ABSENT"
"indeed:c328bf93caacac58","SPARSE_SPEC","","","","","","NONE","UNKNOWN","HISTORICALLY_PRESENT_CURRENTLY_ABSENT"
"indeed:c407f5824aaeac09","SPARSE_SPEC","0","","","","","NONE","UNKNOWN","HISTORICALLY_PRESENT_CURRENTLY_ABSENT"
"indeed:c594f300c94cd32f","SPARSE_SPEC","0","","","","","NONE","UNKNOWN","HISTORICALLY_PRESENT_CURRENTLY_ABSENT"
"indeed:c612408d8c921a4e","SPARSE_SPEC","0","","","","","NONE","UNKNOWN","HISTORICALLY_PRESENT_CURRENTLY_ABSENT"
"indeed:c665e572bcbce186","SPARSE_SPEC","0","","","","","NONE","UNKNOWN","HISTORICALLY_PRESENT_CURRENTLY_ABSENT"
"indeed:c70fe4f121292b6b","SPARSE_SPEC","0","","","","","NONE","UNKNOWN","HISTORICALLY_PRESENT_CURRENTLY_ABSENT"
"indeed:c74fb989d025659a","SPARSE_SPEC","0","","ea5c2c1eafc9d1eaacd8b04b9654944e99b860a721ab755ce3ae194b28bd49ac","a5fe6cbe373330cd88c60a82fe6832eb73b05fb4db2c511be416ec97a868ff2d","","LEVEL 1: Exact Native Source ID","PROVEN","SURVIVED_CANONICAL"
"indeed:cba6aba8d3d59031","SPARSE_SPEC","","","","","","NONE","UNKNOWN","HISTORICALLY_PRESENT_CURRENTLY_ABSENT"
"indeed:cd8892092d5511ff","SPARSE_SPEC","","","","","","NONE","UNKNOWN","HISTORICALLY_PRESENT_CURRENTLY_ABSENT"
"indeed:cf36ea08ed6c64b2","SPARSE_SPEC","0","","0ccd93b68b793ee551f446294bd2b5e81c867d666c93a581ca9e227daf962a1f","48cd17ef71e3cd94393d86feddccbf8cda149bbc9088baccdc617b524bce011a","","LEVEL 1: Exact Native Source ID","PROVEN","SURVIVED_CANONICAL"
"indeed:cf658dcd36b04d23","SPARSE_SPEC","0","","","","","NONE","UNKNOWN","HISTORICALLY_PRESENT_CURRENTLY_ABSENT"
"indeed:d1013f952c60c9f6","SPARSE_SPEC","","","807cb1937558a28d66de3ca92df2ed6a53af84243c8ca5063ca1db2603cf63ff","b9b53cc8dca2700b6e2379126894605c2d898875620f0f33b648abf06f659781","","LEVEL 1: Exact Native Source ID","PROVEN","SURVIVED_CANONICAL"
"indeed:d5e642b4a1eb6611","SPARSE_SPEC","0","","6df17cc926ddd1b030bef562eeef12a6e8dbb7c20b5b05dc9ac816283caf0e64","468370b788b0777440bba5c9d9766f5ddc614370c16e566fc04f0b555792fe78","","LEVEL 1: Exact Native Source ID","PROVEN","SURVIVED_CANONICAL"
"indeed:d622bc0caba99804","SPARSE_SPEC","0","","","","","NONE","UNKNOWN","HISTORICALLY_PRESENT_CURRENTLY_ABSENT"
"indeed:d765f7ec9159fc2a","SPARSE_SPEC","0","","","","","NONE","UNKNOWN","HISTORICALLY_PRESENT_CURRENTLY_ABSENT"
"indeed:d77352d8684212b4","SPARSE_SPEC","0","","","","","NONE","UNKNOWN","HISTORICALLY_PRESENT_CURRENTLY_ABSENT"
"indeed:d7d6488aad3fc850","SPARSE_SPEC","0","","06861616003cccfd11429c9a6e2353c1b49becd69891ff1e389b673e0848bb24","dba062280f728d4d7a5abb2147dcd905adcba24aa760756157845aab2b269490","","LEVEL 1: Exact Native Source ID","PROVEN","SURVIVED_CANONICAL"
"indeed:d847292c0bd50d19","SPARSE_SPEC","0","","8306a5830aed8690c43acc62eae2c05d778234124c618dd267cad9f2e211569e","e44b7da3c703c4ad1219ef4a3daf257ff87aa96fdd4e01c5620f77f8c55712d5","","LEVEL 1: Exact Native Source ID","PROVEN","SURVIVED_CANONICAL"
"indeed:d8a5ab0c767cef3c","SPARSE_SPEC","0","","","","","NONE","UNKNOWN","HISTORICALLY_PRESENT_CURRENTLY_ABSENT"
"indeed:d8e199ed1119160e","SPARSE_SPEC","0","","","","","NONE","UNKNOWN","HISTORICALLY_PRESENT_CURRENTLY_ABSENT"
"indeed:dc9880aeb172ccd4","SPARSE_SPEC","","","25ee08ec4913afb4e0870363d12112b20070b8c244b79a230da311b0b0c75755","78d8842ff10f7e8bd6d325373808c140f955ff744f7f6ddc965647c09174bd89","","LEVEL 1: Exact Native Source ID","PROVEN","SURVIVED_CANONICAL"
"indeed:e2d233e7694c9114","SPARSE_SPEC","","","7ccf25410eb60b4afa6b38668341f29f93f66c76a0384d1a6ca9590343d47517","6be41c989847750350245427c76e366058e46088bc86956e56eaa8c97ed55a09","","LEVEL 1: Exact Native Source ID","PROVEN","SURVIVED_CANONICAL"
"indeed:e3c37ee527d2ce8e","SPARSE_SPEC","","","","","","NONE","UNKNOWN","HISTORICALLY_PRESENT_CURRENTLY_ABSENT"
"indeed:e3e54cc1587d28bd","SPARSE_SPEC","0","","410cde869a97ca6c60b0dc113ff0deeba13087d5bdbd5cb117ba0e2ef402aac8","7106043f7b9ad8bbdfa957efe4a5b03c3bd09bb9b85371d50f87c66213e8d58d","","LEVEL 1: Exact Native Source ID","PROVEN","SURVIVED_CANONICAL"
"indeed:e52e9403f8fdb75d","SPARSE_SPEC","0","","9a702837181836304b754669fe193362ce9b11a4065b3bdd4adfc5be6e681f50","7540b098284caee0b26b853735d3ba1894c474736d36e5854d8a1f83cdf33cd9","","LEVEL 1: Exact Native Source ID","PROVEN","SURVIVED_CANONICAL"
"indeed:ea4549782df14c99","SPARSE_SPEC","","","8dbe01f87eee8bdc7695595317215cbb67c80c21198d9ad2dbecf0f3ee9d0ff8","4f3f2419da19553bb3bd07f47e4e5faa2022db5f54e3cf33fdb4edd1d59503a4","","LEVEL 1: Exact Native Source ID","PROVEN","SURVIVED_CANONICAL"
"indeed:ead833cb2cf43ea0","SPARSE_SPEC","0","","","","","NONE","UNKNOWN","HISTORICALLY_PRESENT_CURRENTLY_ABSENT"
"indeed:ec7c9b675b33821f","SPARSE_SPEC","0","","","","","NONE","UNKNOWN","HISTORICALLY_PRESENT_CURRENTLY_ABSENT"
"indeed:ed22c1555049c811","SPARSE_SPEC","0","","","","","NONE","UNKNOWN","HISTORICALLY_PRESENT_CURRENTLY_ABSENT"
"indeed:ed977fd77ab76b68","SPARSE_SPEC","0","","","","","NONE","UNKNOWN","HISTORICALLY_PRESENT_CURRENTLY_ABSENT"
"indeed:eeefe01df25abf0c","SPARSE_SPEC","0","","94afc12a72e0dc4dcd644d2822d0ad51ea277a4a6a3c5518ea67df9a0e418a5b","8c90d6b086e4ad7befe832e966ab3ea3d3879f9dec0be477c71fb30d81e2f935","","LEVEL 1: Exact Native Source ID","PROVEN","SURVIVED_CANONICAL"
"indeed:ef871d98e3f4f3e4","SPARSE_SPEC","","","","","","NONE","UNKNOWN","HISTORICALLY_PRESENT_CURRENTLY_ABSENT"
"indeed:f52f3d9883b5f9b8","SPARSE_SPEC","0","","5e03960645a58f3c0e94452d3ceab16cbf48daf8ebd0a1351f661e5a63bf08c2","d7eee3111bcb0fb0fd41e3212c1c25083ecda694994ac842024b51e2fab64dd6","","LEVEL 1: Exact Native Source ID","PROVEN","SURVIVED_CANONICAL"
"indeed:f71767ae428c86f2","SPARSE_SPEC","0","","","","","NONE","UNKNOWN","HISTORICALLY_PRESENT_CURRENTLY_ABSENT"
"indeed:f76d677edf413d3c","SPARSE_SPEC","0","","","","","NONE","UNKNOWN","HISTORICALLY_PRESENT_CURRENTLY_ABSENT"
"indeed:fbc17f52bca02354","SPARSE_SPEC","0","","159fa1d6fde5b1e650f50c60763947bbb72f7423a3f66ad495a9803d3b0194ec","0e0c9644b6c9eb9c2dc75a3463c3515b63f67da25a8aec502acb535669968c8d","","LEVEL 1: Exact Native Source ID","PROVEN","SURVIVED_CANONICAL"
"indeed:fcec5a9bd26838cf","SPARSE_SPEC","0","","41c66c0f28983dadf57d6831fd4ab573cd8009eea8ea4de1aa462cc074ad101f","db0196c964a000a0199b2d548d804d0c00ff24824a5f5b36e4d8ce37ba8caab6","","LEVEL 1: Exact Native Source ID","PROVEN","SURVIVED_CANONICAL"
"indeed:fcfd8fdfcfa992f4","SPARSE_SPEC","","","","","","NONE","UNKNOWN","HISTORICALLY_PRESENT_CURRENTLY_ABSENT"
"j-001903942cc3","CONSIDER","67","","","","","NONE","UNKNOWN","HISTORICALLY_PRESENT_CURRENTLY_ABSENT"
"j-001df2413dad","CONSIDER","56","","","","","NONE","UNKNOWN","HISTORICALLY_PRESENT_CURRENTLY_ABSENT"
"j-00409c5f3109","PASS","","","","","","NONE","UNKNOWN","HISTORICALLY_PRESENT_CURRENTLY_ABSENT"
"j-008f74870e2a","PURSUE","70","","","","","NONE","UNKNOWN","HISTORICALLY_PRESENT_CURRENTLY_ABSENT"
"j-00aaee593e18","PASS","","","","","","NONE","UNKNOWN","HISTORICALLY_PRESENT_CURRENTLY_ABSENT"
"j-00b1a351d2d0","PASS","","","","","","NONE","UNKNOWN","HISTORICALLY_PRESENT_CURRENTLY_ABSENT"
"j-00bb63c88638","PASS","","","","","","NONE","UNKNOWN","HISTORICALLY_PRESENT_CURRENTLY_ABSENT"
"j-00cd2feb62eb","PURSUE","66","","","","","NONE","UNKNOWN","HISTORICALLY_PRESENT_CURRENTLY_ABSENT"
"j-00e074bc70f5","PASS","54","","","","","NONE","UNKNOWN","HISTORICALLY_PRESENT_CURRENTLY_ABSENT"
"j-010995725905","PASS","40","","","","","NONE","UNKNOWN","HISTORICALLY_PRESENT_CURRENTLY_ABSENT"
"j-01360b4c63f5","SPARSE_SPEC","0","","","","","NONE","UNKNOWN","HISTORICALLY_PRESENT_CURRENTLY_ABSENT"
"j-014ed3a0898b","PASS","46","","","","","NONE","UNKNOWN","HISTORICALLY_PRESENT_CURRENTLY_ABSENT"
"j-0171e38fb344","PASS","","","","","","NONE","UNKNOWN","HISTORICALLY_PRESENT_CURRENTLY_ABSENT"
"j-0194ad7ab00c","CONSIDER","58","","","","","NONE","UNKNOWN","HISTORICALLY_PRESENT_CURRENTLY_ABSENT"
"j-01e0bd93d72c","PASS","54","","","","","NONE","UNKNOWN","HISTORICALLY_PRESENT_CURRENTLY_ABSENT"
"j-021d25f9e24f","PASS","40","","","","","NONE","UNKNOWN","HISTORICALLY_PRESENT_CURRENTLY_ABSENT"
"j-0244b3725314","PASS","","","","","","NONE","UNKNOWN","HISTORICALLY_PRESENT_CURRENTLY_ABSENT"
"j-027050986d45","CONSIDER","59","","","","","NONE","UNKNOWN","HISTORICALLY_PRESENT_CURRENTLY_ABSENT"
"j-02fd4717e968","PASS","","","","","","NONE","UNKNOWN","HISTORICALLY_PRESENT_CURRENTLY_ABSENT"
"j-0356c8ae31da","PURSUE","70","","","","","NONE","UNKNOWN","HISTORICALLY_PRESENT_CURRENTLY_ABSENT"
"j-036d5f614b58","PASS","","","","","","NONE","UNKNOWN","HISTORICALLY_PRESENT_CURRENTLY_ABSENT"
"j-0377407df31a","CONSIDER","74","","","","","NONE","UNKNOWN","HISTORICALLY_PRESENT_CURRENTLY_ABSENT"
"j-0379479f0b86","PURSUE","76","","","","","NONE","UNKNOWN","HISTORICALLY_PRESENT_CURRENTLY_ABSENT"
"j-038063687cec","PASS","49","","","","","NONE","UNKNOWN","HISTORICALLY_PRESENT_CURRENTLY_ABSENT"
"j-03b75f450eb3","CONSIDER","80","","","","","NONE","UNKNOWN","HISTORICALLY_PRESENT_CURRENTLY_ABSENT"
"j-03ba65eaf7f2","CONSIDER","63","","","","","NONE","UNKNOWN","HISTORICALLY_PRESENT_CURRENTLY_ABSENT"
"j-03bbdb643124","CONSIDER","60","","","","","NONE","UNKNOWN","HISTORICALLY_PRESENT_CURRENTLY_ABSENT"
"j-03c8403b9a82","PASS","35","","","","","NONE","UNKNOWN","HISTORICALLY_PRESENT_CURRENTLY_ABSENT"
"j-03d382873c95","PASS","48","","","","","NONE","UNKNOWN","HISTORICALLY_PRESENT_CURRENTLY_ABSENT"
"j-03e3424cebd1","PASS","","","","","","NONE","UNKNOWN","HISTORICALLY_PRESENT_CURRENTLY_ABSENT"
"j-04065b3285d4","PASS","","","","","","NONE","UNKNOWN","HISTORICALLY_PRESENT_CURRENTLY_ABSENT"
"j-046212c61917","PASS","54","","","","","NONE","UNKNOWN","HISTORICALLY_PRESENT_CURRENTLY_ABSENT"
"j-04acb1b1be94","PASS","","","","","","NONE","UNKNOWN","HISTORICALLY_PRESENT_CURRENTLY_ABSENT"
"j-051b6244a0ba","PASS","","","","","","NONE","UNKNOWN","HISTORICALLY_PRESENT_CURRENTLY_ABSENT"
"j-05ac57cbc9f5","PASS","46","","","","","NONE","UNKNOWN","HISTORICALLY_PRESENT_CURRENTLY_ABSENT"
"j-065119d26888","CONSIDER","61","","","","","NONE","UNKNOWN","HISTORICALLY_PRESENT_CURRENTLY_ABSENT"
"j-066180afd525","PURSUE","77","","","","","NONE","UNKNOWN","HISTORICALLY_PRESENT_CURRENTLY_ABSENT"
"j-067a81344442","PASS","40","","","","","NONE","UNKNOWN","HISTORICALLY_PRESENT_CURRENTLY_ABSENT"
"j-068d61228657","PASS","","","","","","NONE","UNKNOWN","HISTORICALLY_PRESENT_CURRENTLY_ABSENT"
"j-06ad3808001f","PASS","","","","","","NONE","UNKNOWN","HISTORICALLY_PRESENT_CURRENTLY_ABSENT"
"j-06c0c275e3cf","PASS","","","","","","NONE","UNKNOWN","HISTORICALLY_PRESENT_CURRENTLY_ABSENT"
"j-0752c88e127f","PASS","","","","","","NONE","UNKNOWN","HISTORICALLY_PRESENT_CURRENTLY_ABSENT"
"j-07859a3ef1f3","PASS","47","","","","","NONE","UNKNOWN","HISTORICALLY_PRESENT_CURRENTLY_ABSENT"
"j-07980a705493","PURSUE","76","","","","","NONE","UNKNOWN","HISTORICALLY_PRESENT_CURRENTLY_ABSENT"
"j-07c4fd9c7282","PASS","64","","","","","NONE","UNKNOWN","HISTORICALLY_PRESENT_CURRENTLY_ABSENT"
"j-08079af407af","PURSUE","75","","","","","NONE","UNKNOWN","HISTORICALLY_PRESENT_CURRENTLY_ABSENT"
"j-080dc0bca732","PASS","","","","","","NONE","UNKNOWN","HISTORICALLY_PRESENT_CURRENTLY_ABSENT"
"j-0826676339c6","CONSIDER","62","","","","","NONE","UNKNOWN","HISTORICALLY_PRESENT_CURRENTLY_ABSENT"
"j-084e7f956a38","CONSIDER","58","","","","","NONE","UNKNOWN","HISTORICALLY_PRESENT_CURRENTLY_ABSENT"
"j-08d083736eda","PASS","","","","","","NONE","UNKNOWN","HISTORICALLY_PRESENT_CURRENTLY_ABSENT"
"j-093db31b2ee9","PASS","","","","","","NONE","UNKNOWN","HISTORICALLY_PRESENT_CURRENTLY_ABSENT"
"j-095382ebd1ee","PASS","","","","","","NONE","UNKNOWN","HISTORICALLY_PRESENT_CURRENTLY_ABSENT"
"j-099437e80b44","PURSUE","78","","","","","NONE","UNKNOWN","HISTORICALLY_PRESENT_CURRENTLY_ABSENT"
"j-09d0fd6f3242","CONSIDER","57","","","","","NONE","UNKNOWN","HISTORICALLY_PRESENT_CURRENTLY_ABSENT"
"j-09d8be1576fe","PASS","","","","","","NONE","UNKNOWN","HISTORICALLY_PRESENT_CURRENTLY_ABSENT"
"j-0a07327ea477","PASS","53","","","","","NONE","UNKNOWN","HISTORICALLY_PRESENT_CURRENTLY_ABSENT"
"j-0a15815c8907","PASS","","","","","","NONE","UNKNOWN","HISTORICALLY_PRESENT_CURRENTLY_ABSENT"
"j-0a2fecd94b29","PASS","","","","","","NONE","UNKNOWN","HISTORICALLY_PRESENT_CURRENTLY_ABSENT"
"j-0a5b3c5f63e7","PASS","","","","","","NONE","UNKNOWN","HISTORICALLY_PRESENT_CURRENTLY_ABSENT"
"j-0aa2163a3bb0","PASS","","","","","","NONE","UNKNOWN","HISTORICALLY_PRESENT_CURRENTLY_ABSENT"
"j-0ad1c5574494","PASS","","","","","","NONE","UNKNOWN","HISTORICALLY_PRESENT_CURRENTLY_ABSENT"
"j-0af53f765225","PASS","","","","","","NONE","UNKNOWN","HISTORICALLY_PRESENT_CURRENTLY_ABSENT"
"j-0b61850a1a2b","PASS","","","","","","NONE","UNKNOWN","HISTORICALLY_PRESENT_CURRENTLY_ABSENT"
"j-0b62965ffb9f","PASS","","","","","","NONE","UNKNOWN","HISTORICALLY_PRESENT_CURRENTLY_ABSENT"
"j-0b6614794439","PASS","65","","","","","NONE","UNKNOWN","HISTORICALLY_PRESENT_CURRENTLY_ABSENT"
"j-0b7b1681d757","CONSIDER","59","","","","","NONE","UNKNOWN","HISTORICALLY_PRESENT_CURRENTLY_ABSENT"
"j-0bbaddc1f331","PASS","","","","","","NONE","UNKNOWN","HISTORICALLY_PRESENT_CURRENTLY_ABSENT"
"j-0bbbebfd8058","PASS","","","","","","NONE","UNKNOWN","HISTORICALLY_PRESENT_CURRENTLY_ABSENT"
"j-0beb0272842e","PASS","43","","","","","NONE","UNKNOWN","HISTORICALLY_PRESENT_CURRENTLY_ABSENT"
"j-0bed232c1434","CONSIDER","62","","","","","NONE","UNKNOWN","HISTORICALLY_PRESENT_CURRENTLY_ABSENT"
"j-0c07cb428299","CONSIDER","60","","","","","NONE","UNKNOWN","HISTORICALLY_PRESENT_CURRENTLY_ABSENT"
"j-0c8756ca6778","PASS","50","","","","","NONE","UNKNOWN","HISTORICALLY_PRESENT_CURRENTLY_ABSENT"
"j-0ccfad06138e","CONSIDER","60","","","","","NONE","UNKNOWN","HISTORICALLY_PRESENT_CURRENTLY_ABSENT"
"j-0d4018de78e8","PURSUE","67","","","","","NONE","UNKNOWN","HISTORICALLY_PRESENT_CURRENTLY_ABSENT"
"j-0d52153b4cb4","CONSIDER","58","","","","","NONE","UNKNOWN","HISTORICALLY_PRESENT_CURRENTLY_ABSENT"
"j-0d6122cf43eb","PASS","","","","","","NONE","UNKNOWN","HISTORICALLY_PRESENT_CURRENTLY_ABSENT"
"j-0d6a4e458806","SPARSE_SPEC","0","","","","","NONE","UNKNOWN","HISTORICALLY_PRESENT_CURRENTLY_ABSENT"
"j-0dd6e8199638","PURSUE","70","","","","","NONE","UNKNOWN","HISTORICALLY_PRESENT_CURRENTLY_ABSENT"
"j-0de01c79d613","PASS","43","","","","","NONE","UNKNOWN","HISTORICALLY_PRESENT_CURRENTLY_ABSENT"
"j-0df09d121a67","PASS","47","","","","","NONE","UNKNOWN","HISTORICALLY_PRESENT_CURRENTLY_ABSENT"
"j-0dfb4d0a2959","PASS","45","","","","","NONE","UNKNOWN","HISTORICALLY_PRESENT_CURRENTLY_ABSENT"
"j-0ef1e62d1865","PURSUE","76","","","","","NONE","UNKNOWN","HISTORICALLY_PRESENT_CURRENTLY_ABSENT"
"j-0f125978bd6f","PASS","54","","","","","NONE","UNKNOWN","HISTORICALLY_PRESENT_CURRENTLY_ABSENT"
"j-0f6fb5c20f2d","PASS","49","","","","","NONE","UNKNOWN","HISTORICALLY_PRESENT_CURRENTLY_ABSENT"
"j-0f899e62275a","PASS","","","","","","NONE","UNKNOWN","HISTORICALLY_PRESENT_CURRENTLY_ABSENT"
"j-0f992fe5707c","PASS","","","","","","NONE","UNKNOWN","HISTORICALLY_PRESENT_CURRENTLY_ABSENT"
"j-0f9b3cdb0a23","PASS","51","","","","","NONE","UNKNOWN","HISTORICALLY_PRESENT_CURRENTLY_ABSENT"
"j-0fb7629fdd59","PASS","","","","","","NONE","UNKNOWN","HISTORICALLY_PRESENT_CURRENTLY_ABSENT"
"j-0fda95b64b1c","CONSIDER","60","","","","","NONE","UNKNOWN","HISTORICALLY_PRESENT_CURRENTLY_ABSENT"
"j-0fe3b5929440","CONSIDER","59","","","","","NONE","UNKNOWN","HISTORICALLY_PRESENT_CURRENTLY_ABSENT"
"j-10258fd79ffa","CONSIDER","63","","","","","NONE","UNKNOWN","HISTORICALLY_PRESENT_CURRENTLY_ABSENT"
"j-1055bc5b24dd","PASS","","","","","","NONE","UNKNOWN","HISTORICALLY_PRESENT_CURRENTLY_ABSENT"
"j-108e242abc52","PASS","37","","","","","NONE","UNKNOWN","HISTORICALLY_PRESENT_CURRENTLY_ABSENT"
"j-10a73e10f00a","PASS","","","","","","NONE","UNKNOWN","HISTORICALLY_PRESENT_CURRENTLY_ABSENT"
"j-10ca58fec564","PASS","39","","","","","NONE","UNKNOWN","HISTORICALLY_PRESENT_CURRENTLY_ABSENT"
"j-110fb04dd02a","CONSIDER","62","","","","","NONE","UNKNOWN","HISTORICALLY_PRESENT_CURRENTLY_ABSENT"
"j-119e07444ebe","PASS","","","","","","NONE","UNKNOWN","HISTORICALLY_PRESENT_CURRENTLY_ABSENT"
"j-11a9e886df71","PURSUE","65","","","","","NONE","UNKNOWN","HISTORICALLY_PRESENT_CURRENTLY_ABSENT"
"j-11bc820332fc","PURSUE","71","","","","","NONE","UNKNOWN","HISTORICALLY_PRESENT_CURRENTLY_ABSENT"
"j-11ca5cdc194e","PURSUE","68","","","","","NONE","UNKNOWN","HISTORICALLY_PRESENT_CURRENTLY_ABSENT"
"j-11ffc9e55c60","PURSUE","70","","","","","NONE","UNKNOWN","HISTORICALLY_PRESENT_CURRENTLY_ABSENT"
"j-1209e95f7d32","CONSIDER","59","","","","","NONE","UNKNOWN","HISTORICALLY_PRESENT_CURRENTLY_ABSENT"
"j-121cd55650d0","PURSUE","65","","","","","NONE","UNKNOWN","HISTORICALLY_PRESENT_CURRENTLY_ABSENT"
"j-122635045f26","PASS","45","","","","","NONE","UNKNOWN","HISTORICALLY_PRESENT_CURRENTLY_ABSENT"
"j-12574257480a","CONSIDER","61","","","","","NONE","UNKNOWN","HISTORICALLY_PRESENT_CURRENTLY_ABSENT"
"j-12adae9ea552","CONSIDER","57","","","","","NONE","UNKNOWN","HISTORICALLY_PRESENT_CURRENTLY_ABSENT"
"j-12d115eab524","CONSIDER","63","","","","","NONE","UNKNOWN","HISTORICALLY_PRESENT_CURRENTLY_ABSENT"
"j-1307cfde1a55","PASS","","","","","","NONE","UNKNOWN","HISTORICALLY_PRESENT_CURRENTLY_ABSENT"
"j-13ab7961d8be","CONSIDER","55","","","","","NONE","UNKNOWN","HISTORICALLY_PRESENT_CURRENTLY_ABSENT"
"j-13dea63e0ab7","PASS","","","","","","NONE","UNKNOWN","HISTORICALLY_PRESENT_CURRENTLY_ABSENT"
"j-1412baa613c4","CONSIDER","64","","","","","NONE","UNKNOWN","HISTORICALLY_PRESENT_CURRENTLY_ABSENT"
"j-144621ad5564","PASS","35","","","","","NONE","UNKNOWN","HISTORICALLY_PRESENT_CURRENTLY_ABSENT"
"j-14d1616a2464","PASS","54","","","","","NONE","UNKNOWN","HISTORICALLY_PRESENT_CURRENTLY_ABSENT"
"j-14d7d759feea","PASS","","","","","","NONE","UNKNOWN","HISTORICALLY_PRESENT_CURRENTLY_ABSENT"
"j-158c61cfb3f2","PASS","","","","","","NONE","UNKNOWN","HISTORICALLY_PRESENT_CURRENTLY_ABSENT"
"j-15b74f4b4e8e","PASS","40","","","","","NONE","UNKNOWN","HISTORICALLY_PRESENT_CURRENTLY_ABSENT"
"j-15f9db6b178e","PASS","","","","","","NONE","UNKNOWN","HISTORICALLY_PRESENT_CURRENTLY_ABSENT"
"j-1613432c94d8","PASS","","","","","","NONE","UNKNOWN","HISTORICALLY_PRESENT_CURRENTLY_ABSENT"
"j-16199fe29def","CONSIDER","64","","","","","NONE","UNKNOWN","HISTORICALLY_PRESENT_CURRENTLY_ABSENT"
"j-16500691c726","PASS","52","","","","","NONE","UNKNOWN","HISTORICALLY_PRESENT_CURRENTLY_ABSENT"
"j-165d061d03b1","PASS","","","","","","NONE","UNKNOWN","HISTORICALLY_PRESENT_CURRENTLY_ABSENT"
"j-1680a54f593a","PASS","","","","","","NONE","UNKNOWN","HISTORICALLY_PRESENT_CURRENTLY_ABSENT"
"j-168af18173fd","PURSUE","72","","","","","NONE","UNKNOWN","HISTORICALLY_PRESENT_CURRENTLY_ABSENT"
"j-168fa00a8aee","PASS","39","","","","","NONE","UNKNOWN","HISTORICALLY_PRESENT_CURRENTLY_ABSENT"
"j-172ffd0b6c5d","PASS","","","","","","NONE","UNKNOWN","HISTORICALLY_PRESENT_CURRENTLY_ABSENT"
"j-17392035863f","PASS","43","","","","","NONE","UNKNOWN","HISTORICALLY_PRESENT_CURRENTLY_ABSENT"
"j-1745055b7955","PASS","","","","","","NONE","UNKNOWN","HISTORICALLY_PRESENT_CURRENTLY_ABSENT"
"j-17a5d75f6517","PASS","","","","","","NONE","UNKNOWN","HISTORICALLY_PRESENT_CURRENTLY_ABSENT"
"j-17ac3af70d1b","CONSIDER","68","","","","","NONE","UNKNOWN","HISTORICALLY_PRESENT_CURRENTLY_ABSENT"
"j-17bb46858d47","PASS","","","","","","NONE","UNKNOWN","HISTORICALLY_PRESENT_CURRENTLY_ABSENT"
"j-17cf4bf12862","PASS","","","","","","NONE","UNKNOWN","HISTORICALLY_PRESENT_CURRENTLY_ABSENT"
"j-186de17d67d0","PASS","","","","","","NONE","UNKNOWN","HISTORICALLY_PRESENT_CURRENTLY_ABSENT"
"j-18721f5e62d9","PASS","34","","","","","NONE","UNKNOWN","HISTORICALLY_PRESENT_CURRENTLY_ABSENT"
"j-18998397c035","PASS","34","","","","","NONE","UNKNOWN","HISTORICALLY_PRESENT_CURRENTLY_ABSENT"
"j-18af3680d618","PASS","46","","","","","NONE","UNKNOWN","HISTORICALLY_PRESENT_CURRENTLY_ABSENT"
"j-18edb3e0d69b","PASS","","","","","","NONE","UNKNOWN","HISTORICALLY_PRESENT_CURRENTLY_ABSENT"
"j-191c7514c359","CONSIDER","68","","","","","NONE","UNKNOWN","HISTORICALLY_PRESENT_CURRENTLY_ABSENT"
"j-1983733b7db9","PURSUE","71","","","","","NONE","UNKNOWN","HISTORICALLY_PRESENT_CURRENTLY_ABSENT"
"j-1a0e3f0f3ecb","SPARSE_SPEC","0","","","","","NONE","UNKNOWN","HISTORICALLY_PRESENT_CURRENTLY_ABSENT"
"j-1a1db3c70c6c","PASS","","","","","","NONE","UNKNOWN","HISTORICALLY_PRESENT_CURRENTLY_ABSENT"
"j-1a253f21f2d5","PASS","43","","","","","NONE","UNKNOWN","HISTORICALLY_PRESENT_CURRENTLY_ABSENT"
"j-1a3020f0f8d1","PASS","49","","","","","NONE","UNKNOWN","HISTORICALLY_PRESENT_CURRENTLY_ABSENT"
"j-1a563a11e155","PURSUE","75","","","","","NONE","UNKNOWN","HISTORICALLY_PRESENT_CURRENTLY_ABSENT"
"j-1a8eeb2038a2","CONSIDER","57","","","","","NONE","UNKNOWN","HISTORICALLY_PRESENT_CURRENTLY_ABSENT"
"j-1ad10d16aa59","CONSIDER","61","","","","","NONE","UNKNOWN","HISTORICALLY_PRESENT_CURRENTLY_ABSENT"
"j-1b45b2c39e9b","SPARSE_SPEC","0","","","","","NONE","UNKNOWN","HISTORICALLY_PRESENT_CURRENTLY_ABSENT"
"j-1b4e5f95ca56","PASS","","","","","","NONE","UNKNOWN","HISTORICALLY_PRESENT_CURRENTLY_ABSENT"
"j-1b5ac503e396","PURSUE","65","","","","","NONE","UNKNOWN","HISTORICALLY_PRESENT_CURRENTLY_ABSENT"
"j-1b75317c3a4a","PASS","","","","","","NONE","UNKNOWN","HISTORICALLY_PRESENT_CURRENTLY_ABSENT"
"j-1b960389a135","CONSIDER","56","","","","","NONE","UNKNOWN","HISTORICALLY_PRESENT_CURRENTLY_ABSENT"
"j-1ba2f5df02d8","PASS","52","","","","","NONE","UNKNOWN","HISTORICALLY_PRESENT_CURRENTLY_ABSENT"
"j-1ba60adaafa9","PASS","47","","","","","NONE","UNKNOWN","HISTORICALLY_PRESENT_CURRENTLY_ABSENT"
"j-1bae1941b46c","CONSIDER","64","","","","","NONE","UNKNOWN","HISTORICALLY_PRESENT_CURRENTLY_ABSENT"
"j-1c2bd6dd5280","PASS","","","","","","NONE","UNKNOWN","HISTORICALLY_PRESENT_CURRENTLY_ABSENT"
"j-1c3f3495994a","PASS","","","","","","NONE","UNKNOWN","HISTORICALLY_PRESENT_CURRENTLY_ABSENT"
"j-1c85a2a9f57c","PASS","54","","","","","NONE","UNKNOWN","HISTORICALLY_PRESENT_CURRENTLY_ABSENT"
"j-1ce69cba4192","PURSUE","68","","","","","NONE","UNKNOWN","HISTORICALLY_PRESENT_CURRENTLY_ABSENT"
"j-1cef3011fa4d","CONSIDER","62","","","","","NONE","UNKNOWN","HISTORICALLY_PRESENT_CURRENTLY_ABSENT"
"j-1cf9bca82d84","PASS","","","","","","NONE","UNKNOWN","HISTORICALLY_PRESENT_CURRENTLY_ABSENT"
"j-1d2d54b44daf","CONSIDER","73","","","","","NONE","UNKNOWN","HISTORICALLY_PRESENT_CURRENTLY_ABSENT"
"j-1d305304a086","PASS","45","","","","","NONE","UNKNOWN","HISTORICALLY_PRESENT_CURRENTLY_ABSENT"
"j-1d84f75798e3","PASS","","","","","","NONE","UNKNOWN","HISTORICALLY_PRESENT_CURRENTLY_ABSENT"
"j-1da49dceea53","PURSUE","65","","","","","NONE","UNKNOWN","HISTORICALLY_PRESENT_CURRENTLY_ABSENT"
"j-1dd616f3e070","CONSIDER","70","","","","","NONE","UNKNOWN","HISTORICALLY_PRESENT_CURRENTLY_ABSENT"
"j-1de0fef6380c","CONSIDER","55","","","","","NONE","UNKNOWN","HISTORICALLY_PRESENT_CURRENTLY_ABSENT"
"j-1dea62c72516","PASS","44","","","","","NONE","UNKNOWN","HISTORICALLY_PRESENT_CURRENTLY_ABSENT"
"j-1df4d09bdd69","CONSIDER","59","","","","","NONE","UNKNOWN","HISTORICALLY_PRESENT_CURRENTLY_ABSENT"
"j-1e0e3f742752","PASS","62","","","","","NONE","UNKNOWN","HISTORICALLY_PRESENT_CURRENTLY_ABSENT"
"j-1e2302480d71","PASS","","","","","","NONE","UNKNOWN","HISTORICALLY_PRESENT_CURRENTLY_ABSENT"
"j-1e80c139a769","CONSIDER","63","","","","","NONE","UNKNOWN","HISTORICALLY_PRESENT_CURRENTLY_ABSENT"
"j-1ee5ac616e1e","PASS","","","","","","NONE","UNKNOWN","HISTORICALLY_PRESENT_CURRENTLY_ABSENT"
"j-1f464b0294ab","PASS","40","","","","","NONE","UNKNOWN","HISTORICALLY_PRESENT_CURRENTLY_ABSENT"
"j-1f735501af51","PASS","","","","","","NONE","UNKNOWN","HISTORICALLY_PRESENT_CURRENTLY_ABSENT"
"j-1f7d62f644f5","PURSUE","68","","","","","NONE","UNKNOWN","HISTORICALLY_PRESENT_CURRENTLY_ABSENT"
"j-2016c3f385e0","PASS","49","","","","","NONE","UNKNOWN","HISTORICALLY_PRESENT_CURRENTLY_ABSENT"
"j-202b2c45252a","CONSIDER","55","","","","","NONE","UNKNOWN","HISTORICALLY_PRESENT_CURRENTLY_ABSENT"
"j-20437139a34e","PASS","","","","","","NONE","UNKNOWN","HISTORICALLY_PRESENT_CURRENTLY_ABSENT"
"j-2068e6a4ac7c","PASS","43","","","","","NONE","UNKNOWN","HISTORICALLY_PRESENT_CURRENTLY_ABSENT"
"j-207aadf1d884","PURSUE","65","","","","","NONE","UNKNOWN","HISTORICALLY_PRESENT_CURRENTLY_ABSENT"
"j-207e7650b632","PASS","","","","","","NONE","UNKNOWN","HISTORICALLY_PRESENT_CURRENTLY_ABSENT"
"j-20dda3c8afc4","PASS","","","","","","NONE","UNKNOWN","HISTORICALLY_PRESENT_CURRENTLY_ABSENT"
"j-20f419abc487","PURSUE","66","","","","","NONE","UNKNOWN","HISTORICALLY_PRESENT_CURRENTLY_ABSENT"
"j-210dbe4f4df8","PASS","57","","","","","NONE","UNKNOWN","HISTORICALLY_PRESENT_CURRENTLY_ABSENT"
"j-211589d13d07","PURSUE","65","","","","","NONE","UNKNOWN","HISTORICALLY_PRESENT_CURRENTLY_ABSENT"
"j-2117f7e9fb2d","PASS","52","","","","","NONE","UNKNOWN","HISTORICALLY_PRESENT_CURRENTLY_ABSENT"
"j-21299ce22e3f","PASS","45","","","","","NONE","UNKNOWN","HISTORICALLY_PRESENT_CURRENTLY_ABSENT"
"j-214010a80ec2","PASS","53","","","","","NONE","UNKNOWN","HISTORICALLY_PRESENT_CURRENTLY_ABSENT"
"j-21502d6c228f","PASS","53","","","","","NONE","UNKNOWN","HISTORICALLY_PRESENT_CURRENTLY_ABSENT"
"j-217575cc3c12","PASS","37","","","","","NONE","UNKNOWN","HISTORICALLY_PRESENT_CURRENTLY_ABSENT"
"j-218f16afb40e","PURSUE","71","","","","","NONE","UNKNOWN","HISTORICALLY_PRESENT_CURRENTLY_ABSENT"
"j-21a15c32d6c5","PURSUE","84","","","","","NONE","UNKNOWN","HISTORICALLY_PRESENT_CURRENTLY_ABSENT"
"j-220e4e1e7d18","CONSIDER","64","","","","","NONE","UNKNOWN","HISTORICALLY_PRESENT_CURRENTLY_ABSENT"
"j-22189c8971c4","PASS","","","","","","NONE","UNKNOWN","HISTORICALLY_PRESENT_CURRENTLY_ABSENT"
"j-223668ca7e62","PASS","44","","","","","NONE","UNKNOWN","HISTORICALLY_PRESENT_CURRENTLY_ABSENT"
"j-2287435f9a6a","PASS","59","","","","","NONE","UNKNOWN","HISTORICALLY_PRESENT_CURRENTLY_ABSENT"
"j-22a232ad06d4","PURSUE","70","","","","","NONE","UNKNOWN","HISTORICALLY_PRESENT_CURRENTLY_ABSENT"
"j-22b86a7804ae","CONSIDER","56","","","","","NONE","UNKNOWN","HISTORICALLY_PRESENT_CURRENTLY_ABSENT"
"j-22f81da10eed","PASS","","","","","","NONE","UNKNOWN","HISTORICALLY_PRESENT_CURRENTLY_ABSENT"
"j-2327c3cc6103","PASS","","","","","","NONE","UNKNOWN","HISTORICALLY_PRESENT_CURRENTLY_ABSENT"
"j-232a5607069e","PASS","40","","","","","NONE","UNKNOWN","HISTORICALLY_PRESENT_CURRENTLY_ABSENT"
"j-234cb111df5a","CONSIDER","58","","","","","NONE","UNKNOWN","HISTORICALLY_PRESENT_CURRENTLY_ABSENT"
"j-235eb9e9922e","PURSUE","66","","","","","NONE","UNKNOWN","HISTORICALLY_PRESENT_CURRENTLY_ABSENT"
"j-23775442ba3b","CONSIDER","59","","","","","NONE","UNKNOWN","HISTORICALLY_PRESENT_CURRENTLY_ABSENT"
"j-237ee8ea2200","PASS","","","","","","NONE","UNKNOWN","HISTORICALLY_PRESENT_CURRENTLY_ABSENT"
"j-23b2c84bd934","PASS","","","","","","NONE","UNKNOWN","HISTORICALLY_PRESENT_CURRENTLY_ABSENT"
"j-23cbfae5e7f2","PURSUE","67","","","","","NONE","UNKNOWN","HISTORICALLY_PRESENT_CURRENTLY_ABSENT"
"j-2408dcb490c0","PASS","","","","","","NONE","UNKNOWN","HISTORICALLY_PRESENT_CURRENTLY_ABSENT"
"j-242bd19a6974","PASS","54","","","","","NONE","UNKNOWN","HISTORICALLY_PRESENT_CURRENTLY_ABSENT"
"j-244591619fa9","PASS","","","","","","NONE","UNKNOWN","HISTORICALLY_PRESENT_CURRENTLY_ABSENT"
"j-24874986ddf2","PASS","54","","","","","NONE","UNKNOWN","HISTORICALLY_PRESENT_CURRENTLY_ABSENT"
"j-24d9765b6903","PASS","","","","","","NONE","UNKNOWN","HISTORICALLY_PRESENT_CURRENTLY_ABSENT"
"j-24ee436d56c5","PASS","41","","","","","NONE","UNKNOWN","HISTORICALLY_PRESENT_CURRENTLY_ABSENT"
"j-256e965e8ca0","PASS","54","","","","","NONE","UNKNOWN","HISTORICALLY_PRESENT_CURRENTLY_ABSENT"
"j-25b2012d8f93","PASS","55","","","","","NONE","UNKNOWN","HISTORICALLY_PRESENT_CURRENTLY_ABSENT"
"j-25df2e7663f0","PASS","","","","","","NONE","UNKNOWN","HISTORICALLY_PRESENT_CURRENTLY_ABSENT"
"j-25e79185d8ff","CONSIDER","59","","","","","NONE","UNKNOWN","HISTORICALLY_PRESENT_CURRENTLY_ABSENT"
"j-26092c721863","CONSIDER","65","","","","","NONE","UNKNOWN","HISTORICALLY_PRESENT_CURRENTLY_ABSENT"
"j-2626a49bc59d","PASS","","","","","","NONE","UNKNOWN","HISTORICALLY_PRESENT_CURRENTLY_ABSENT"
"j-2689dce59aae","PASS","","","","","","NONE","UNKNOWN","HISTORICALLY_PRESENT_CURRENTLY_ABSENT"
"j-26920f6e7ce7","PASS","","","","","","NONE","UNKNOWN","HISTORICALLY_PRESENT_CURRENTLY_ABSENT"
"j-272c05113969","PASS","51","","","","","NONE","UNKNOWN","HISTORICALLY_PRESENT_CURRENTLY_ABSENT"
"j-272c08b85df0","PURSUE","68","","","","","NONE","UNKNOWN","HISTORICALLY_PRESENT_CURRENTLY_ABSENT"
"j-272eb972402e","PASS","48","","","","","NONE","UNKNOWN","HISTORICALLY_PRESENT_CURRENTLY_ABSENT"
"j-2748739659f5","PASS","44","","","","","NONE","UNKNOWN","HISTORICALLY_PRESENT_CURRENTLY_ABSENT"
"j-274e72c22f08","PASS","","","","","","NONE","UNKNOWN","HISTORICALLY_PRESENT_CURRENTLY_ABSENT"
"j-27ae26eed37e","PASS","","","","","","NONE","UNKNOWN","HISTORICALLY_PRESENT_CURRENTLY_ABSENT"
"j-27d8bd8f1aca","CONSIDER","72","","","","","NONE","UNKNOWN","HISTORICALLY_PRESENT_CURRENTLY_ABSENT"
"j-27e35b0c6105","PASS","52","","","","","NONE","UNKNOWN","HISTORICALLY_PRESENT_CURRENTLY_ABSENT"
"j-2807aa66b0c9","CONSIDER","64","","","","","NONE","UNKNOWN","HISTORICALLY_PRESENT_CURRENTLY_ABSENT"
"j-28201f8b8170","PASS","","","","","","NONE","UNKNOWN","HISTORICALLY_PRESENT_CURRENTLY_ABSENT"
"j-283e3b287fb2","PASS","45","","","","","NONE","UNKNOWN","HISTORICALLY_PRESENT_CURRENTLY_ABSENT"
"j-285407fad2b5","PASS","","","","","","NONE","UNKNOWN","HISTORICALLY_PRESENT_CURRENTLY_ABSENT"
"j-28737e927b65","CONSIDER","60","","","","","NONE","UNKNOWN","HISTORICALLY_PRESENT_CURRENTLY_ABSENT"
"j-28abefcf710e","PASS","","","","","","NONE","UNKNOWN","HISTORICALLY_PRESENT_CURRENTLY_ABSENT"
"j-28eb8a42fc2f","PASS","","","","","","NONE","UNKNOWN","HISTORICALLY_PRESENT_CURRENTLY_ABSENT"
"j-28ec12ecb398","PASS","","","","","","NONE","UNKNOWN","HISTORICALLY_PRESENT_CURRENTLY_ABSENT"
"j-28f153b927db","PURSUE","68","","","","","NONE","UNKNOWN","HISTORICALLY_PRESENT_CURRENTLY_ABSENT"
"j-290ea089237e","PASS","62","","","","","NONE","UNKNOWN","HISTORICALLY_PRESENT_CURRENTLY_ABSENT"
"j-292f20afc5fc","PASS","","","","","","NONE","UNKNOWN","HISTORICALLY_PRESENT_CURRENTLY_ABSENT"
"j-2935124c9312","PASS","52","","","","","NONE","UNKNOWN","HISTORICALLY_PRESENT_CURRENTLY_ABSENT"
"j-29abec726b5b","CONSIDER","57","","","","","NONE","UNKNOWN","HISTORICALLY_PRESENT_CURRENTLY_ABSENT"
"j-2a28b45fb0be","CONSIDER","58","","","","","NONE","UNKNOWN","HISTORICALLY_PRESENT_CURRENTLY_ABSENT"
"j-2a52104c6dc5","PASS","","","","","","NONE","UNKNOWN","HISTORICALLY_PRESENT_CURRENTLY_ABSENT"
"j-2a79f5230441","PASS","","","","","","NONE","UNKNOWN","HISTORICALLY_PRESENT_CURRENTLY_ABSENT"
"j-2b748b4dde3c","CONSIDER","63","","","","","NONE","UNKNOWN","HISTORICALLY_PRESENT_CURRENTLY_ABSENT"
"j-2b95e459bbe2","CONSIDER","62","","","","","NONE","UNKNOWN","HISTORICALLY_PRESENT_CURRENTLY_ABSENT"
"j-2befa067175a","CONSIDER","56","","","","","NONE","UNKNOWN","HISTORICALLY_PRESENT_CURRENTLY_ABSENT"
"j-2bf39d18779f","CONSIDER","56","","","","","NONE","UNKNOWN","HISTORICALLY_PRESENT_CURRENTLY_ABSENT"
"j-2c1cd7bb4a88","PASS","49","","","","","NONE","UNKNOWN","HISTORICALLY_PRESENT_CURRENTLY_ABSENT"
"j-2c322c5c6569","PASS","45","","","","","NONE","UNKNOWN","HISTORICALLY_PRESENT_CURRENTLY_ABSENT"
"j-2c676a4fa16e","PASS","51","","","","","NONE","UNKNOWN","HISTORICALLY_PRESENT_CURRENTLY_ABSENT"
"j-2c710841aa5a","PURSUE","69","","","","","NONE","UNKNOWN","HISTORICALLY_PRESENT_CURRENTLY_ABSENT"
"j-2c9483e6d7ef","PASS","","","","","","NONE","UNKNOWN","HISTORICALLY_PRESENT_CURRENTLY_ABSENT"
"j-2cdb35d9241b","PASS","48","","","","","NONE","UNKNOWN","HISTORICALLY_PRESENT_CURRENTLY_ABSENT"
"j-2ce2fb9365b1","PASS","47","","","","","NONE","UNKNOWN","HISTORICALLY_PRESENT_CURRENTLY_ABSENT"
"j-2d1c858dfc9a","PASS","","","","","","NONE","UNKNOWN","HISTORICALLY_PRESENT_CURRENTLY_ABSENT"
"j-2d92aa29b16c","PASS","","","","","","NONE","UNKNOWN","HISTORICALLY_PRESENT_CURRENTLY_ABSENT"
"j-2dd136f7b769","PASS","","","","","","NONE","UNKNOWN","HISTORICALLY_PRESENT_CURRENTLY_ABSENT"
"j-2dd64f1fcdeb","CONSIDER","63","","","","","NONE","UNKNOWN","HISTORICALLY_PRESENT_CURRENTLY_ABSENT"
"j-2e1dd6d10fb9","PASS","52","","","","","NONE","UNKNOWN","HISTORICALLY_PRESENT_CURRENTLY_ABSENT"
"j-2e7cdcae53cb","PASS","54","","","","","NONE","UNKNOWN","HISTORICALLY_PRESENT_CURRENTLY_ABSENT"
"j-2ea341e4b403","CONSIDER","58","","","","","NONE","UNKNOWN","HISTORICALLY_PRESENT_CURRENTLY_ABSENT"
"j-2f505e4150ba","PASS","","","","","","NONE","UNKNOWN","HISTORICALLY_PRESENT_CURRENTLY_ABSENT"
"j-2f6892e97891","PASS","","","","","","NONE","UNKNOWN","HISTORICALLY_PRESENT_CURRENTLY_ABSENT"
"j-2f8c7aba270d","CONSIDER","56","","","","","NONE","UNKNOWN","HISTORICALLY_PRESENT_CURRENTLY_ABSENT"
"j-2fb3511c6f0c","PASS","","","","","","NONE","UNKNOWN","HISTORICALLY_PRESENT_CURRENTLY_ABSENT"
"j-2fb562f3f65e","PURSUE","74","","","","","NONE","UNKNOWN","HISTORICALLY_PRESENT_CURRENTLY_ABSENT"
"j-2fd0734146bf","PASS","","","","","","NONE","UNKNOWN","HISTORICALLY_PRESENT_CURRENTLY_ABSENT"
"j-2fec522e4f9c","PASS","58","","","","","NONE","UNKNOWN","HISTORICALLY_PRESENT_CURRENTLY_ABSENT"
"j-2fff2094f880","PASS","","","","","","NONE","UNKNOWN","HISTORICALLY_PRESENT_CURRENTLY_ABSENT"
"j-302befb2d1a1","CONSIDER","67","","","","","NONE","UNKNOWN","HISTORICALLY_PRESENT_CURRENTLY_ABSENT"
"j-30c91e2d8ad4","CONSIDER","63","","","","","NONE","UNKNOWN","HISTORICALLY_PRESENT_CURRENTLY_ABSENT"
"j-30ef2c9fec1d","PASS","","","","","","NONE","UNKNOWN","HISTORICALLY_PRESENT_CURRENTLY_ABSENT"
"j-30f8797d5249","PURSUE","76","","","","","NONE","UNKNOWN","HISTORICALLY_PRESENT_CURRENTLY_ABSENT"
"j-3110e3aad02d","PASS","","","","","","NONE","UNKNOWN","HISTORICALLY_PRESENT_CURRENTLY_ABSENT"
"j-3149409da708","PASS","","","","","","NONE","UNKNOWN","HISTORICALLY_PRESENT_CURRENTLY_ABSENT"
"j-3163623cdfd4","PASS","","","","","","NONE","UNKNOWN","HISTORICALLY_PRESENT_CURRENTLY_ABSENT"
"j-319934b8c168","CONSIDER","61","","","","","NONE","UNKNOWN","HISTORICALLY_PRESENT_CURRENTLY_ABSENT"
"j-31a678ce724c","CONSIDER","62","","","","","NONE","UNKNOWN","HISTORICALLY_PRESENT_CURRENTLY_ABSENT"
"j-32757276f295","PASS","40","","","","","NONE","UNKNOWN","HISTORICALLY_PRESENT_CURRENTLY_ABSENT"
"j-32c12bd82db1","CONSIDER","66","","","","","NONE","UNKNOWN","HISTORICALLY_PRESENT_CURRENTLY_ABSENT"
"j-32d5a531ff75","SPARSE_SPEC","0","","","","","NONE","UNKNOWN","HISTORICALLY_PRESENT_CURRENTLY_ABSENT"
"j-3318be43d60c","SPARSE_SPEC","0","","","","","NONE","UNKNOWN","HISTORICALLY_PRESENT_CURRENTLY_ABSENT"
"j-3366fdc2a803","PASS","","","","","","NONE","UNKNOWN","HISTORICALLY_PRESENT_CURRENTLY_ABSENT"
"j-33708a5c0d32","PASS","","","","","","NONE","UNKNOWN","HISTORICALLY_PRESENT_CURRENTLY_ABSENT"
"j-337b586e0042","PASS","52","","","","","NONE","UNKNOWN","HISTORICALLY_PRESENT_CURRENTLY_ABSENT"
"j-342962696b63","PASS","","","","","","NONE","UNKNOWN","HISTORICALLY_PRESENT_CURRENTLY_ABSENT"
"j-349ca2c7cb84","PASS","","","","","","NONE","UNKNOWN","HISTORICALLY_PRESENT_CURRENTLY_ABSENT"
"j-34af52141cfe","PASS","","","","","","NONE","UNKNOWN","HISTORICALLY_PRESENT_CURRENTLY_ABSENT"
"j-34f5fa163a16","PASS","","","","","","NONE","UNKNOWN","HISTORICALLY_PRESENT_CURRENTLY_ABSENT"
"j-350936bfee90","PASS","","","","","","NONE","UNKNOWN","HISTORICALLY_PRESENT_CURRENTLY_ABSENT"
"j-35e262dfb6a2","CONSIDER","57","","","","","NONE","UNKNOWN","HISTORICALLY_PRESENT_CURRENTLY_ABSENT"
"j-3641505ca047","CONSIDER","60","","","","","NONE","UNKNOWN","HISTORICALLY_PRESENT_CURRENTLY_ABSENT"
"j-365163163704","PASS","","","","","","NONE","UNKNOWN","HISTORICALLY_PRESENT_CURRENTLY_ABSENT"
"j-3660e93b3342","CONSIDER","58","","","","","NONE","UNKNOWN","HISTORICALLY_PRESENT_CURRENTLY_ABSENT"
"j-3689fa09765a","CONSIDER","59","","","","","NONE","UNKNOWN","HISTORICALLY_PRESENT_CURRENTLY_ABSENT"
"j-36cc7d04688a","CONSIDER","72","","","","","NONE","UNKNOWN","HISTORICALLY_PRESENT_CURRENTLY_ABSENT"
"j-36d580bbf59d","PASS","","","","","","NONE","UNKNOWN","HISTORICALLY_PRESENT_CURRENTLY_ABSENT"
"j-36decbd0dd15","PASS","","","","","","NONE","UNKNOWN","HISTORICALLY_PRESENT_CURRENTLY_ABSENT"
"j-36f04c6b6f5e","PASS","","","","","","NONE","UNKNOWN","HISTORICALLY_PRESENT_CURRENTLY_ABSENT"
"j-370074e3ced8","PASS","","","","","","NONE","UNKNOWN","HISTORICALLY_PRESENT_CURRENTLY_ABSENT"
"j-3751562ffcc9","PASS","","","","","","NONE","UNKNOWN","HISTORICALLY_PRESENT_CURRENTLY_ABSENT"
"j-37697248dc8d","PASS","","","","","","NONE","UNKNOWN","HISTORICALLY_PRESENT_CURRENTLY_ABSENT"
"j-37771e58db4b","PASS","","","","","","NONE","UNKNOWN","HISTORICALLY_PRESENT_CURRENTLY_ABSENT"
"j-379df43cbbaf","CONSIDER","55","","","","","NONE","UNKNOWN","HISTORICALLY_PRESENT_CURRENTLY_ABSENT"
"j-37b7f92993a7","PURSUE","72","","","","","NONE","UNKNOWN","HISTORICALLY_PRESENT_CURRENTLY_ABSENT"
"j-37da9dea8dbe","CONSIDER","58","","","","","NONE","UNKNOWN","HISTORICALLY_PRESENT_CURRENTLY_ABSENT"
"j-37dd41e059ea","PASS","54","","","","","NONE","UNKNOWN","HISTORICALLY_PRESENT_CURRENTLY_ABSENT"
"j-37e660a6fd56","PASS","54","","","","","NONE","UNKNOWN","HISTORICALLY_PRESENT_CURRENTLY_ABSENT"
"j-38239011e477","PASS","50","","","","","NONE","UNKNOWN","HISTORICALLY_PRESENT_CURRENTLY_ABSENT"
"j-3826458502b4","PURSUE","70","","","","","NONE","UNKNOWN","HISTORICALLY_PRESENT_CURRENTLY_ABSENT"
"j-385f6239a551","PASS","","","","","","NONE","UNKNOWN","HISTORICALLY_PRESENT_CURRENTLY_ABSENT"
"j-38c4a709af93","CONSIDER","58","","","","","NONE","UNKNOWN","HISTORICALLY_PRESENT_CURRENTLY_ABSENT"
"j-38c7b85c4828","PURSUE","68","","","","","NONE","UNKNOWN","HISTORICALLY_PRESENT_CURRENTLY_ABSENT"
"j-38d520c47716","PASS","","","","","","NONE","UNKNOWN","HISTORICALLY_PRESENT_CURRENTLY_ABSENT"
"j-3908bb57940d","CONSIDER","63","","","","","NONE","UNKNOWN","HISTORICALLY_PRESENT_CURRENTLY_ABSENT"
"j-39205d08b964","PASS","","","","","","NONE","UNKNOWN","HISTORICALLY_PRESENT_CURRENTLY_ABSENT"
"j-394bfddbeeb9","PASS","43","","","","","NONE","UNKNOWN","HISTORICALLY_PRESENT_CURRENTLY_ABSENT"
"j-39586699dc95","CONSIDER","58","","","","","NONE","UNKNOWN","HISTORICALLY_PRESENT_CURRENTLY_ABSENT"
"j-3968b4dd1726","PASS","68","","","","","NONE","UNKNOWN","HISTORICALLY_PRESENT_CURRENTLY_ABSENT"
"j-397d86df52b5","PASS","41","","","","","NONE","UNKNOWN","HISTORICALLY_PRESENT_CURRENTLY_ABSENT"
"j-3a2d5d29dc67","CONSIDER","63","","","","","NONE","UNKNOWN","HISTORICALLY_PRESENT_CURRENTLY_ABSENT"
"j-3a34e8fdfe37","PURSUE","67","","","","","NONE","UNKNOWN","HISTORICALLY_PRESENT_CURRENTLY_ABSENT"
"j-3a46f1cd2999","PASS","51","","","","","NONE","UNKNOWN","HISTORICALLY_PRESENT_CURRENTLY_ABSENT"
"j-3a5c505434e7","PASS","","","","","","NONE","UNKNOWN","HISTORICALLY_PRESENT_CURRENTLY_ABSENT"
"j-3ae18aa4d681","PASS","","","","","","NONE","UNKNOWN","HISTORICALLY_PRESENT_CURRENTLY_ABSENT"
"j-3aec0bd042dc","PASS","40","","","","","NONE","UNKNOWN","HISTORICALLY_PRESENT_CURRENTLY_ABSENT"
"j-3af5d9de8f5b","CONSIDER","55","","","","","NONE","UNKNOWN","HISTORICALLY_PRESENT_CURRENTLY_ABSENT"
"j-3af740c98311","CONSIDER","66","","","","","NONE","UNKNOWN","HISTORICALLY_PRESENT_CURRENTLY_ABSENT"
"j-3b0b2e96cf07","CONSIDER","59","","","","","NONE","UNKNOWN","HISTORICALLY_PRESENT_CURRENTLY_ABSENT"
"j-3b27e432c205","PASS","","","","","","NONE","UNKNOWN","HISTORICALLY_PRESENT_CURRENTLY_ABSENT"
"j-3b290e0b41e1","PASS","34","","","","","NONE","UNKNOWN","HISTORICALLY_PRESENT_CURRENTLY_ABSENT"
"j-3b4ac7c10f0f","PASS","49","","","","","NONE","UNKNOWN","HISTORICALLY_PRESENT_CURRENTLY_ABSENT"
"j-3b694c535b5c","CONSIDER","63","","","","","NONE","UNKNOWN","HISTORICALLY_PRESENT_CURRENTLY_ABSENT"
"j-3ba7de8d5595","PASS","","","","","","NONE","UNKNOWN","HISTORICALLY_PRESENT_CURRENTLY_ABSENT"
"j-3bd6612b974a","PASS","","","","","","NONE","UNKNOWN","HISTORICALLY_PRESENT_CURRENTLY_ABSENT"
"j-3beb9443d35d","CONSIDER","71","","","","","NONE","UNKNOWN","HISTORICALLY_PRESENT_CURRENTLY_ABSENT"
"j-3bf1afc811c4","CONSIDER","64","","","","","NONE","UNKNOWN","HISTORICALLY_PRESENT_CURRENTLY_ABSENT"
"j-3bf8a953df1f","PASS","","","","","","NONE","UNKNOWN","HISTORICALLY_PRESENT_CURRENTLY_ABSENT"
"j-3c0607860a7a","PASS","43","","","","","NONE","UNKNOWN","HISTORICALLY_PRESENT_CURRENTLY_ABSENT"
"j-3c2e56be8e14","PASS","54","","","","","NONE","UNKNOWN","HISTORICALLY_PRESENT_CURRENTLY_ABSENT"
"j-3c39e25e3ebc","PASS","49","","","","","NONE","UNKNOWN","HISTORICALLY_PRESENT_CURRENTLY_ABSENT"
"j-3c4a5a2bfd30","CONSIDER","63","","","","","NONE","UNKNOWN","HISTORICALLY_PRESENT_CURRENTLY_ABSENT"
"j-3c596dcb7532","PASS","","","","","","NONE","UNKNOWN","HISTORICALLY_PRESENT_CURRENTLY_ABSENT"
"j-3c699f3428bf","CONSIDER","60","","","","","NONE","UNKNOWN","HISTORICALLY_PRESENT_CURRENTLY_ABSENT"
"j-3c7a0573de05","PASS","51","","","","","NONE","UNKNOWN","HISTORICALLY_PRESENT_CURRENTLY_ABSENT"
"j-3c80fb55bff1","PASS","37","","","","","NONE","UNKNOWN","HISTORICALLY_PRESENT_CURRENTLY_ABSENT"
"j-3ca2f74b3d9c","CONSIDER","65","","","","","NONE","UNKNOWN","HISTORICALLY_PRESENT_CURRENTLY_ABSENT"
"j-3cab8a2fd50e","CONSIDER","59","","","","","NONE","UNKNOWN","HISTORICALLY_PRESENT_CURRENTLY_ABSENT"
"j-3cbec871ccc5","PASS","","","","","","NONE","UNKNOWN","HISTORICALLY_PRESENT_CURRENTLY_ABSENT"
"j-3ccea37e7773","PASS","34","","","","","NONE","UNKNOWN","HISTORICALLY_PRESENT_CURRENTLY_ABSENT"
"j-3d3cb4bc5b58","PASS","","","","","","NONE","UNKNOWN","HISTORICALLY_PRESENT_CURRENTLY_ABSENT"
"j-3dca40496624","PASS","","","","","","NONE","UNKNOWN","HISTORICALLY_PRESENT_CURRENTLY_ABSENT"
"j-3dca4a80bfb4","PASS","","","","","","NONE","UNKNOWN","HISTORICALLY_PRESENT_CURRENTLY_ABSENT"
"j-3e2e379fa54f","PASS","52","","","","","NONE","UNKNOWN","HISTORICALLY_PRESENT_CURRENTLY_ABSENT"
"j-3e56a8651a89","PASS","","","","","","NONE","UNKNOWN","HISTORICALLY_PRESENT_CURRENTLY_ABSENT"
"j-3e6259d2f873","PASS","43","","","","","NONE","UNKNOWN","HISTORICALLY_PRESENT_CURRENTLY_ABSENT"
"j-3e695f3d84f5","PASS","","","","","","NONE","UNKNOWN","HISTORICALLY_PRESENT_CURRENTLY_ABSENT"
"j-3eab4a2460f4","PASS","54","","","","","NONE","UNKNOWN","HISTORICALLY_PRESENT_CURRENTLY_ABSENT"
"j-3eb439de57ff","PASS","46","","","","","NONE","UNKNOWN","HISTORICALLY_PRESENT_CURRENTLY_ABSENT"
"j-3ec18f3aa2cd","PASS","","","","","","NONE","UNKNOWN","HISTORICALLY_PRESENT_CURRENTLY_ABSENT"
"j-3ef10ba95ddf","PASS","46","","","","","NONE","UNKNOWN","HISTORICALLY_PRESENT_CURRENTLY_ABSENT"
"j-3f070d70869c","PASS","","","","","","NONE","UNKNOWN","HISTORICALLY_PRESENT_CURRENTLY_ABSENT"
"j-3f1c853b5d43","PURSUE","72","","","","","NONE","UNKNOWN","HISTORICALLY_PRESENT_CURRENTLY_ABSENT"
"j-3f255d9b8e80","PASS","50","","","","","NONE","UNKNOWN","HISTORICALLY_PRESENT_CURRENTLY_ABSENT"
"j-3f61ea767fcf","CONSIDER","63","","","","","NONE","UNKNOWN","HISTORICALLY_PRESENT_CURRENTLY_ABSENT"
"j-3f9cdafe6a40","PASS","","","","","","NONE","UNKNOWN","HISTORICALLY_PRESENT_CURRENTLY_ABSENT"
"j-3f9d7aa74c37","PASS","","","","","","NONE","UNKNOWN","HISTORICALLY_PRESENT_CURRENTLY_ABSENT"
"j-3fb0bb70dc75","CONSIDER","58","","","","","NONE","UNKNOWN","HISTORICALLY_PRESENT_CURRENTLY_ABSENT"
"j-3fe0bfad657d","PASS","52","","","","","NONE","UNKNOWN","HISTORICALLY_PRESENT_CURRENTLY_ABSENT"
"j-401770eeb158","PASS","","","","","","NONE","UNKNOWN","HISTORICALLY_PRESENT_CURRENTLY_ABSENT"
"j-401f2c0b6b87","CONSIDER","59","","","","","NONE","UNKNOWN","HISTORICALLY_PRESENT_CURRENTLY_ABSENT"
"j-405b2193d2d0","CONSIDER","56","","","","","NONE","UNKNOWN","HISTORICALLY_PRESENT_CURRENTLY_ABSENT"
"j-405e349779dc","CONSIDER","58","","","","","NONE","UNKNOWN","HISTORICALLY_PRESENT_CURRENTLY_ABSENT"
"j-406eba2ed6c5","PASS","","","","","","NONE","UNKNOWN","HISTORICALLY_PRESENT_CURRENTLY_ABSENT"
"j-40ac5240f154","PASS","47","","","","","NONE","UNKNOWN","HISTORICALLY_PRESENT_CURRENTLY_ABSENT"
"j-40c850a1503b","CONSIDER","58","","","","","NONE","UNKNOWN","HISTORICALLY_PRESENT_CURRENTLY_ABSENT"
"j-40f0093be9d5","PASS","","","","","","NONE","UNKNOWN","HISTORICALLY_PRESENT_CURRENTLY_ABSENT"
"j-40f24bfb5e1c","PURSUE","72","","","","","NONE","UNKNOWN","HISTORICALLY_PRESENT_CURRENTLY_ABSENT"
"j-410bd4cc2e6d","PASS","40","","","","","NONE","UNKNOWN","HISTORICALLY_PRESENT_CURRENTLY_ABSENT"
"j-413bb535557d","PASS","","","","","","NONE","UNKNOWN","HISTORICALLY_PRESENT_CURRENTLY_ABSENT"
"j-418ef9ecd444","CONSIDER","62","","","","","NONE","UNKNOWN","HISTORICALLY_PRESENT_CURRENTLY_ABSENT"
"j-41a5635097e0","PASS","","","","","","NONE","UNKNOWN","HISTORICALLY_PRESENT_CURRENTLY_ABSENT"
"j-41c2a5146548","CONSIDER","55","","","","","NONE","UNKNOWN","HISTORICALLY_PRESENT_CURRENTLY_ABSENT"
"j-41c6b2efd26d","PASS","50","","","","","NONE","UNKNOWN","HISTORICALLY_PRESENT_CURRENTLY_ABSENT"
"j-4207e6893ea3","PASS","","","","","","NONE","UNKNOWN","HISTORICALLY_PRESENT_CURRENTLY_ABSENT"
"j-420dd91c2796","PURSUE","71","","","","","NONE","UNKNOWN","HISTORICALLY_PRESENT_CURRENTLY_ABSENT"
"j-421b5070ebd4","PASS","52","","","","","NONE","UNKNOWN","HISTORICALLY_PRESENT_CURRENTLY_ABSENT"
"j-422a7682da38","PASS","","","","","","NONE","UNKNOWN","HISTORICALLY_PRESENT_CURRENTLY_ABSENT"
"j-42375e93589f","PASS","","","","","","NONE","UNKNOWN","HISTORICALLY_PRESENT_CURRENTLY_ABSENT"
"j-424fe126075a","CONSIDER","63","","","","","NONE","UNKNOWN","HISTORICALLY_PRESENT_CURRENTLY_ABSENT"
"j-426f8673e880","PASS","66","","","","","NONE","UNKNOWN","HISTORICALLY_PRESENT_CURRENTLY_ABSENT"
"j-429b8980ee4b","PASS","","","","","","NONE","UNKNOWN","HISTORICALLY_PRESENT_CURRENTLY_ABSENT"
"j-42be7d840b1c","PASS","","","","","","NONE","UNKNOWN","HISTORICALLY_PRESENT_CURRENTLY_ABSENT"
"j-42d3c49ef1eb","PASS","35","","","","","NONE","UNKNOWN","HISTORICALLY_PRESENT_CURRENTLY_ABSENT"
"j-43134ed195ea","CONSIDER","55","","","","","NONE","UNKNOWN","HISTORICALLY_PRESENT_CURRENTLY_ABSENT"
"j-431a806daba2","PASS","34","","","","","NONE","UNKNOWN","HISTORICALLY_PRESENT_CURRENTLY_ABSENT"
"j-432c832f9f46","PASS","49","","","","","NONE","UNKNOWN","HISTORICALLY_PRESENT_CURRENTLY_ABSENT"
"j-4334bfb62ea0","PASS","47","","","","","NONE","UNKNOWN","HISTORICALLY_PRESENT_CURRENTLY_ABSENT"
"j-438af0e57ad9","PASS","","","","","","NONE","UNKNOWN","HISTORICALLY_PRESENT_CURRENTLY_ABSENT"
"j-439a64a2141d","PASS","","","","","","NONE","UNKNOWN","HISTORICALLY_PRESENT_CURRENTLY_ABSENT"
"j-43d448cc8739","PASS","54","","","","","NONE","UNKNOWN","HISTORICALLY_PRESENT_CURRENTLY_ABSENT"
"j-43d807fbaa83","CONSIDER","61","","","","","NONE","UNKNOWN","HISTORICALLY_PRESENT_CURRENTLY_ABSENT"
"j-43f9a4509b88","PASS","","","","","","NONE","UNKNOWN","HISTORICALLY_PRESENT_CURRENTLY_ABSENT"
"j-440bb60ce88f","PASS","","","","","","NONE","UNKNOWN","HISTORICALLY_PRESENT_CURRENTLY_ABSENT"
"j-4458d2aea93a","CONSIDER","59","","","","","NONE","UNKNOWN","HISTORICALLY_PRESENT_CURRENTLY_ABSENT"
"j-4474bf6ef08c","CONSIDER","57","","","","","NONE","UNKNOWN","HISTORICALLY_PRESENT_CURRENTLY_ABSENT"
"j-4484bb39b795","PASS","40","","","","","NONE","UNKNOWN","HISTORICALLY_PRESENT_CURRENTLY_ABSENT"
"j-44950ad53deb","PASS","47","","","","","NONE","UNKNOWN","HISTORICALLY_PRESENT_CURRENTLY_ABSENT"
"j-449dcba62c36","CONSIDER","56","","","","","NONE","UNKNOWN","HISTORICALLY_PRESENT_CURRENTLY_ABSENT"
"j-44a31c53d411","PASS","","","","","","NONE","UNKNOWN","HISTORICALLY_PRESENT_CURRENTLY_ABSENT"
"j-44b690869fe8","PASS","53","","","","","NONE","UNKNOWN","HISTORICALLY_PRESENT_CURRENTLY_ABSENT"
"j-44d4b4af31bf","PASS","54","","","","","NONE","UNKNOWN","HISTORICALLY_PRESENT_CURRENTLY_ABSENT"
"j-45277340cedf","PASS","","","","","","NONE","UNKNOWN","HISTORICALLY_PRESENT_CURRENTLY_ABSENT"
"j-4570663236da","CONSIDER","60","","","","","NONE","UNKNOWN","HISTORICALLY_PRESENT_CURRENTLY_ABSENT"
"j-45a86e54e78c","PASS","","","","","","NONE","UNKNOWN","HISTORICALLY_PRESENT_CURRENTLY_ABSENT"
"j-46089844ba17","CONSIDER","59","","","","","NONE","UNKNOWN","HISTORICALLY_PRESENT_CURRENTLY_ABSENT"
"j-466200453009","PASS","","","","","","NONE","UNKNOWN","HISTORICALLY_PRESENT_CURRENTLY_ABSENT"
"j-4684bd8aa586","SPARSE_SPEC","0","","","","","NONE","UNKNOWN","HISTORICALLY_PRESENT_CURRENTLY_ABSENT"
"j-46af148f3865","PASS","50","","","","","NONE","UNKNOWN","HISTORICALLY_PRESENT_CURRENTLY_ABSENT"
"j-46bc3d47d1da","CONSIDER","75","","","","","NONE","UNKNOWN","HISTORICALLY_PRESENT_CURRENTLY_ABSENT"
"j-473cb7df1ed8","PASS","","","","","","NONE","UNKNOWN","HISTORICALLY_PRESENT_CURRENTLY_ABSENT"
"j-47407c433607","CONSIDER","64","","","","","NONE","UNKNOWN","HISTORICALLY_PRESENT_CURRENTLY_ABSENT"
"j-4753be576855","PASS","","","","","","NONE","UNKNOWN","HISTORICALLY_PRESENT_CURRENTLY_ABSENT"
"j-4765ca803741","CONSIDER","70","","","","","NONE","UNKNOWN","HISTORICALLY_PRESENT_CURRENTLY_ABSENT"
"j-476f1dab8b57","PASS","","","","","","NONE","UNKNOWN","HISTORICALLY_PRESENT_CURRENTLY_ABSENT"
"j-47ddb6ea53c1","PASS","","","","","","NONE","UNKNOWN","HISTORICALLY_PRESENT_CURRENTLY_ABSENT"
"j-47e5194e862a","PASS","","","","","","NONE","UNKNOWN","HISTORICALLY_PRESENT_CURRENTLY_ABSENT"
"j-47f861436b98","PURSUE","65","","","","","NONE","UNKNOWN","HISTORICALLY_PRESENT_CURRENTLY_ABSENT"
"j-48435cc69e82","PASS","","","","","","NONE","UNKNOWN","HISTORICALLY_PRESENT_CURRENTLY_ABSENT"
"j-4883872c49ea","PASS","","","","","","NONE","UNKNOWN","HISTORICALLY_PRESENT_CURRENTLY_ABSENT"
"j-48a2458bac72","CONSIDER","57","","","","","NONE","UNKNOWN","HISTORICALLY_PRESENT_CURRENTLY_ABSENT"
"j-48a325100768","CONSIDER","65","","","","","NONE","UNKNOWN","HISTORICALLY_PRESENT_CURRENTLY_ABSENT"
"j-48c772055ecf","PURSUE","66","","","","","NONE","UNKNOWN","HISTORICALLY_PRESENT_CURRENTLY_ABSENT"
"j-48f265d2d7b3","CONSIDER","71","","","","","NONE","UNKNOWN","HISTORICALLY_PRESENT_CURRENTLY_ABSENT"
"j-493de4cd2755","PASS","","","","","","NONE","UNKNOWN","HISTORICALLY_PRESENT_CURRENTLY_ABSENT"
"j-497fd906ad04","PASS","","","","","","NONE","UNKNOWN","HISTORICALLY_PRESENT_CURRENTLY_ABSENT"
"j-49b2f4eb9a01","CONSIDER","62","","","","","NONE","UNKNOWN","HISTORICALLY_PRESENT_CURRENTLY_ABSENT"
"j-49bfeab55f38","PASS","","","","","","NONE","UNKNOWN","HISTORICALLY_PRESENT_CURRENTLY_ABSENT"
"j-49dfb47da31e","PASS","","","","","","NONE","UNKNOWN","HISTORICALLY_PRESENT_CURRENTLY_ABSENT"
"j-4a027945d87d","CONSIDER","56","","","","","NONE","UNKNOWN","HISTORICALLY_PRESENT_CURRENTLY_ABSENT"
"j-4a326ceeb0cb","CONSIDER","60","","","","","NONE","UNKNOWN","HISTORICALLY_PRESENT_CURRENTLY_ABSENT"
"j-4a941d485b18","PASS","","","","","","NONE","UNKNOWN","HISTORICALLY_PRESENT_CURRENTLY_ABSENT"
"j-4a94446d8d79","CONSIDER","62","","","","","NONE","UNKNOWN","HISTORICALLY_PRESENT_CURRENTLY_ABSENT"
"j-4abe4bf28be7","PASS","","","","","","NONE","UNKNOWN","HISTORICALLY_PRESENT_CURRENTLY_ABSENT"
"j-4ae4391fcc02","PASS","43","","","","","NONE","UNKNOWN","HISTORICALLY_PRESENT_CURRENTLY_ABSENT"
"j-4b2a6a8c9adc","CONSIDER","61","","","","","NONE","UNKNOWN","HISTORICALLY_PRESENT_CURRENTLY_ABSENT"
"j-4b2cc6ee65d4","CONSIDER","56","","","","","NONE","UNKNOWN","HISTORICALLY_PRESENT_CURRENTLY_ABSENT"
"j-4b50f8b9c519","CONSIDER","59","","","","","NONE","UNKNOWN","HISTORICALLY_PRESENT_CURRENTLY_ABSENT"
"j-4b85b8718243","PASS","39","","","","","NONE","UNKNOWN","HISTORICALLY_PRESENT_CURRENTLY_ABSENT"
"j-4baffba29bf8","CONSIDER","62","","","","","NONE","UNKNOWN","HISTORICALLY_PRESENT_CURRENTLY_ABSENT"
"j-4bb5ed438336","PASS","","","","","","NONE","UNKNOWN","HISTORICALLY_PRESENT_CURRENTLY_ABSENT"
"j-4bfb81ff466a","PASS","","","","","","NONE","UNKNOWN","HISTORICALLY_PRESENT_CURRENTLY_ABSENT"
"j-4c4ea0a2b2c7","PASS","34","","","","","NONE","UNKNOWN","HISTORICALLY_PRESENT_CURRENTLY_ABSENT"
"j-4c586f864a11","CONSIDER","59","","","","","NONE","UNKNOWN","HISTORICALLY_PRESENT_CURRENTLY_ABSENT"
"j-4c65f48bdc0f","PASS","","","","","","NONE","UNKNOWN","HISTORICALLY_PRESENT_CURRENTLY_ABSENT"
"j-4c706c5d91ed","PASS","","","","","","NONE","UNKNOWN","HISTORICALLY_PRESENT_CURRENTLY_ABSENT"
"j-4c7aa908cb42","CONSIDER","61","","","","","NONE","UNKNOWN","HISTORICALLY_PRESENT_CURRENTLY_ABSENT"
"j-4c930dbc9c97","PASS","43","","","","","NONE","UNKNOWN","HISTORICALLY_PRESENT_CURRENTLY_ABSENT"
"j-4ca5aa81d6c0","PASS","","","","","","NONE","UNKNOWN","HISTORICALLY_PRESENT_CURRENTLY_ABSENT"
"j-4cb36b9d0fea","PASS","45","","","","","NONE","UNKNOWN","HISTORICALLY_PRESENT_CURRENTLY_ABSENT"
"j-4cc91e1d3f5d","CONSIDER","62","","","","","NONE","UNKNOWN","HISTORICALLY_PRESENT_CURRENTLY_ABSENT"
"j-4ccd0575fb5b","CONSIDER","60","","","","","NONE","UNKNOWN","HISTORICALLY_PRESENT_CURRENTLY_ABSENT"
"j-4cfa6aafeade","PASS","61","","","","","NONE","UNKNOWN","HISTORICALLY_PRESENT_CURRENTLY_ABSENT"
"j-4d221e646c80","PASS","48","","","","","NONE","UNKNOWN","HISTORICALLY_PRESENT_CURRENTLY_ABSENT"
"j-4d584ae3d575","PASS","","","","","","NONE","UNKNOWN","HISTORICALLY_PRESENT_CURRENTLY_ABSENT"
"j-4d6b9fb61f21","PASS","","","","","","NONE","UNKNOWN","HISTORICALLY_PRESENT_CURRENTLY_ABSENT"
"j-4d8a0ef3fad4","PASS","","","","","","NONE","UNKNOWN","HISTORICALLY_PRESENT_CURRENTLY_ABSENT"
"j-4dd37d1041db","PURSUE","71","","","","","NONE","UNKNOWN","HISTORICALLY_PRESENT_CURRENTLY_ABSENT"
"j-4dea20cafde0","PURSUE","67","","","","","NONE","UNKNOWN","HISTORICALLY_PRESENT_CURRENTLY_ABSENT"
"j-4df82a565274","CONSIDER","67","","","","","NONE","UNKNOWN","HISTORICALLY_PRESENT_CURRENTLY_ABSENT"
"j-4e475cbf7b92","PASS","","","","","","NONE","UNKNOWN","HISTORICALLY_PRESENT_CURRENTLY_ABSENT"
"j-4e861945a872","PURSUE","70","","","","","NONE","UNKNOWN","HISTORICALLY_PRESENT_CURRENTLY_ABSENT"
"j-4e8ec67585cb","PASS","45","","","","","NONE","UNKNOWN","HISTORICALLY_PRESENT_CURRENTLY_ABSENT"
"j-4e91099f22c7","CONSIDER","62","","","","","NONE","UNKNOWN","HISTORICALLY_PRESENT_CURRENTLY_ABSENT"
"j-4eb8224ad4ff","CONSIDER","64","","","","","NONE","UNKNOWN","HISTORICALLY_PRESENT_CURRENTLY_ABSENT"
"j-4ebca2fda4f5","PASS","","","","","","NONE","UNKNOWN","HISTORICALLY_PRESENT_CURRENTLY_ABSENT"
"j-4f48071cd703","PURSUE","74","","","","","NONE","UNKNOWN","HISTORICALLY_PRESENT_CURRENTLY_ABSENT"
"j-4f6f762688d9","PASS","","","","","","NONE","UNKNOWN","HISTORICALLY_PRESENT_CURRENTLY_ABSENT"
"j-4f76a3dd8abb","PASS","","","","","","NONE","UNKNOWN","HISTORICALLY_PRESENT_CURRENTLY_ABSENT"
"j-504726fb9a7d","PASS","53","","","","","NONE","UNKNOWN","HISTORICALLY_PRESENT_CURRENTLY_ABSENT"
"j-506fdfb61b47","PURSUE","71","","","","","NONE","UNKNOWN","HISTORICALLY_PRESENT_CURRENTLY_ABSENT"
"j-50b31135f736","CONSIDER","64","","","","","NONE","UNKNOWN","HISTORICALLY_PRESENT_CURRENTLY_ABSENT"
"j-50c0e7111ce1","PASS","","","","","","NONE","UNKNOWN","HISTORICALLY_PRESENT_CURRENTLY_ABSENT"
"j-50fb579e13f6","PASS","51","","","","","NONE","UNKNOWN","HISTORICALLY_PRESENT_CURRENTLY_ABSENT"
"j-51006c7bd7cb","PURSUE","76","","","","","NONE","UNKNOWN","HISTORICALLY_PRESENT_CURRENTLY_ABSENT"
"j-511d89940ed2","PASS","68","","","","","NONE","UNKNOWN","HISTORICALLY_PRESENT_CURRENTLY_ABSENT"
"j-512955a729b1","PASS","53","","","","","NONE","UNKNOWN","HISTORICALLY_PRESENT_CURRENTLY_ABSENT"
"j-516757e51115","PURSUE","69","","","","","NONE","UNKNOWN","HISTORICALLY_PRESENT_CURRENTLY_ABSENT"
"j-51a3a24d46b9","PURSUE","71","","","","","NONE","UNKNOWN","HISTORICALLY_PRESENT_CURRENTLY_ABSENT"
"j-51a747a3d083","CONSIDER","57","","","","","NONE","UNKNOWN","HISTORICALLY_PRESENT_CURRENTLY_ABSENT"
"j-51df9e388a12","PURSUE","71","","","","","NONE","UNKNOWN","HISTORICALLY_PRESENT_CURRENTLY_ABSENT"
"j-51eb3c36c167","CONSIDER","59","","","","","NONE","UNKNOWN","HISTORICALLY_PRESENT_CURRENTLY_ABSENT"
"j-521f42d7e96d","PASS","","","","","","NONE","UNKNOWN","HISTORICALLY_PRESENT_CURRENTLY_ABSENT"
"j-525e1318e8ac","PASS","","","","","","NONE","UNKNOWN","HISTORICALLY_PRESENT_CURRENTLY_ABSENT"
"j-528e9097b1e3","PASS","","","","","","NONE","UNKNOWN","HISTORICALLY_PRESENT_CURRENTLY_ABSENT"
"j-52a80dfc4032","CONSIDER","62","","","","","NONE","UNKNOWN","HISTORICALLY_PRESENT_CURRENTLY_ABSENT"
"j-52c5be9fb9ab","PASS","36","","","","","NONE","UNKNOWN","HISTORICALLY_PRESENT_CURRENTLY_ABSENT"
"j-52cb76a8d9ea","PURSUE","69","","","","","NONE","UNKNOWN","HISTORICALLY_PRESENT_CURRENTLY_ABSENT"
"j-52df9be93b1b","PASS","","","","","","NONE","UNKNOWN","HISTORICALLY_PRESENT_CURRENTLY_ABSENT"
"j-52f260bada9c","PASS","","","","","","NONE","UNKNOWN","HISTORICALLY_PRESENT_CURRENTLY_ABSENT"
"j-52fd0f52a01f","SPARSE_SPEC","0","","","","","NONE","UNKNOWN","HISTORICALLY_PRESENT_CURRENTLY_ABSENT"
"j-5388817962dc","CONSIDER","64","","","","","NONE","UNKNOWN","HISTORICALLY_PRESENT_CURRENTLY_ABSENT"
"j-53d581a51355","CONSIDER","73","","","","","NONE","UNKNOWN","HISTORICALLY_PRESENT_CURRENTLY_ABSENT"
"j-53e6c57b48dc","CONSIDER","70","","","","","NONE","UNKNOWN","HISTORICALLY_PRESENT_CURRENTLY_ABSENT"
"j-53edbb6d56c1","PASS","48","","","","","NONE","UNKNOWN","HISTORICALLY_PRESENT_CURRENTLY_ABSENT"
"j-53f36d8ae932","PASS","","","","","","NONE","UNKNOWN","HISTORICALLY_PRESENT_CURRENTLY_ABSENT"
"j-54a9c32d5aac","PASS","","","","","","NONE","UNKNOWN","HISTORICALLY_PRESENT_CURRENTLY_ABSENT"
"j-54ac981686af","PASS","","","","","","NONE","UNKNOWN","HISTORICALLY_PRESENT_CURRENTLY_ABSENT"
"j-54ccee9cecb4","PURSUE","73","","","","","NONE","UNKNOWN","HISTORICALLY_PRESENT_CURRENTLY_ABSENT"
"j-54e5066c5318","PASS","40","","","","","NONE","UNKNOWN","HISTORICALLY_PRESENT_CURRENTLY_ABSENT"
"j-5517baa129e4","CONSIDER","59","","","","","NONE","UNKNOWN","HISTORICALLY_PRESENT_CURRENTLY_ABSENT"
"j-552a85a28cfd","PASS","48","","","","","NONE","UNKNOWN","HISTORICALLY_PRESENT_CURRENTLY_ABSENT"
"j-555c13a9e1eb","PASS","","","","","","NONE","UNKNOWN","HISTORICALLY_PRESENT_CURRENTLY_ABSENT"
"j-55d9adef727d","CONSIDER","63","","","","","NONE","UNKNOWN","HISTORICALLY_PRESENT_CURRENTLY_ABSENT"
"j-55f7ac5bd440","PASS","45","","","","","NONE","UNKNOWN","HISTORICALLY_PRESENT_CURRENTLY_ABSENT"
"j-55fb257c4842","CONSIDER","59","","","","","NONE","UNKNOWN","HISTORICALLY_PRESENT_CURRENTLY_ABSENT"
"j-566d4c85e709","CONSIDER","59","","","","","NONE","UNKNOWN","HISTORICALLY_PRESENT_CURRENTLY_ABSENT"
"j-5671e94a834c","PASS","","","","","","NONE","UNKNOWN","HISTORICALLY_PRESENT_CURRENTLY_ABSENT"
"j-56722ca275b9","PASS","","","","","","NONE","UNKNOWN","HISTORICALLY_PRESENT_CURRENTLY_ABSENT"
"j-56aba2e1d07a","PASS","34","","","","","NONE","UNKNOWN","HISTORICALLY_PRESENT_CURRENTLY_ABSENT"
"j-570849acdea0","CONSIDER","59","","","","","NONE","UNKNOWN","HISTORICALLY_PRESENT_CURRENTLY_ABSENT"
"j-57100ad3fbba","PASS","51","","","","","NONE","UNKNOWN","HISTORICALLY_PRESENT_CURRENTLY_ABSENT"
"j-576d0b315e97","PASS","40","","","","","NONE","UNKNOWN","HISTORICALLY_PRESENT_CURRENTLY_ABSENT"
"j-5774df989b48","PASS","52","","","","","NONE","UNKNOWN","HISTORICALLY_PRESENT_CURRENTLY_ABSENT"
"j-57758afe1f7c","PURSUE","69","","","","","NONE","UNKNOWN","HISTORICALLY_PRESENT_CURRENTLY_ABSENT"
"j-57d56d7e463d","PASS","","","","","","NONE","UNKNOWN","HISTORICALLY_PRESENT_CURRENTLY_ABSENT"
"j-57e849c491d0","CONSIDER","60","","","","","NONE","UNKNOWN","HISTORICALLY_PRESENT_CURRENTLY_ABSENT"
"j-5869253380eb","CONSIDER","61","","","","","NONE","UNKNOWN","HISTORICALLY_PRESENT_CURRENTLY_ABSENT"
"j-586b699b8149","CONSIDER","59","","","","","NONE","UNKNOWN","HISTORICALLY_PRESENT_CURRENTLY_ABSENT"
"j-5882937e6ebf","PURSUE","66","","","","","NONE","UNKNOWN","HISTORICALLY_PRESENT_CURRENTLY_ABSENT"
"j-58bac6d16b0b","PASS","","","","","","NONE","UNKNOWN","HISTORICALLY_PRESENT_CURRENTLY_ABSENT"
"j-58cabbb6c8a7","PASS","","","","","","NONE","UNKNOWN","HISTORICALLY_PRESENT_CURRENTLY_ABSENT"
"j-5910b89bcac6","CONSIDER","64","","","","","NONE","UNKNOWN","HISTORICALLY_PRESENT_CURRENTLY_ABSENT"
"j-592590872330","PURSUE","69","","","","","NONE","UNKNOWN","HISTORICALLY_PRESENT_CURRENTLY_ABSENT"
"j-592bec669d9f","PASS","","","","","","NONE","UNKNOWN","HISTORICALLY_PRESENT_CURRENTLY_ABSENT"
"j-594b1785067f","PASS","34","","","","","NONE","UNKNOWN","HISTORICALLY_PRESENT_CURRENTLY_ABSENT"
"j-5968944c083d","PASS","53","","","","","NONE","UNKNOWN","HISTORICALLY_PRESENT_CURRENTLY_ABSENT"
"j-597bb6fd35a5","PURSUE","70","","","","","NONE","UNKNOWN","HISTORICALLY_PRESENT_CURRENTLY_ABSENT"
"j-598e18033b8b","PASS","","","","","","NONE","UNKNOWN","HISTORICALLY_PRESENT_CURRENTLY_ABSENT"
"j-59d66d180aaf","PASS","50","","","","","NONE","UNKNOWN","HISTORICALLY_PRESENT_CURRENTLY_ABSENT"
"j-5a2769562ba0","PASS","53","","","","","NONE","UNKNOWN","HISTORICALLY_PRESENT_CURRENTLY_ABSENT"
"j-5a2dbf8a9676","PASS","","","","","","NONE","UNKNOWN","HISTORICALLY_PRESENT_CURRENTLY_ABSENT"
"j-5a67bb421cff","CONSIDER","69","","","","","NONE","UNKNOWN","HISTORICALLY_PRESENT_CURRENTLY_ABSENT"
"j-5a784368f7c0","CONSIDER","62","","","","","NONE","UNKNOWN","HISTORICALLY_PRESENT_CURRENTLY_ABSENT"
"j-5a89cab0dcae","PASS","","","","","","NONE","UNKNOWN","HISTORICALLY_PRESENT_CURRENTLY_ABSENT"
"j-5abfa27dfba6","CONSIDER","59","","","","","NONE","UNKNOWN","HISTORICALLY_PRESENT_CURRENTLY_ABSENT"
"j-5ac90b7d901c","CONSIDER","58","","","","","NONE","UNKNOWN","HISTORICALLY_PRESENT_CURRENTLY_ABSENT"
"j-5ad312d6dc96","PASS","","","","","","NONE","UNKNOWN","HISTORICALLY_PRESENT_CURRENTLY_ABSENT"
"j-5ad83347dfa2","PASS","34","","","","","NONE","UNKNOWN","HISTORICALLY_PRESENT_CURRENTLY_ABSENT"
"j-5b20abbb7f09","PASS","51","","","","","NONE","UNKNOWN","HISTORICALLY_PRESENT_CURRENTLY_ABSENT"
"j-5b5855e2990f","PASS","","","","","","NONE","UNKNOWN","HISTORICALLY_PRESENT_CURRENTLY_ABSENT"
"j-5b5f78ebb879","PASS","","","","","","NONE","UNKNOWN","HISTORICALLY_PRESENT_CURRENTLY_ABSENT"
"j-5b73ac692a8b","PASS","","","","","","NONE","UNKNOWN","HISTORICALLY_PRESENT_CURRENTLY_ABSENT"
"j-5bc7afaf25a8","PASS","43","","","","","NONE","UNKNOWN","HISTORICALLY_PRESENT_CURRENTLY_ABSENT"
"j-5c13f8a6e5c1","CONSIDER","62","","","","","NONE","UNKNOWN","HISTORICALLY_PRESENT_CURRENTLY_ABSENT"
"j-5c3bbeceb99d","PASS","48","","","","","NONE","UNKNOWN","HISTORICALLY_PRESENT_CURRENTLY_ABSENT"
"j-5c67821120d6","PASS","","","","","","NONE","UNKNOWN","HISTORICALLY_PRESENT_CURRENTLY_ABSENT"
"j-5c83eb43ffa5","PASS","","","","","","NONE","UNKNOWN","HISTORICALLY_PRESENT_CURRENTLY_ABSENT"
"j-5c99d8c5b743","PASS","","","","","","NONE","UNKNOWN","HISTORICALLY_PRESENT_CURRENTLY_ABSENT"
"j-5caee9adb4a5","PURSUE","66","","","","","NONE","UNKNOWN","HISTORICALLY_PRESENT_CURRENTLY_ABSENT"
"j-5cd3479dae66","PASS","","","","","","NONE","UNKNOWN","HISTORICALLY_PRESENT_CURRENTLY_ABSENT"
"j-5d7fc93c998e","PASS","49","","","","","NONE","UNKNOWN","HISTORICALLY_PRESENT_CURRENTLY_ABSENT"
"j-5da422198dda","CONSIDER","57","","","","","NONE","UNKNOWN","HISTORICALLY_PRESENT_CURRENTLY_ABSENT"
"j-5de4372c8785","PURSUE","65","","","","","NONE","UNKNOWN","HISTORICALLY_PRESENT_CURRENTLY_ABSENT"
"j-5e17bcbdb887","CONSIDER","61","","","","","NONE","UNKNOWN","HISTORICALLY_PRESENT_CURRENTLY_ABSENT"
"j-5e36bd06fab2","PURSUE","69","","","","","NONE","UNKNOWN","HISTORICALLY_PRESENT_CURRENTLY_ABSENT"
"j-5e3802081d27","PASS","36","","","","","NONE","UNKNOWN","HISTORICALLY_PRESENT_CURRENTLY_ABSENT"
"j-5e6611c879da","CONSIDER","66","","","","","NONE","UNKNOWN","HISTORICALLY_PRESENT_CURRENTLY_ABSENT"
"j-5e931867254a","CONSIDER","63","","","","","NONE","UNKNOWN","HISTORICALLY_PRESENT_CURRENTLY_ABSENT"
"j-5e95daf3511f","CONSIDER","61","","","","","NONE","UNKNOWN","HISTORICALLY_PRESENT_CURRENTLY_ABSENT"
"j-5e99c4a5d1f5","PASS","","","","","","NONE","UNKNOWN","HISTORICALLY_PRESENT_CURRENTLY_ABSENT"
"j-5ec1f4e09aa7","PURSUE","69","","","","","NONE","UNKNOWN","HISTORICALLY_PRESENT_CURRENTLY_ABSENT"
"j-5ee8d504c85f","CONSIDER","59","","","","","NONE","UNKNOWN","HISTORICALLY_PRESENT_CURRENTLY_ABSENT"
"j-5ee8ebf0f263","PASS","","","","","","NONE","UNKNOWN","HISTORICALLY_PRESENT_CURRENTLY_ABSENT"
"j-5f3e8ffd8db0","PASS","45","","","","","NONE","UNKNOWN","HISTORICALLY_PRESENT_CURRENTLY_ABSENT"
"j-5f40fbc7daa1","PASS","","","","","","NONE","UNKNOWN","HISTORICALLY_PRESENT_CURRENTLY_ABSENT"
"j-5f50984f630e","CONSIDER","57","","","","","NONE","UNKNOWN","HISTORICALLY_PRESENT_CURRENTLY_ABSENT"
"j-5f5e6471ccaa","PASS","","","","","","NONE","UNKNOWN","HISTORICALLY_PRESENT_CURRENTLY_ABSENT"
"j-5faad7347b00","PASS","","","","","","NONE","UNKNOWN","HISTORICALLY_PRESENT_CURRENTLY_ABSENT"
"j-5fb25c2ee201","PURSUE","65","","","","","NONE","UNKNOWN","HISTORICALLY_PRESENT_CURRENTLY_ABSENT"
"j-5fc41326db5e","PURSUE","74","","","","","NONE","UNKNOWN","HISTORICALLY_PRESENT_CURRENTLY_ABSENT"
"j-60389798e1b2","PASS","","","","","","NONE","UNKNOWN","HISTORICALLY_PRESENT_CURRENTLY_ABSENT"
"j-6043293f2aad","PASS","42","","","","","NONE","UNKNOWN","HISTORICALLY_PRESENT_CURRENTLY_ABSENT"
"j-605f25a06ac3","PASS","34","","","","","NONE","UNKNOWN","HISTORICALLY_PRESENT_CURRENTLY_ABSENT"
"j-607824516e39","PURSUE","69","","","","","NONE","UNKNOWN","HISTORICALLY_PRESENT_CURRENTLY_ABSENT"
"j-60909d723bc9","PURSUE","67","","","","","NONE","UNKNOWN","HISTORICALLY_PRESENT_CURRENTLY_ABSENT"
"j-609170c0eaa1","CONSIDER","64","","","","","NONE","UNKNOWN","HISTORICALLY_PRESENT_CURRENTLY_ABSENT"
"j-609a81be6878","CONSIDER","64","","","","","NONE","UNKNOWN","HISTORICALLY_PRESENT_CURRENTLY_ABSENT"
"j-60af52b64441","CONSIDER","60","","","","","NONE","UNKNOWN","HISTORICALLY_PRESENT_CURRENTLY_ABSENT"
"j-60c2cabfd0f8","CONSIDER","62","","","","","NONE","UNKNOWN","HISTORICALLY_PRESENT_CURRENTLY_ABSENT"
"j-60df39899eab","PASS","34","","","","","NONE","UNKNOWN","HISTORICALLY_PRESENT_CURRENTLY_ABSENT"
"j-60f9bde054ab","PASS","","","","","","NONE","UNKNOWN","HISTORICALLY_PRESENT_CURRENTLY_ABSENT"
"j-61356784ba6a","PASS","54","","","","","NONE","UNKNOWN","HISTORICALLY_PRESENT_CURRENTLY_ABSENT"
"j-6136bc21d036","PURSUE","68","","","","","NONE","UNKNOWN","HISTORICALLY_PRESENT_CURRENTLY_ABSENT"
"j-6156d4030258","PASS","","","","","","NONE","UNKNOWN","HISTORICALLY_PRESENT_CURRENTLY_ABSENT"
"j-6165a9392e51","CONSIDER","63","","","","","NONE","UNKNOWN","HISTORICALLY_PRESENT_CURRENTLY_ABSENT"
"j-6183697f0b9a","PASS","46","","","","","NONE","UNKNOWN","HISTORICALLY_PRESENT_CURRENTLY_ABSENT"
"j-61d7f757d2ab","CONSIDER","60","","","","","NONE","UNKNOWN","HISTORICALLY_PRESENT_CURRENTLY_ABSENT"
"j-620038322773","PASS","52","","","","","NONE","UNKNOWN","HISTORICALLY_PRESENT_CURRENTLY_ABSENT"
"j-62373ba87ea0","PASS","","","","","","NONE","UNKNOWN","HISTORICALLY_PRESENT_CURRENTLY_ABSENT"
"j-629e2e5ede8c","PASS","34","","","","","NONE","UNKNOWN","HISTORICALLY_PRESENT_CURRENTLY_ABSENT"
"j-62e44b0b4a66","PASS","60","","","","","NONE","UNKNOWN","HISTORICALLY_PRESENT_CURRENTLY_ABSENT"
"j-6304e6da87d2","PASS","","","","","","NONE","UNKNOWN","HISTORICALLY_PRESENT_CURRENTLY_ABSENT"
"j-63144d98a1bd","PASS","54","","","","","NONE","UNKNOWN","HISTORICALLY_PRESENT_CURRENTLY_ABSENT"
"j-6366e17dabcf","PASS","54","","","","","NONE","UNKNOWN","HISTORICALLY_PRESENT_CURRENTLY_ABSENT"
"j-63d18840ef17","PASS","52","","","","","NONE","UNKNOWN","HISTORICALLY_PRESENT_CURRENTLY_ABSENT"
"j-64138f18021f","CONSIDER","58","","","","","NONE","UNKNOWN","HISTORICALLY_PRESENT_CURRENTLY_ABSENT"
"j-6415ea41ce23","CONSIDER","64","","","","","NONE","UNKNOWN","HISTORICALLY_PRESENT_CURRENTLY_ABSENT"
"j-6468a2c4c613","PASS","34","","","","","NONE","UNKNOWN","HISTORICALLY_PRESENT_CURRENTLY_ABSENT"
"j-65af83d37cca","PASS","","","","","","NONE","UNKNOWN","HISTORICALLY_PRESENT_CURRENTLY_ABSENT"
"j-6601fdfc595b","PURSUE","74","","","","","NONE","UNKNOWN","HISTORICALLY_PRESENT_CURRENTLY_ABSENT"
"j-662aba92e655","PASS","","","","","","NONE","UNKNOWN","HISTORICALLY_PRESENT_CURRENTLY_ABSENT"
"j-669f9f6f2612","PASS","55","","","","","NONE","UNKNOWN","HISTORICALLY_PRESENT_CURRENTLY_ABSENT"
"j-66abc5f5c3ab","PASS","","","","","","NONE","UNKNOWN","HISTORICALLY_PRESENT_CURRENTLY_ABSENT"
"j-66bde0f13e14","PASS","","","","","","NONE","UNKNOWN","HISTORICALLY_PRESENT_CURRENTLY_ABSENT"
"j-66cde4dc88ff","SPARSE_SPEC","0","","","","","NONE","UNKNOWN","HISTORICALLY_PRESENT_CURRENTLY_ABSENT"
"j-66d18007bac2","PASS","37","","","","","NONE","UNKNOWN","HISTORICALLY_PRESENT_CURRENTLY_ABSENT"
"j-67554db472e5","PASS","34","","","","","NONE","UNKNOWN","HISTORICALLY_PRESENT_CURRENTLY_ABSENT"
"j-676b92947c92","CONSIDER","78","","","","","NONE","UNKNOWN","HISTORICALLY_PRESENT_CURRENTLY_ABSENT"
"j-6772654bf9c8","PASS","","","","","","NONE","UNKNOWN","HISTORICALLY_PRESENT_CURRENTLY_ABSENT"
"j-67822765d7f7","PASS","","","","","","NONE","UNKNOWN","HISTORICALLY_PRESENT_CURRENTLY_ABSENT"
"j-678fa0202424","PURSUE","72","","","","","NONE","UNKNOWN","HISTORICALLY_PRESENT_CURRENTLY_ABSENT"
"j-67b04ea94cc4","PASS","","","","","","NONE","UNKNOWN","HISTORICALLY_PRESENT_CURRENTLY_ABSENT"
"j-67c3ecc1e572","PASS","","","","","","NONE","UNKNOWN","HISTORICALLY_PRESENT_CURRENTLY_ABSENT"
"j-681bdb9d12a6","PASS","40","","","","","NONE","UNKNOWN","HISTORICALLY_PRESENT_CURRENTLY_ABSENT"
"j-68516355e1aa","PASS","","","","","","NONE","UNKNOWN","HISTORICALLY_PRESENT_CURRENTLY_ABSENT"
"j-68858325b3e4","PASS","","","","","","NONE","UNKNOWN","HISTORICALLY_PRESENT_CURRENTLY_ABSENT"
"j-68b0d6371171","CONSIDER","57","","","","","NONE","UNKNOWN","HISTORICALLY_PRESENT_CURRENTLY_ABSENT"
"j-68b771f02648","PASS","","","","","","NONE","UNKNOWN","HISTORICALLY_PRESENT_CURRENTLY_ABSENT"
"j-68c77928f480","PASS","50","","","","","NONE","UNKNOWN","HISTORICALLY_PRESENT_CURRENTLY_ABSENT"
"j-68e20c527ce3","PURSUE","71","","","","","NONE","UNKNOWN","HISTORICALLY_PRESENT_CURRENTLY_ABSENT"
"j-68ebe7699820","PASS","45","","","","","NONE","UNKNOWN","HISTORICALLY_PRESENT_CURRENTLY_ABSENT"
"j-69095fadb3eb","PASS","47","","","","","NONE","UNKNOWN","HISTORICALLY_PRESENT_CURRENTLY_ABSENT"
"j-69178c58848f","PASS","","","","","","NONE","UNKNOWN","HISTORICALLY_PRESENT_CURRENTLY_ABSENT"
"j-6931135758f5","PASS","41","","","","","NONE","UNKNOWN","HISTORICALLY_PRESENT_CURRENTLY_ABSENT"
"j-69675b2e5d34","PASS","","","","","","NONE","UNKNOWN","HISTORICALLY_PRESENT_CURRENTLY_ABSENT"
"j-69bdc81842c9","CONSIDER","70","","","","","NONE","UNKNOWN","HISTORICALLY_PRESENT_CURRENTLY_ABSENT"
"j-69dcbd89fcfe","PASS","44","","","","","NONE","UNKNOWN","HISTORICALLY_PRESENT_CURRENTLY_ABSENT"
"j-69df202bac2c","PASS","48","","","","","NONE","UNKNOWN","HISTORICALLY_PRESENT_CURRENTLY_ABSENT"
"j-6a42eb6be087","PASS","50","","","","","NONE","UNKNOWN","HISTORICALLY_PRESENT_CURRENTLY_ABSENT"
"j-6a89fdeb5db9","CONSIDER","66","","","","","NONE","UNKNOWN","HISTORICALLY_PRESENT_CURRENTLY_ABSENT"
"j-6aa932bb0bcf","PASS","","","","","","NONE","UNKNOWN","HISTORICALLY_PRESENT_CURRENTLY_ABSENT"
"j-6ab88c228f5c","PASS","54","","","","","NONE","UNKNOWN","HISTORICALLY_PRESENT_CURRENTLY_ABSENT"
"j-6ac9efc357f2","CONSIDER","72","","","","","NONE","UNKNOWN","HISTORICALLY_PRESENT_CURRENTLY_ABSENT"
"j-6b0900252fb6","PURSUE","75","","","","","NONE","UNKNOWN","HISTORICALLY_PRESENT_CURRENTLY_ABSENT"
"j-6b5089f9c223","PASS","","","","","","NONE","UNKNOWN","HISTORICALLY_PRESENT_CURRENTLY_ABSENT"
"j-6b661f5bb576","PASS","","","","","","NONE","UNKNOWN","HISTORICALLY_PRESENT_CURRENTLY_ABSENT"
"j-6b9d35203f98","PASS","","","","","","NONE","UNKNOWN","HISTORICALLY_PRESENT_CURRENTLY_ABSENT"
"j-6baa876ff9a3","PASS","59","","","","","NONE","UNKNOWN","HISTORICALLY_PRESENT_CURRENTLY_ABSENT"
"j-6bb1b4d5b90b","CONSIDER","60","","","","","NONE","UNKNOWN","HISTORICALLY_PRESENT_CURRENTLY_ABSENT"
"j-6bede138b18c","PASS","","","","","","NONE","UNKNOWN","HISTORICALLY_PRESENT_CURRENTLY_ABSENT"
"j-6bef5f20bfc6","CONSIDER","58","","","","","NONE","UNKNOWN","HISTORICALLY_PRESENT_CURRENTLY_ABSENT"
"j-6bfc6b664b0f","CONSIDER","59","","","","","NONE","UNKNOWN","HISTORICALLY_PRESENT_CURRENTLY_ABSENT"
"j-6bfcef2eb039","PASS","34","","","","","NONE","UNKNOWN","HISTORICALLY_PRESENT_CURRENTLY_ABSENT"
"j-6c04c0da113c","CONSIDER","68","","","","","NONE","UNKNOWN","HISTORICALLY_PRESENT_CURRENTLY_ABSENT"
"j-6c1791ff12d8","CONSIDER","58","","","","","NONE","UNKNOWN","HISTORICALLY_PRESENT_CURRENTLY_ABSENT"
"j-6c1868b4d2da","CONSIDER","55","","","","","NONE","UNKNOWN","HISTORICALLY_PRESENT_CURRENTLY_ABSENT"
"j-6c3a890a7857","CONSIDER","57","","","","","NONE","UNKNOWN","HISTORICALLY_PRESENT_CURRENTLY_ABSENT"
"j-6c94dd26831e","PASS","54","","","","","NONE","UNKNOWN","HISTORICALLY_PRESENT_CURRENTLY_ABSENT"
"j-6caad1548cf5","PASS","41","","","","","NONE","UNKNOWN","HISTORICALLY_PRESENT_CURRENTLY_ABSENT"
"j-6caec040a480","PASS","54","","","","","NONE","UNKNOWN","HISTORICALLY_PRESENT_CURRENTLY_ABSENT"
"j-6d6398bda63b","PURSUE","78","","","","","NONE","UNKNOWN","HISTORICALLY_PRESENT_CURRENTLY_ABSENT"
"j-6dc945563591","PASS","47","","","","","NONE","UNKNOWN","HISTORICALLY_PRESENT_CURRENTLY_ABSENT"
"j-6e0d09a613a6","PASS","","","","","","NONE","UNKNOWN","HISTORICALLY_PRESENT_CURRENTLY_ABSENT"
"j-6e879733c337","PASS","","","","","","NONE","UNKNOWN","HISTORICALLY_PRESENT_CURRENTLY_ABSENT"
"j-6ec1bedca0c5","PASS","45","","","","","NONE","UNKNOWN","HISTORICALLY_PRESENT_CURRENTLY_ABSENT"
"j-6efbc3183a00","PASS","49","","","","","NONE","UNKNOWN","HISTORICALLY_PRESENT_CURRENTLY_ABSENT"
"j-6f7962137faf","PASS","","","","","","NONE","UNKNOWN","HISTORICALLY_PRESENT_CURRENTLY_ABSENT"
"j-6fdadf1cf9f6","PASS","54","","","","","NONE","UNKNOWN","HISTORICALLY_PRESENT_CURRENTLY_ABSENT"
"j-7028a6f21917","PASS","","","","","","NONE","UNKNOWN","HISTORICALLY_PRESENT_CURRENTLY_ABSENT"
"j-7077391cbb90","PASS","","","","","","NONE","UNKNOWN","HISTORICALLY_PRESENT_CURRENTLY_ABSENT"
"j-708756042459","PURSUE","75","","","","","NONE","UNKNOWN","HISTORICALLY_PRESENT_CURRENTLY_ABSENT"
"j-70e22ca36544","PASS","","","","","","NONE","UNKNOWN","HISTORICALLY_PRESENT_CURRENTLY_ABSENT"
"j-70fea2f40f09","PASS","34","","","","","NONE","UNKNOWN","HISTORICALLY_PRESENT_CURRENTLY_ABSENT"
"j-71e0e6954007","PASS","40","","","","","NONE","UNKNOWN","HISTORICALLY_PRESENT_CURRENTLY_ABSENT"
"j-726da9900c1d","PASS","74","","","","","NONE","UNKNOWN","HISTORICALLY_PRESENT_CURRENTLY_ABSENT"
"j-727bca7d1c10","PASS","37","","","","","NONE","UNKNOWN","HISTORICALLY_PRESENT_CURRENTLY_ABSENT"
"j-7297fc395cc8","PASS","","","","","","NONE","UNKNOWN","HISTORICALLY_PRESENT_CURRENTLY_ABSENT"
"j-72fa8c571237","CONSIDER","60","","","","","NONE","UNKNOWN","HISTORICALLY_PRESENT_CURRENTLY_ABSENT"
"j-730c62a5fdf9","CONSIDER","62","","","","","NONE","UNKNOWN","HISTORICALLY_PRESENT_CURRENTLY_ABSENT"
"j-736a97ed3c5a","PASS","","","","","","NONE","UNKNOWN","HISTORICALLY_PRESENT_CURRENTLY_ABSENT"
"j-736ab9bcf5a5","CONSIDER","61","","","","","NONE","UNKNOWN","HISTORICALLY_PRESENT_CURRENTLY_ABSENT"
"j-73b61dfc46e8","PASS","","","","","","NONE","UNKNOWN","HISTORICALLY_PRESENT_CURRENTLY_ABSENT"
"j-740142d35ebe","CONSIDER","58","","","","","NONE","UNKNOWN","HISTORICALLY_PRESENT_CURRENTLY_ABSENT"
"j-740f8d04a7b0","PASS","","","","","","NONE","UNKNOWN","HISTORICALLY_PRESENT_CURRENTLY_ABSENT"
"j-74128cf58d9f","PASS","54","","","","","NONE","UNKNOWN","HISTORICALLY_PRESENT_CURRENTLY_ABSENT"
"j-741daef85d7d","PASS","","","","","","NONE","UNKNOWN","HISTORICALLY_PRESENT_CURRENTLY_ABSENT"
"j-742ad2e9cb36","PASS","45","","","","","NONE","UNKNOWN","HISTORICALLY_PRESENT_CURRENTLY_ABSENT"
"j-746985ad31b5","PASS","","","","","","NONE","UNKNOWN","HISTORICALLY_PRESENT_CURRENTLY_ABSENT"
"j-749f2dacb417","PURSUE","71","","","","","NONE","UNKNOWN","HISTORICALLY_PRESENT_CURRENTLY_ABSENT"
"j-753296224096","CONSIDER","56","","","","","NONE","UNKNOWN","HISTORICALLY_PRESENT_CURRENTLY_ABSENT"
"j-7557fc7d32a7","PASS","","","","","","NONE","UNKNOWN","HISTORICALLY_PRESENT_CURRENTLY_ABSENT"
"j-756e55d20934","CONSIDER","61","","","","","NONE","UNKNOWN","HISTORICALLY_PRESENT_CURRENTLY_ABSENT"
"j-757e7911ddf6","PASS","40","","","","","NONE","UNKNOWN","HISTORICALLY_PRESENT_CURRENTLY_ABSENT"
"j-759e2ee82eeb","PASS","","","","","","NONE","UNKNOWN","HISTORICALLY_PRESENT_CURRENTLY_ABSENT"
"j-76426986283d","CONSIDER","60","","","","","NONE","UNKNOWN","HISTORICALLY_PRESENT_CURRENTLY_ABSENT"
"j-76658b686fee","CONSIDER","62","","","","","NONE","UNKNOWN","HISTORICALLY_PRESENT_CURRENTLY_ABSENT"
"j-7684aea4a660","PURSUE","69","","","","","NONE","UNKNOWN","HISTORICALLY_PRESENT_CURRENTLY_ABSENT"
"j-768c7e90e001","CONSIDER","56","","","","","NONE","UNKNOWN","HISTORICALLY_PRESENT_CURRENTLY_ABSENT"
"j-76a41fab0f6d","PASS","53","","","","","NONE","UNKNOWN","HISTORICALLY_PRESENT_CURRENTLY_ABSENT"
"j-76b870d3514a","CONSIDER","57","","","","","NONE","UNKNOWN","HISTORICALLY_PRESENT_CURRENTLY_ABSENT"
"j-76dbb34454fb","CONSIDER","73","","","","","NONE","UNKNOWN","HISTORICALLY_PRESENT_CURRENTLY_ABSENT"
"j-76e1692fc269","PASS","44","","","","","NONE","UNKNOWN","HISTORICALLY_PRESENT_CURRENTLY_ABSENT"
"j-76f82d36918f","PASS","","","","","","NONE","UNKNOWN","HISTORICALLY_PRESENT_CURRENTLY_ABSENT"
"j-77232bb40e70","PASS","51","","","","","NONE","UNKNOWN","HISTORICALLY_PRESENT_CURRENTLY_ABSENT"
"j-7737d1ebf905","CONSIDER","57","","","","","NONE","UNKNOWN","HISTORICALLY_PRESENT_CURRENTLY_ABSENT"
"j-77910419ab9d","PASS","","","","","","NONE","UNKNOWN","HISTORICALLY_PRESENT_CURRENTLY_ABSENT"
"j-77af129bdc59","PURSUE","65","","","","","NONE","UNKNOWN","HISTORICALLY_PRESENT_CURRENTLY_ABSENT"
"j-77d67c3c079e","CONSIDER","58","","","","","NONE","UNKNOWN","HISTORICALLY_PRESENT_CURRENTLY_ABSENT"
"j-77e462ab47ef","PURSUE","70","","","","","NONE","UNKNOWN","HISTORICALLY_PRESENT_CURRENTLY_ABSENT"
"j-77ed0ab40ffa","CONSIDER","61","","","","","NONE","UNKNOWN","HISTORICALLY_PRESENT_CURRENTLY_ABSENT"
"j-781c027a0777","PASS","","","","","","NONE","UNKNOWN","HISTORICALLY_PRESENT_CURRENTLY_ABSENT"
"j-781d1412b6dc","PASS","","","","","","NONE","UNKNOWN","HISTORICALLY_PRESENT_CURRENTLY_ABSENT"
"j-7820b0916ecc","PASS","","","","","","NONE","UNKNOWN","HISTORICALLY_PRESENT_CURRENTLY_ABSENT"
"j-7848e2797360","PASS","","","","","","NONE","UNKNOWN","HISTORICALLY_PRESENT_CURRENTLY_ABSENT"
"j-785f88c4de33","CONSIDER","61","","","","","NONE","UNKNOWN","HISTORICALLY_PRESENT_CURRENTLY_ABSENT"
"j-78a7b3a39a1f","PASS","","","","","","NONE","UNKNOWN","HISTORICALLY_PRESENT_CURRENTLY_ABSENT"
"j-78f390217bf2","PASS","","","","","","NONE","UNKNOWN","HISTORICALLY_PRESENT_CURRENTLY_ABSENT"
"j-79477dcfc875","PASS","","","","","","NONE","UNKNOWN","HISTORICALLY_PRESENT_CURRENTLY_ABSENT"
"j-795432d8734d","CONSIDER","62","","","","","NONE","UNKNOWN","HISTORICALLY_PRESENT_CURRENTLY_ABSENT"
"j-796c62a49528","PASS","","","","","","NONE","UNKNOWN","HISTORICALLY_PRESENT_CURRENTLY_ABSENT"
"j-799cc572df78","PASS","40","","","","","NONE","UNKNOWN","HISTORICALLY_PRESENT_CURRENTLY_ABSENT"
"j-79a327ec47ec","PASS","39","","","","","NONE","UNKNOWN","HISTORICALLY_PRESENT_CURRENTLY_ABSENT"
"j-79e118ae8472","PASS","39","","","","","NONE","UNKNOWN","HISTORICALLY_PRESENT_CURRENTLY_ABSENT"
"j-79ebdc75cde2","PASS","42","","","","","NONE","UNKNOWN","HISTORICALLY_PRESENT_CURRENTLY_ABSENT"
"j-7a54cd0c5d2a","CONSIDER","58","","","","","NONE","UNKNOWN","HISTORICALLY_PRESENT_CURRENTLY_ABSENT"
"j-7a6d7f1df928","PURSUE","66","","","","","NONE","UNKNOWN","HISTORICALLY_PRESENT_CURRENTLY_ABSENT"
"j-7a83602754e8","CONSIDER","63","","","","","NONE","UNKNOWN","HISTORICALLY_PRESENT_CURRENTLY_ABSENT"
"j-7aaaef6a1ae1","PASS","","","","","","NONE","UNKNOWN","HISTORICALLY_PRESENT_CURRENTLY_ABSENT"
"j-7af0d3b48165","PASS","49","","","","","NONE","UNKNOWN","HISTORICALLY_PRESENT_CURRENTLY_ABSENT"
"j-7af130c8a97b","CONSIDER","57","","","","","NONE","UNKNOWN","HISTORICALLY_PRESENT_CURRENTLY_ABSENT"
"j-7afc7a22e483","PASS","","","","","","NONE","UNKNOWN","HISTORICALLY_PRESENT_CURRENTLY_ABSENT"
"j-7afd3c6ae5be","PURSUE","65","","","","","NONE","UNKNOWN","HISTORICALLY_PRESENT_CURRENTLY_ABSENT"
"j-7b09f4c70cbc","PASS","63","","","","","NONE","UNKNOWN","HISTORICALLY_PRESENT_CURRENTLY_ABSENT"
"j-7b758e41d81d","PASS","","","","","","NONE","UNKNOWN","HISTORICALLY_PRESENT_CURRENTLY_ABSENT"
"j-7b7aac5ab489","CONSIDER","72","","","","","NONE","UNKNOWN","HISTORICALLY_PRESENT_CURRENTLY_ABSENT"
"j-7b9f0c8dfcb4","PASS","45","","","","","NONE","UNKNOWN","HISTORICALLY_PRESENT_CURRENTLY_ABSENT"
"j-7bb932e83fdb","CONSIDER","68","","","","","NONE","UNKNOWN","HISTORICALLY_PRESENT_CURRENTLY_ABSENT"
"j-7bcc0767105d","PURSUE","71","","","","","NONE","UNKNOWN","HISTORICALLY_PRESENT_CURRENTLY_ABSENT"
"j-7bf97f54c0d8","PASS","","","","","","NONE","UNKNOWN","HISTORICALLY_PRESENT_CURRENTLY_ABSENT"
"j-7c0e3f50d2d3","CONSIDER","60","","","","","NONE","UNKNOWN","HISTORICALLY_PRESENT_CURRENTLY_ABSENT"
"j-7c21469dc1a9","PASS","45","","","","","NONE","UNKNOWN","HISTORICALLY_PRESENT_CURRENTLY_ABSENT"
"j-7c23b47b933b","PURSUE","84","","","","","NONE","UNKNOWN","HISTORICALLY_PRESENT_CURRENTLY_ABSENT"
"j-7c2efce1621b","PASS","","","","","","NONE","UNKNOWN","HISTORICALLY_PRESENT_CURRENTLY_ABSENT"
"j-7c45e6232ae3","CONSIDER","62","","","","","NONE","UNKNOWN","HISTORICALLY_PRESENT_CURRENTLY_ABSENT"
"j-7c4e9b1260a2","PASS","","","","","","NONE","UNKNOWN","HISTORICALLY_PRESENT_CURRENTLY_ABSENT"
"j-7c79bc5abfbc","PASS","","","","","","NONE","UNKNOWN","HISTORICALLY_PRESENT_CURRENTLY_ABSENT"
"j-7c7b4cf2bed9","PASS","","","","","","NONE","UNKNOWN","HISTORICALLY_PRESENT_CURRENTLY_ABSENT"
"j-7c995617f797","PURSUE","71","","","","","NONE","UNKNOWN","HISTORICALLY_PRESENT_CURRENTLY_ABSENT"
"j-7ccdb67f6a56","PASS","","","","","","NONE","UNKNOWN","HISTORICALLY_PRESENT_CURRENTLY_ABSENT"
"j-7cf8a1383630","PASS","49","","","","","NONE","UNKNOWN","HISTORICALLY_PRESENT_CURRENTLY_ABSENT"
"j-7d084fe5f3fa","CONSIDER","60","","","","","NONE","UNKNOWN","HISTORICALLY_PRESENT_CURRENTLY_ABSENT"
"j-7d384d00a05e","PURSUE","76","","","","","NONE","UNKNOWN","HISTORICALLY_PRESENT_CURRENTLY_ABSENT"
"j-7ddb6452b0d8","PASS","","","","","","NONE","UNKNOWN","HISTORICALLY_PRESENT_CURRENTLY_ABSENT"
"j-7ddc18fb4bf6","PASS","","","","","","NONE","UNKNOWN","HISTORICALLY_PRESENT_CURRENTLY_ABSENT"
"j-7df407cf7d16","PASS","","","","","","NONE","UNKNOWN","HISTORICALLY_PRESENT_CURRENTLY_ABSENT"
"j-7dfcf427c855","CONSIDER","58","","","","","NONE","UNKNOWN","HISTORICALLY_PRESENT_CURRENTLY_ABSENT"
"j-7e15618c690d","PASS","","","","","","NONE","UNKNOWN","HISTORICALLY_PRESENT_CURRENTLY_ABSENT"
"j-7e29ab7acc90","PASS","","","","","","NONE","UNKNOWN","HISTORICALLY_PRESENT_CURRENTLY_ABSENT"
"j-7e2cfcd7602e","PASS","","","","","","NONE","UNKNOWN","HISTORICALLY_PRESENT_CURRENTLY_ABSENT"
"j-7e3d36abbe81","PURSUE","65","","","","","NONE","UNKNOWN","HISTORICALLY_PRESENT_CURRENTLY_ABSENT"
"j-7e7aff7baac2","PASS","","","","","","NONE","UNKNOWN","HISTORICALLY_PRESENT_CURRENTLY_ABSENT"
"j-7f0c52ab39ae","CONSIDER","56","","","","","NONE","UNKNOWN","HISTORICALLY_PRESENT_CURRENTLY_ABSENT"
"j-7f4bdb03ae9b","PASS","","","","","","NONE","UNKNOWN","HISTORICALLY_PRESENT_CURRENTLY_ABSENT"
"j-7f994fc026c1","PASS","","","","","","NONE","UNKNOWN","HISTORICALLY_PRESENT_CURRENTLY_ABSENT"
"j-7fa1b328f668","PASS","","","","","","NONE","UNKNOWN","HISTORICALLY_PRESENT_CURRENTLY_ABSENT"
"j-7fa2a614b068","PASS","","","","","","NONE","UNKNOWN","HISTORICALLY_PRESENT_CURRENTLY_ABSENT"
"j-7fa5c9a8c2ac","PURSUE","65","","","","","NONE","UNKNOWN","HISTORICALLY_PRESENT_CURRENTLY_ABSENT"
"j-7fe095c505ca","PASS","","","","","","NONE","UNKNOWN","HISTORICALLY_PRESENT_CURRENTLY_ABSENT"
"j-7ff0eaf960dc","PASS","46","","","","","NONE","UNKNOWN","HISTORICALLY_PRESENT_CURRENTLY_ABSENT"
"j-7ff499012280","PASS","","","","","","NONE","UNKNOWN","HISTORICALLY_PRESENT_CURRENTLY_ABSENT"
"j-803139487a56","PASS","40","","","","","NONE","UNKNOWN","HISTORICALLY_PRESENT_CURRENTLY_ABSENT"
"j-8043746aa752","PASS","54","","","","","NONE","UNKNOWN","HISTORICALLY_PRESENT_CURRENTLY_ABSENT"
"j-804bb2287cdc","CONSIDER","62","","","","","NONE","UNKNOWN","HISTORICALLY_PRESENT_CURRENTLY_ABSENT"
"j-805479c89ba4","PASS","49","","","","","NONE","UNKNOWN","HISTORICALLY_PRESENT_CURRENTLY_ABSENT"
"j-80a97e69983e","PASS","","","","","","NONE","UNKNOWN","HISTORICALLY_PRESENT_CURRENTLY_ABSENT"
"j-80c3be3b424e","CONSIDER","55","","","","","NONE","UNKNOWN","HISTORICALLY_PRESENT_CURRENTLY_ABSENT"
"j-80f06590d582","CONSIDER","56","","","","","NONE","UNKNOWN","HISTORICALLY_PRESENT_CURRENTLY_ABSENT"
"j-810c060a01d3","PASS","43","","","","","NONE","UNKNOWN","HISTORICALLY_PRESENT_CURRENTLY_ABSENT"
"j-813911307445","PASS","","","","","","NONE","UNKNOWN","HISTORICALLY_PRESENT_CURRENTLY_ABSENT"
"j-813eda9315e4","PASS","","","","","","NONE","UNKNOWN","HISTORICALLY_PRESENT_CURRENTLY_ABSENT"
"j-81535621093d","PASS","","","","","","NONE","UNKNOWN","HISTORICALLY_PRESENT_CURRENTLY_ABSENT"
"j-815d672395d7","CONSIDER","68","","","","","NONE","UNKNOWN","HISTORICALLY_PRESENT_CURRENTLY_ABSENT"
"j-819f0c5f98ac","PASS","34","","","","","NONE","UNKNOWN","HISTORICALLY_PRESENT_CURRENTLY_ABSENT"
"j-81b096b9a3d8","PURSUE","65","","","","","NONE","UNKNOWN","HISTORICALLY_PRESENT_CURRENTLY_ABSENT"
"j-81ece1b55566","CONSIDER","60","","","","","NONE","UNKNOWN","HISTORICALLY_PRESENT_CURRENTLY_ABSENT"
"j-823dfdee7005","PASS","40","","","","","NONE","UNKNOWN","HISTORICALLY_PRESENT_CURRENTLY_ABSENT"
"j-8243f65d3a33","CONSIDER","63","","","","","NONE","UNKNOWN","HISTORICALLY_PRESENT_CURRENTLY_ABSENT"
"j-82514161c899","PASS","40","","","","","NONE","UNKNOWN","HISTORICALLY_PRESENT_CURRENTLY_ABSENT"
"j-827a345792d5","PASS","52","","","","","NONE","UNKNOWN","HISTORICALLY_PRESENT_CURRENTLY_ABSENT"
"j-827b875d2176","PASS","54","","","","","NONE","UNKNOWN","HISTORICALLY_PRESENT_CURRENTLY_ABSENT"
"j-828043b8f6e2","PASS","51","","","","","NONE","UNKNOWN","HISTORICALLY_PRESENT_CURRENTLY_ABSENT"
"j-82820dcd61e6","PASS","","","","","","NONE","UNKNOWN","HISTORICALLY_PRESENT_CURRENTLY_ABSENT"
"j-82942b5ece8f","PASS","41","","","","","NONE","UNKNOWN","HISTORICALLY_PRESENT_CURRENTLY_ABSENT"
"j-82e5d3ebbb25","PURSUE","80","","","","","NONE","UNKNOWN","HISTORICALLY_PRESENT_CURRENTLY_ABSENT"
"j-832b99b11058","PASS","66","","","","","NONE","UNKNOWN","HISTORICALLY_PRESENT_CURRENTLY_ABSENT"
"j-832e06aca98d","PASS","","","","","","NONE","UNKNOWN","HISTORICALLY_PRESENT_CURRENTLY_ABSENT"
"j-8369bddc7c0b","PASS","","","","","","NONE","UNKNOWN","HISTORICALLY_PRESENT_CURRENTLY_ABSENT"
"j-83b58b97f54f","PASS","48","","","","","NONE","UNKNOWN","HISTORICALLY_PRESENT_CURRENTLY_ABSENT"
"j-83db5f73244f","CONSIDER","64","","","","","NONE","UNKNOWN","HISTORICALLY_PRESENT_CURRENTLY_ABSENT"
"j-83e7128611b4","PURSUE","71","","","","","NONE","UNKNOWN","HISTORICALLY_PRESENT_CURRENTLY_ABSENT"
"j-841284e90716","PASS","","","","","","NONE","UNKNOWN","HISTORICALLY_PRESENT_CURRENTLY_ABSENT"
"j-842a72d03789","PASS","","","","","","NONE","UNKNOWN","HISTORICALLY_PRESENT_CURRENTLY_ABSENT"
"j-8431bcece2cb","PASS","","","","","","NONE","UNKNOWN","HISTORICALLY_PRESENT_CURRENTLY_ABSENT"
"j-8443432937c4","CONSIDER","58","","","","","NONE","UNKNOWN","HISTORICALLY_PRESENT_CURRENTLY_ABSENT"
"j-8444dbd48322","PURSUE","70","","","","","NONE","UNKNOWN","HISTORICALLY_PRESENT_CURRENTLY_ABSENT"
"j-8476766ba59c","PASS","59","","","","","NONE","UNKNOWN","HISTORICALLY_PRESENT_CURRENTLY_ABSENT"
"j-8476eb4b5bc3","PURSUE","67","","","","","NONE","UNKNOWN","HISTORICALLY_PRESENT_CURRENTLY_ABSENT"
"j-848712e9af49","CONSIDER","59","","","","","NONE","UNKNOWN","HISTORICALLY_PRESENT_CURRENTLY_ABSENT"
"j-84a9db262ff5","PASS","","","","","","NONE","UNKNOWN","HISTORICALLY_PRESENT_CURRENTLY_ABSENT"
"j-84aa14dd0671","PASS","","","","","","NONE","UNKNOWN","HISTORICALLY_PRESENT_CURRENTLY_ABSENT"
"j-84f3b3e9600f","CONSIDER","62","","","","","NONE","UNKNOWN","HISTORICALLY_PRESENT_CURRENTLY_ABSENT"
"j-84f95017a47d","PASS","","","","","","NONE","UNKNOWN","HISTORICALLY_PRESENT_CURRENTLY_ABSENT"
"j-85229c7d5039","PASS","","","","","","NONE","UNKNOWN","HISTORICALLY_PRESENT_CURRENTLY_ABSENT"
"j-854f693c4288","PASS","54","","","","","NONE","UNKNOWN","HISTORICALLY_PRESENT_CURRENTLY_ABSENT"
"j-85785d40e823","CONSIDER","57","","","","","NONE","UNKNOWN","HISTORICALLY_PRESENT_CURRENTLY_ABSENT"
"j-85ad63c90d71","PASS","","","","","","NONE","UNKNOWN","HISTORICALLY_PRESENT_CURRENTLY_ABSENT"
"j-85b6fafcf168","PURSUE","67","","","","","NONE","UNKNOWN","HISTORICALLY_PRESENT_CURRENTLY_ABSENT"
"j-85e94324b2c2","PASS","52","","","","","NONE","UNKNOWN","HISTORICALLY_PRESENT_CURRENTLY_ABSENT"
"j-85fe5714fa0a","PASS","","","","","","NONE","UNKNOWN","HISTORICALLY_PRESENT_CURRENTLY_ABSENT"
"j-86255a72e4fc","PASS","","","","","","NONE","UNKNOWN","HISTORICALLY_PRESENT_CURRENTLY_ABSENT"
"j-86480f3aeed8","CONSIDER","62","","","","","NONE","UNKNOWN","HISTORICALLY_PRESENT_CURRENTLY_ABSENT"
"j-8650220f71a1","PASS","","","","","","NONE","UNKNOWN","HISTORICALLY_PRESENT_CURRENTLY_ABSENT"
"j-86a6f30c4fcc","PASS","","","","","","NONE","UNKNOWN","HISTORICALLY_PRESENT_CURRENTLY_ABSENT"
"j-86b2cb8c6c36","PASS","34","","","","","NONE","UNKNOWN","HISTORICALLY_PRESENT_CURRENTLY_ABSENT"
"j-86c6c6b37e46","PASS","45","","","","","NONE","UNKNOWN","HISTORICALLY_PRESENT_CURRENTLY_ABSENT"
"j-86ef3d45e346","CONSIDER","58","","","","","NONE","UNKNOWN","HISTORICALLY_PRESENT_CURRENTLY_ABSENT"
"j-87667c497023","PASS","54","","","","","NONE","UNKNOWN","HISTORICALLY_PRESENT_CURRENTLY_ABSENT"
"j-87679977f529","CONSIDER","61","","","","","NONE","UNKNOWN","HISTORICALLY_PRESENT_CURRENTLY_ABSENT"
"j-87a0a5fabc3a","PASS","70","","","","","NONE","UNKNOWN","HISTORICALLY_PRESENT_CURRENTLY_ABSENT"
"j-8809a163947a","CONSIDER","56","","","","","NONE","UNKNOWN","HISTORICALLY_PRESENT_CURRENTLY_ABSENT"
"j-88231d0dec13","CONSIDER","73","","","","","NONE","UNKNOWN","HISTORICALLY_PRESENT_CURRENTLY_ABSENT"
"j-884176d7be6f","PASS","41","","","","","NONE","UNKNOWN","HISTORICALLY_PRESENT_CURRENTLY_ABSENT"
"j-88541e7a8d88","PASS","64","","","","","NONE","UNKNOWN","HISTORICALLY_PRESENT_CURRENTLY_ABSENT"
"j-88cbb5a26552","CONSIDER","57","","","","","NONE","UNKNOWN","HISTORICALLY_PRESENT_CURRENTLY_ABSENT"
"j-88e701d9b0e3","PASS","","","","","","NONE","UNKNOWN","HISTORICALLY_PRESENT_CURRENTLY_ABSENT"
"j-89076d0da96a","PASS","","","","","","NONE","UNKNOWN","HISTORICALLY_PRESENT_CURRENTLY_ABSENT"
"j-892a1377061f","PASS","45","","","","","NONE","UNKNOWN","HISTORICALLY_PRESENT_CURRENTLY_ABSENT"
"j-8958e8d1ded7","PASS","38","","","","","NONE","UNKNOWN","HISTORICALLY_PRESENT_CURRENTLY_ABSENT"
"j-896282cf6870","PASS","38","","","","","NONE","UNKNOWN","HISTORICALLY_PRESENT_CURRENTLY_ABSENT"
"j-89a7c72e9c1a","PASS","40","","","","","NONE","UNKNOWN","HISTORICALLY_PRESENT_CURRENTLY_ABSENT"
"j-89d0ca44e5c3","PASS","46","","","","","NONE","UNKNOWN","HISTORICALLY_PRESENT_CURRENTLY_ABSENT"
"j-8a11c574dcaa","PASS","","","","","","NONE","UNKNOWN","HISTORICALLY_PRESENT_CURRENTLY_ABSENT"
"j-8a2114cfd250","PASS","","","","","","NONE","UNKNOWN","HISTORICALLY_PRESENT_CURRENTLY_ABSENT"
"j-8a3fcc79b58b","PASS","","","","","","NONE","UNKNOWN","HISTORICALLY_PRESENT_CURRENTLY_ABSENT"
"j-8a8b1ff9fe43","PASS","48","","","","","NONE","UNKNOWN","HISTORICALLY_PRESENT_CURRENTLY_ABSENT"
"j-8ab0a1f9a74d","PASS","","","","","","NONE","UNKNOWN","HISTORICALLY_PRESENT_CURRENTLY_ABSENT"
"j-8ac694041344","CONSIDER","62","","","","","NONE","UNKNOWN","HISTORICALLY_PRESENT_CURRENTLY_ABSENT"
"j-8b23a6697074","PASS","37","","","","","NONE","UNKNOWN","HISTORICALLY_PRESENT_CURRENTLY_ABSENT"
"j-8b3828648894","PASS","43","","","","","NONE","UNKNOWN","HISTORICALLY_PRESENT_CURRENTLY_ABSENT"
"j-8b68073a6955","PASS","","","","","","NONE","UNKNOWN","HISTORICALLY_PRESENT_CURRENTLY_ABSENT"
"j-8b9bdedfd182","PASS","","","","","","NONE","UNKNOWN","HISTORICALLY_PRESENT_CURRENTLY_ABSENT"
"j-8bd345a80659","CONSIDER","64","","","","","NONE","UNKNOWN","HISTORICALLY_PRESENT_CURRENTLY_ABSENT"
"j-8bd583f26d8e","PASS","","","","","","NONE","UNKNOWN","HISTORICALLY_PRESENT_CURRENTLY_ABSENT"
"j-8c083df2d555","PASS","","","","","","NONE","UNKNOWN","HISTORICALLY_PRESENT_CURRENTLY_ABSENT"
"j-8c1a93d6d4e0","PASS","56","","","","","NONE","UNKNOWN","HISTORICALLY_PRESENT_CURRENTLY_ABSENT"
"j-8c2841940e12","PASS","","","","","","NONE","UNKNOWN","HISTORICALLY_PRESENT_CURRENTLY_ABSENT"
"j-8c4dfc972254","PASS","","","","","","NONE","UNKNOWN","HISTORICALLY_PRESENT_CURRENTLY_ABSENT"
"j-8c53406fc418","PURSUE","70","","","","","NONE","UNKNOWN","HISTORICALLY_PRESENT_CURRENTLY_ABSENT"
"j-8c8b2ecbf512","PASS","","","","","","NONE","UNKNOWN","HISTORICALLY_PRESENT_CURRENTLY_ABSENT"
"j-8c8c7da71ad9","PASS","","","","","","NONE","UNKNOWN","HISTORICALLY_PRESENT_CURRENTLY_ABSENT"
"j-8c9b2697ba3c","PASS","","","","","","NONE","UNKNOWN","HISTORICALLY_PRESENT_CURRENTLY_ABSENT"
"j-8c9fd0b89d9e","PASS","40","","","","","NONE","UNKNOWN","HISTORICALLY_PRESENT_CURRENTLY_ABSENT"
"j-8ca50197d045","PASS","50","","","","","NONE","UNKNOWN","HISTORICALLY_PRESENT_CURRENTLY_ABSENT"
"j-8d2b7ff6cbb8","CONSIDER","67","","","","","NONE","UNKNOWN","HISTORICALLY_PRESENT_CURRENTLY_ABSENT"
"j-8d7cf8339b9c","PASS","","","","","","NONE","UNKNOWN","HISTORICALLY_PRESENT_CURRENTLY_ABSENT"
"j-8d9d0170031f","CONSIDER","59","","","","","NONE","UNKNOWN","HISTORICALLY_PRESENT_CURRENTLY_ABSENT"
"j-8dbf462fb787","PASS","","","","","","NONE","UNKNOWN","HISTORICALLY_PRESENT_CURRENTLY_ABSENT"
"j-8dc95376dd76","CONSIDER","62","","","","","NONE","UNKNOWN","HISTORICALLY_PRESENT_CURRENTLY_ABSENT"
"j-8dfb6c604db8","CONSIDER","57","","","","","NONE","UNKNOWN","HISTORICALLY_PRESENT_CURRENTLY_ABSENT"
"j-8e19db502c96","CONSIDER","62","","","","","NONE","UNKNOWN","HISTORICALLY_PRESENT_CURRENTLY_ABSENT"
"j-8e29c2462aff","CONSIDER","59","","","","","NONE","UNKNOWN","HISTORICALLY_PRESENT_CURRENTLY_ABSENT"
"j-8e2d8e0409a4","PASS","53","","","","","NONE","UNKNOWN","HISTORICALLY_PRESENT_CURRENTLY_ABSENT"
"j-8e6634f07980","PASS","54","","","","","NONE","UNKNOWN","HISTORICALLY_PRESENT_CURRENTLY_ABSENT"
"j-8eb54c0e477d","PASS","","","","","","NONE","UNKNOWN","HISTORICALLY_PRESENT_CURRENTLY_ABSENT"
"j-8ebdfb75edba","PURSUE","66","","","","","NONE","UNKNOWN","HISTORICALLY_PRESENT_CURRENTLY_ABSENT"
"j-8ec0ec4535a2","PASS","","","","","","NONE","UNKNOWN","HISTORICALLY_PRESENT_CURRENTLY_ABSENT"
"j-8ec626858680","CONSIDER","64","","","","","NONE","UNKNOWN","HISTORICALLY_PRESENT_CURRENTLY_ABSENT"
"j-8eda303fbcf7","CONSIDER","58","","","","","NONE","UNKNOWN","HISTORICALLY_PRESENT_CURRENTLY_ABSENT"
"j-8f3a8994f90e","CONSIDER","76","","","","","NONE","UNKNOWN","HISTORICALLY_PRESENT_CURRENTLY_ABSENT"
"j-8f4813a4b093","CONSIDER","56","","","","","NONE","UNKNOWN","HISTORICALLY_PRESENT_CURRENTLY_ABSENT"
"j-8f960ad8bbbe","CONSIDER","56","","","","","NONE","UNKNOWN","HISTORICALLY_PRESENT_CURRENTLY_ABSENT"
"j-8fe425d6d67d","CONSIDER","59","","","","","NONE","UNKNOWN","HISTORICALLY_PRESENT_CURRENTLY_ABSENT"
"j-8fec06130457","SPARSE_SPEC","0","","","","","NONE","UNKNOWN","HISTORICALLY_PRESENT_CURRENTLY_ABSENT"
"j-8ffd7feb358f","PASS","","","","","","NONE","UNKNOWN","HISTORICALLY_PRESENT_CURRENTLY_ABSENT"
"j-90480f7492d5","PASS","44","","","","","NONE","UNKNOWN","HISTORICALLY_PRESENT_CURRENTLY_ABSENT"
"j-9055222071e1","CONSIDER","59","","","","","NONE","UNKNOWN","HISTORICALLY_PRESENT_CURRENTLY_ABSENT"
"j-905de3538d6e","PASS","","","","","","NONE","UNKNOWN","HISTORICALLY_PRESENT_CURRENTLY_ABSENT"
"j-906ffb8d26bf","PASS","38","","","","","NONE","UNKNOWN","HISTORICALLY_PRESENT_CURRENTLY_ABSENT"
"j-9099b0914609","PASS","","","","","","NONE","UNKNOWN","HISTORICALLY_PRESENT_CURRENTLY_ABSENT"
"j-90b32e7e451b","CONSIDER","60","","","","","NONE","UNKNOWN","HISTORICALLY_PRESENT_CURRENTLY_ABSENT"
"j-90cb2a520c30","PASS","40","","","","","NONE","UNKNOWN","HISTORICALLY_PRESENT_CURRENTLY_ABSENT"
"j-90f9c3d91856","CONSIDER","55","","","","","NONE","UNKNOWN","HISTORICALLY_PRESENT_CURRENTLY_ABSENT"
"j-91004f14fb2f","CONSIDER","63","","","","","NONE","UNKNOWN","HISTORICALLY_PRESENT_CURRENTLY_ABSENT"
"j-912c11ec8624","PASS","47","","","","","NONE","UNKNOWN","HISTORICALLY_PRESENT_CURRENTLY_ABSENT"
"j-913321c91053","PASS","","","","","","NONE","UNKNOWN","HISTORICALLY_PRESENT_CURRENTLY_ABSENT"
"j-922e82d57877","CONSIDER","56","","","","","NONE","UNKNOWN","HISTORICALLY_PRESENT_CURRENTLY_ABSENT"
"j-922fdb8e53f3","PASS","54","","","","","NONE","UNKNOWN","HISTORICALLY_PRESENT_CURRENTLY_ABSENT"
"j-924e7e3ed63d","PASS","52","","","","","NONE","UNKNOWN","HISTORICALLY_PRESENT_CURRENTLY_ABSENT"
"j-925016ebff73","CONSIDER","60","","","","","NONE","UNKNOWN","HISTORICALLY_PRESENT_CURRENTLY_ABSENT"
"j-9274012f68cc","PASS","50","","","","","NONE","UNKNOWN","HISTORICALLY_PRESENT_CURRENTLY_ABSENT"
"j-928b901e39f4","PURSUE","70","","","","","NONE","UNKNOWN","HISTORICALLY_PRESENT_CURRENTLY_ABSENT"
"j-9297babc8d5f","PASS","","","","","","NONE","UNKNOWN","HISTORICALLY_PRESENT_CURRENTLY_ABSENT"
"j-92ce88faeb6e","PASS","54","","","","","NONE","UNKNOWN","HISTORICALLY_PRESENT_CURRENTLY_ABSENT"
"j-92db9e341ca0","PASS","","","","","","NONE","UNKNOWN","HISTORICALLY_PRESENT_CURRENTLY_ABSENT"
"j-9357daeefb9a","CONSIDER","61","","","","","NONE","UNKNOWN","HISTORICALLY_PRESENT_CURRENTLY_ABSENT"
"j-9381fe52adc1","PASS","54","","","","","NONE","UNKNOWN","HISTORICALLY_PRESENT_CURRENTLY_ABSENT"
"j-9393b3822977","PASS","","","","","","NONE","UNKNOWN","HISTORICALLY_PRESENT_CURRENTLY_ABSENT"
"j-93b7e0e051b6","PASS","","","","","","NONE","UNKNOWN","HISTORICALLY_PRESENT_CURRENTLY_ABSENT"
"j-93cc9ccae8bc","CONSIDER","62","","","","","NONE","UNKNOWN","HISTORICALLY_PRESENT_CURRENTLY_ABSENT"
"j-9408a139f3ee","PASS","","","","","","NONE","UNKNOWN","HISTORICALLY_PRESENT_CURRENTLY_ABSENT"
"j-942aa310e8c3","PURSUE","66","","","","","NONE","UNKNOWN","HISTORICALLY_PRESENT_CURRENTLY_ABSENT"
"j-943a1d66fd3c","CONSIDER","63","","","","","NONE","UNKNOWN","HISTORICALLY_PRESENT_CURRENTLY_ABSENT"
"j-9448c3cc2a36","PASS","","","","","","NONE","UNKNOWN","HISTORICALLY_PRESENT_CURRENTLY_ABSENT"
"j-94519b9f728b","PASS","34","","","","","NONE","UNKNOWN","HISTORICALLY_PRESENT_CURRENTLY_ABSENT"
"j-947a0fb1b6b9","PASS","45","","","","","NONE","UNKNOWN","HISTORICALLY_PRESENT_CURRENTLY_ABSENT"
"j-947bf3823685","PASS","","","","","","NONE","UNKNOWN","HISTORICALLY_PRESENT_CURRENTLY_ABSENT"
"j-94c1afca4039","CONSIDER","63","","","","","NONE","UNKNOWN","HISTORICALLY_PRESENT_CURRENTLY_ABSENT"
"j-95319ea74782","PASS","35","","","","","NONE","UNKNOWN","HISTORICALLY_PRESENT_CURRENTLY_ABSENT"
"j-954609137dc7","PASS","44","","","","","NONE","UNKNOWN","HISTORICALLY_PRESENT_CURRENTLY_ABSENT"
"j-956a38278264","PASS","","","","","","NONE","UNKNOWN","HISTORICALLY_PRESENT_CURRENTLY_ABSENT"
"j-9593c9027269","PASS","38","","","","","NONE","UNKNOWN","HISTORICALLY_PRESENT_CURRENTLY_ABSENT"
"j-95b7222b768f","CONSIDER","60","","","","","NONE","UNKNOWN","HISTORICALLY_PRESENT_CURRENTLY_ABSENT"
"j-95b9c6a93e33","CONSIDER","63","","","","","NONE","UNKNOWN","HISTORICALLY_PRESENT_CURRENTLY_ABSENT"
"j-95d1218a1344","CONSIDER","62","","","","","NONE","UNKNOWN","HISTORICALLY_PRESENT_CURRENTLY_ABSENT"
"j-95d126f83e17","CONSIDER","62","","","","","NONE","UNKNOWN","HISTORICALLY_PRESENT_CURRENTLY_ABSENT"
"j-95efd18cb279","PASS","","","","","","NONE","UNKNOWN","HISTORICALLY_PRESENT_CURRENTLY_ABSENT"
"j-95f447a251c6","PASS","","","","","","NONE","UNKNOWN","HISTORICALLY_PRESENT_CURRENTLY_ABSENT"
"j-96105cfdedb9","PASS","","","","","","NONE","UNKNOWN","HISTORICALLY_PRESENT_CURRENTLY_ABSENT"
"j-964ad9223c6f","PASS","53","","","","","NONE","UNKNOWN","HISTORICALLY_PRESENT_CURRENTLY_ABSENT"
"j-96654c0485db","PASS","34","","","","","NONE","UNKNOWN","HISTORICALLY_PRESENT_CURRENTLY_ABSENT"
"j-96855af6ba4d","PASS","","","","","","NONE","UNKNOWN","HISTORICALLY_PRESENT_CURRENTLY_ABSENT"
"j-96a00cdaa89c","PURSUE","68","","","","","NONE","UNKNOWN","HISTORICALLY_PRESENT_CURRENTLY_ABSENT"
"j-9708b19029b8","PASS","52","","","","","NONE","UNKNOWN","HISTORICALLY_PRESENT_CURRENTLY_ABSENT"
"j-97196471ca76","CONSIDER","57","","","","","NONE","UNKNOWN","HISTORICALLY_PRESENT_CURRENTLY_ABSENT"
"j-9756071fa4f3","PASS","52","","","","","NONE","UNKNOWN","HISTORICALLY_PRESENT_CURRENTLY_ABSENT"
"j-9776b0769a6a","PASS","","","","","","NONE","UNKNOWN","HISTORICALLY_PRESENT_CURRENTLY_ABSENT"
"j-97968062274f","PASS","36","","","","","NONE","UNKNOWN","HISTORICALLY_PRESENT_CURRENTLY_ABSENT"
"j-979d31ea02fe","PASS","54","","","","","NONE","UNKNOWN","HISTORICALLY_PRESENT_CURRENTLY_ABSENT"
"j-97c6ec882b68","PASS","","","","","","NONE","UNKNOWN","HISTORICALLY_PRESENT_CURRENTLY_ABSENT"
"j-97cfbaa9ab6f","SPARSE_SPEC","0","","","","","NONE","UNKNOWN","HISTORICALLY_PRESENT_CURRENTLY_ABSENT"
"j-97ec3d0a203a","PASS","","","","","","NONE","UNKNOWN","HISTORICALLY_PRESENT_CURRENTLY_ABSENT"
"j-98595bc9f452","PURSUE","75","","","","","NONE","UNKNOWN","HISTORICALLY_PRESENT_CURRENTLY_ABSENT"
"j-988e1398a9bc","PASS","","","","","","NONE","UNKNOWN","HISTORICALLY_PRESENT_CURRENTLY_ABSENT"
"j-98b017d27998","PASS","","","","","","NONE","UNKNOWN","HISTORICALLY_PRESENT_CURRENTLY_ABSENT"
"j-98fbb76207ce","PASS","54","","","","","NONE","UNKNOWN","HISTORICALLY_PRESENT_CURRENTLY_ABSENT"
"j-9926fc1691ce","PASS","54","","","","","NONE","UNKNOWN","HISTORICALLY_PRESENT_CURRENTLY_ABSENT"
"j-993e2d8f6b42","CONSIDER","62","","","","","NONE","UNKNOWN","HISTORICALLY_PRESENT_CURRENTLY_ABSENT"
"j-997788c3425a","CONSIDER","59","","","","","NONE","UNKNOWN","HISTORICALLY_PRESENT_CURRENTLY_ABSENT"
"j-999fcfc596f0","PASS","","","","","","NONE","UNKNOWN","HISTORICALLY_PRESENT_CURRENTLY_ABSENT"
"j-99bbde4e6a94","PASS","31","","","","","NONE","UNKNOWN","HISTORICALLY_PRESENT_CURRENTLY_ABSENT"
"j-9a2f752c097d","PASS","","","","","","NONE","UNKNOWN","HISTORICALLY_PRESENT_CURRENTLY_ABSENT"
"j-9a7bdc16b795","PASS","50","","","","","NONE","UNKNOWN","HISTORICALLY_PRESENT_CURRENTLY_ABSENT"
"j-9aed3428bdd1","CONSIDER","59","","","","","NONE","UNKNOWN","HISTORICALLY_PRESENT_CURRENTLY_ABSENT"
"j-9afb14dcfbd4","PASS","","","","","","NONE","UNKNOWN","HISTORICALLY_PRESENT_CURRENTLY_ABSENT"
"j-9b97b5cd3480","PASS","48","","","","","NONE","UNKNOWN","HISTORICALLY_PRESENT_CURRENTLY_ABSENT"
"j-9ba0e7990a8e","PURSUE","73","","","","","NONE","UNKNOWN","HISTORICALLY_PRESENT_CURRENTLY_ABSENT"
"j-9bb9e2f454e0","PASS","50","","","","","NONE","UNKNOWN","HISTORICALLY_PRESENT_CURRENTLY_ABSENT"
"j-9bc1610fec69","NOT_EVALUABLE","","","","","","NONE","UNKNOWN","HISTORICALLY_PRESENT_CURRENTLY_ABSENT"
"j-9c19ce4ea753","PASS","48","","","","","NONE","UNKNOWN","HISTORICALLY_PRESENT_CURRENTLY_ABSENT"
"j-9c72d3f84e5a","PASS","53","","","","","NONE","UNKNOWN","HISTORICALLY_PRESENT_CURRENTLY_ABSENT"
"j-9c7fddbd1639","PASS","","","","","","NONE","UNKNOWN","HISTORICALLY_PRESENT_CURRENTLY_ABSENT"
"j-9c9f6147ba99","PASS","46","","","","","NONE","UNKNOWN","HISTORICALLY_PRESENT_CURRENTLY_ABSENT"
"j-9ca7e81e14d6","PASS","48","","","","","NONE","UNKNOWN","HISTORICALLY_PRESENT_CURRENTLY_ABSENT"
"j-9ccc527198fe","PASS","","","","","","NONE","UNKNOWN","HISTORICALLY_PRESENT_CURRENTLY_ABSENT"
"j-9cdc369e4aad","PASS","51","","","","","NONE","UNKNOWN","HISTORICALLY_PRESENT_CURRENTLY_ABSENT"
"j-9cf745244185","PASS","45","","","","","NONE","UNKNOWN","HISTORICALLY_PRESENT_CURRENTLY_ABSENT"
"j-9d2006e16aba","PURSUE","76","","","","","NONE","UNKNOWN","HISTORICALLY_PRESENT_CURRENTLY_ABSENT"
"j-9d33d865e07d","PASS","50","","","","","NONE","UNKNOWN","HISTORICALLY_PRESENT_CURRENTLY_ABSENT"
"j-9d9e01afd180","PASS","","","","","","NONE","UNKNOWN","HISTORICALLY_PRESENT_CURRENTLY_ABSENT"
"j-9dc0385a374e","CONSIDER","62","","","","","NONE","UNKNOWN","HISTORICALLY_PRESENT_CURRENTLY_ABSENT"
"j-9dcc51bd2fd3","PASS","","","","","","NONE","UNKNOWN","HISTORICALLY_PRESENT_CURRENTLY_ABSENT"
"j-9dd9d3ab47ed","PASS","","","","","","NONE","UNKNOWN","HISTORICALLY_PRESENT_CURRENTLY_ABSENT"
"j-9e22ded19227","PASS","","","","","","NONE","UNKNOWN","HISTORICALLY_PRESENT_CURRENTLY_ABSENT"
"j-9e3036350248","CONSIDER","80","","","","","NONE","UNKNOWN","HISTORICALLY_PRESENT_CURRENTLY_ABSENT"
"j-9e3a58ce484f","CONSIDER","57","","","","","NONE","UNKNOWN","HISTORICALLY_PRESENT_CURRENTLY_ABSENT"
"j-9e741b66e8d0","PASS","51","","","","","NONE","UNKNOWN","HISTORICALLY_PRESENT_CURRENTLY_ABSENT"
"j-9e9315ae6a87","CONSIDER","65","","","","","NONE","UNKNOWN","HISTORICALLY_PRESENT_CURRENTLY_ABSENT"
"j-9ed69156ba57","PASS","54","","","","","NONE","UNKNOWN","HISTORICALLY_PRESENT_CURRENTLY_ABSENT"
"j-9f467fcd1e5e","PASS","","","","","","NONE","UNKNOWN","HISTORICALLY_PRESENT_CURRENTLY_ABSENT"
"j-9f65cfe7c93d","PASS","54","","","","","NONE","UNKNOWN","HISTORICALLY_PRESENT_CURRENTLY_ABSENT"
"j-9f6a8d0cf5c4","CONSIDER","56","","","","","NONE","UNKNOWN","HISTORICALLY_PRESENT_CURRENTLY_ABSENT"
"j-9fb1b95aae7e","CONSIDER","67","","","","","NONE","UNKNOWN","HISTORICALLY_PRESENT_CURRENTLY_ABSENT"
"j-9fc41d4e34a8","PASS","","","","","","NONE","UNKNOWN","HISTORICALLY_PRESENT_CURRENTLY_ABSENT"
"j-9fcc747ef973","PASS","","","","","","NONE","UNKNOWN","HISTORICALLY_PRESENT_CURRENTLY_ABSENT"
"j-9fe1bb8bf7dc","PASS","","","","","","NONE","UNKNOWN","HISTORICALLY_PRESENT_CURRENTLY_ABSENT"
"j-a005958505e4","PASS","55","","","","","NONE","UNKNOWN","HISTORICALLY_PRESENT_CURRENTLY_ABSENT"
"j-a0695dc725ec","PASS","54","","","","","NONE","UNKNOWN","HISTORICALLY_PRESENT_CURRENTLY_ABSENT"
"j-a0c1a23c92b3","PASS","","","","","","NONE","UNKNOWN","HISTORICALLY_PRESENT_CURRENTLY_ABSENT"
"j-a1593f01d1de","PASS","","","","","","NONE","UNKNOWN","HISTORICALLY_PRESENT_CURRENTLY_ABSENT"
"j-a15be8d8622f","PASS","34","","","","","NONE","UNKNOWN","HISTORICALLY_PRESENT_CURRENTLY_ABSENT"
"j-a167cce4465b","CONSIDER","62","","","","","NONE","UNKNOWN","HISTORICALLY_PRESENT_CURRENTLY_ABSENT"
"j-a1acd919fbd5","PASS","","","","","","NONE","UNKNOWN","HISTORICALLY_PRESENT_CURRENTLY_ABSENT"
"j-a1be5b522b91","PASS","","","","","","NONE","UNKNOWN","HISTORICALLY_PRESENT_CURRENTLY_ABSENT"
"j-a21e107c5fab","PURSUE","77","","","","","NONE","UNKNOWN","HISTORICALLY_PRESENT_CURRENTLY_ABSENT"
"j-a22dd1f70ab7","PASS","37","","","","","NONE","UNKNOWN","HISTORICALLY_PRESENT_CURRENTLY_ABSENT"
"j-a24a7b7b9fb5","PASS","","","","","","NONE","UNKNOWN","HISTORICALLY_PRESENT_CURRENTLY_ABSENT"
"j-a2654cdc53f9","PASS","","","","","","NONE","UNKNOWN","HISTORICALLY_PRESENT_CURRENTLY_ABSENT"
"j-a28aab866a78","CONSIDER","61","","","","","NONE","UNKNOWN","HISTORICALLY_PRESENT_CURRENTLY_ABSENT"
"j-a2dc8e802cb1","PASS","","","","","","NONE","UNKNOWN","HISTORICALLY_PRESENT_CURRENTLY_ABSENT"
"j-a2f175aba7a5","CONSIDER","55","","","","","NONE","UNKNOWN","HISTORICALLY_PRESENT_CURRENTLY_ABSENT"
"j-a30714899be3","PASS","","","","","","NONE","UNKNOWN","HISTORICALLY_PRESENT_CURRENTLY_ABSENT"
"j-a32b18c29036","CONSIDER","55","","","","","NONE","UNKNOWN","HISTORICALLY_PRESENT_CURRENTLY_ABSENT"
"j-a33c240fd23e","CONSIDER","75","","","","","NONE","UNKNOWN","HISTORICALLY_PRESENT_CURRENTLY_ABSENT"
"j-a381221f7985","PASS","43","","","","","NONE","UNKNOWN","HISTORICALLY_PRESENT_CURRENTLY_ABSENT"
"j-a385b4c14778","CONSIDER","61","","","","","NONE","UNKNOWN","HISTORICALLY_PRESENT_CURRENTLY_ABSENT"
"j-a39685e37ef0","PASS","34","","","","","NONE","UNKNOWN","HISTORICALLY_PRESENT_CURRENTLY_ABSENT"
"j-a3b3537e6283","PASS","53","","","","","NONE","UNKNOWN","HISTORICALLY_PRESENT_CURRENTLY_ABSENT"
"j-a3c019ab7d98","PASS","","","","","","NONE","UNKNOWN","HISTORICALLY_PRESENT_CURRENTLY_ABSENT"
"j-a3c1d37c8441","PASS","46","","","","","NONE","UNKNOWN","HISTORICALLY_PRESENT_CURRENTLY_ABSENT"
"j-a3c29e80273c","CONSIDER","57","","","","","NONE","UNKNOWN","HISTORICALLY_PRESENT_CURRENTLY_ABSENT"
"j-a3db4b937518","PASS","","","","","","NONE","UNKNOWN","HISTORICALLY_PRESENT_CURRENTLY_ABSENT"
"j-a3eb88f89c91","PASS","","","","","","NONE","UNKNOWN","HISTORICALLY_PRESENT_CURRENTLY_ABSENT"
"j-a418ef70be3e","PURSUE","67","","","","","NONE","UNKNOWN","HISTORICALLY_PRESENT_CURRENTLY_ABSENT"
"j-a41e399e1dd1","PASS","40","","","","","NONE","UNKNOWN","HISTORICALLY_PRESENT_CURRENTLY_ABSENT"
"j-a46162017ee5","CONSIDER","63","","","","","NONE","UNKNOWN","HISTORICALLY_PRESENT_CURRENTLY_ABSENT"
"j-a4d8c13f2e52","CONSIDER","66","","","","","NONE","UNKNOWN","HISTORICALLY_PRESENT_CURRENTLY_ABSENT"
"j-a4dee297900c","PASS","","","","","","NONE","UNKNOWN","HISTORICALLY_PRESENT_CURRENTLY_ABSENT"
"j-a4eff2e52990","PASS","48","","","","","NONE","UNKNOWN","HISTORICALLY_PRESENT_CURRENTLY_ABSENT"
"j-a520a9bb468d","PASS","54","","","","","NONE","UNKNOWN","HISTORICALLY_PRESENT_CURRENTLY_ABSENT"
"j-a529ef9c7a86","CONSIDER","64","","","","","NONE","UNKNOWN","HISTORICALLY_PRESENT_CURRENTLY_ABSENT"
"j-a554d0b559f2","PURSUE","66","","","","","NONE","UNKNOWN","HISTORICALLY_PRESENT_CURRENTLY_ABSENT"
"j-a55b68ce238b","PASS","","","","","","NONE","UNKNOWN","HISTORICALLY_PRESENT_CURRENTLY_ABSENT"
"j-a566721680f8","PASS","46","","","","","NONE","UNKNOWN","HISTORICALLY_PRESENT_CURRENTLY_ABSENT"
"j-a56ceb03324f","PASS","","","","","","NONE","UNKNOWN","HISTORICALLY_PRESENT_CURRENTLY_ABSENT"
"j-a57f8a0d99c9","PASS","","","","","","NONE","UNKNOWN","HISTORICALLY_PRESENT_CURRENTLY_ABSENT"
"j-a59d5dda8037","PASS","","","","","","NONE","UNKNOWN","HISTORICALLY_PRESENT_CURRENTLY_ABSENT"
"j-a5f6919e608c","PASS","","","","","","NONE","UNKNOWN","HISTORICALLY_PRESENT_CURRENTLY_ABSENT"
"j-a604b35a745d","PURSUE","73","","","","","NONE","UNKNOWN","HISTORICALLY_PRESENT_CURRENTLY_ABSENT"
"j-a60998dd11ac","PASS","","","","","","NONE","UNKNOWN","HISTORICALLY_PRESENT_CURRENTLY_ABSENT"
"j-a61698c95726","PASS","","","","","","NONE","UNKNOWN","HISTORICALLY_PRESENT_CURRENTLY_ABSENT"
"j-a623f0ffd6cc","CONSIDER","63","","","","","NONE","UNKNOWN","HISTORICALLY_PRESENT_CURRENTLY_ABSENT"
"j-a62ca78fa7f3","PASS","","","","","","NONE","UNKNOWN","HISTORICALLY_PRESENT_CURRENTLY_ABSENT"
"j-a69eab4b1eae","PASS","","","","","","NONE","UNKNOWN","HISTORICALLY_PRESENT_CURRENTLY_ABSENT"
"j-a6a6c1d321c3","CONSIDER","60","","","","","NONE","UNKNOWN","HISTORICALLY_PRESENT_CURRENTLY_ABSENT"
"j-a6ca34824ed8","CONSIDER","58","","","","","NONE","UNKNOWN","HISTORICALLY_PRESENT_CURRENTLY_ABSENT"
"j-a6cd3a2463c9","CONSIDER","60","","","","","NONE","UNKNOWN","HISTORICALLY_PRESENT_CURRENTLY_ABSENT"
"j-a6fe2ab1a584","PASS","44","","","","","NONE","UNKNOWN","HISTORICALLY_PRESENT_CURRENTLY_ABSENT"
"j-a7009214ccd4","PASS","53","","","","","NONE","UNKNOWN","HISTORICALLY_PRESENT_CURRENTLY_ABSENT"
"j-a7133d1acd2e","PASS","","","","","","NONE","UNKNOWN","HISTORICALLY_PRESENT_CURRENTLY_ABSENT"
"j-a72f3b4dfd22","PASS","53","","","","","NONE","UNKNOWN","HISTORICALLY_PRESENT_CURRENTLY_ABSENT"
"j-a73eddcefe6c","CONSIDER","69","","","","","NONE","UNKNOWN","HISTORICALLY_PRESENT_CURRENTLY_ABSENT"
"j-a7f4b2d7ad31","PASS","","","","","","NONE","UNKNOWN","HISTORICALLY_PRESENT_CURRENTLY_ABSENT"
"j-a8141eb11e7a","CONSIDER","57","","","","","NONE","UNKNOWN","HISTORICALLY_PRESENT_CURRENTLY_ABSENT"
"j-a81d74f5c7a3","CONSIDER","62","","","","","NONE","UNKNOWN","HISTORICALLY_PRESENT_CURRENTLY_ABSENT"
"j-a822220f03ea","PASS","46","","","","","NONE","UNKNOWN","HISTORICALLY_PRESENT_CURRENTLY_ABSENT"
"j-a8308176992d","CONSIDER","57","","","","","NONE","UNKNOWN","HISTORICALLY_PRESENT_CURRENTLY_ABSENT"
"j-a865f9275d0e","PASS","","","","","","NONE","UNKNOWN","HISTORICALLY_PRESENT_CURRENTLY_ABSENT"
"j-a867f0d61267","PASS","54","","","","","NONE","UNKNOWN","HISTORICALLY_PRESENT_CURRENTLY_ABSENT"
"j-a8ae1f242b81","CONSIDER","64","","","","","NONE","UNKNOWN","HISTORICALLY_PRESENT_CURRENTLY_ABSENT"
"j-a8b9e9a27827","PASS","","","","","","NONE","UNKNOWN","HISTORICALLY_PRESENT_CURRENTLY_ABSENT"
"j-a90188ab87a0","PASS","41","","","","","NONE","UNKNOWN","HISTORICALLY_PRESENT_CURRENTLY_ABSENT"
"j-a90c3554c634","CONSIDER","58","","","","","NONE","UNKNOWN","HISTORICALLY_PRESENT_CURRENTLY_ABSENT"
"j-a937cb4279b5","PASS","57","","","","","NONE","UNKNOWN","HISTORICALLY_PRESENT_CURRENTLY_ABSENT"
"j-a94d3b3ba620","PASS","","","","","","NONE","UNKNOWN","HISTORICALLY_PRESENT_CURRENTLY_ABSENT"
"j-a97cde7e8910","PURSUE","65","","","","","NONE","UNKNOWN","HISTORICALLY_PRESENT_CURRENTLY_ABSENT"
"j-a99bf48d89f9","CONSIDER","59","","","","","NONE","UNKNOWN","HISTORICALLY_PRESENT_CURRENTLY_ABSENT"
"j-a9a4c3c69542","PASS","","","","","","NONE","UNKNOWN","HISTORICALLY_PRESENT_CURRENTLY_ABSENT"
"j-aa0cc19d45e4","PASS","","","","","","NONE","UNKNOWN","HISTORICALLY_PRESENT_CURRENTLY_ABSENT"
"j-aa4e1c014d8f","PASS","","","","","","NONE","UNKNOWN","HISTORICALLY_PRESENT_CURRENTLY_ABSENT"
"j-aa64c3fc5192","CONSIDER","59","","","","","NONE","UNKNOWN","HISTORICALLY_PRESENT_CURRENTLY_ABSENT"
"j-aa8c4aef7044","CONSIDER","63","","","","","NONE","UNKNOWN","HISTORICALLY_PRESENT_CURRENTLY_ABSENT"
"j-aad7bdf40b8c","PASS","","","","","","NONE","UNKNOWN","HISTORICALLY_PRESENT_CURRENTLY_ABSENT"
"j-ab14e6d7d92a","PASS","48","","","","","NONE","UNKNOWN","HISTORICALLY_PRESENT_CURRENTLY_ABSENT"
"j-ab22486ad6d3","CONSIDER","64","","","","","NONE","UNKNOWN","HISTORICALLY_PRESENT_CURRENTLY_ABSENT"
"j-ab2abd02f712","CONSIDER","61","","","","","NONE","UNKNOWN","HISTORICALLY_PRESENT_CURRENTLY_ABSENT"
"j-ab448f939e52","PASS","54","","","","","NONE","UNKNOWN","HISTORICALLY_PRESENT_CURRENTLY_ABSENT"
"j-ab73a129c63b","PURSUE","68","","","","","NONE","UNKNOWN","HISTORICALLY_PRESENT_CURRENTLY_ABSENT"
"j-ab8f2a2cb7d7","CONSIDER","59","","","","","NONE","UNKNOWN","HISTORICALLY_PRESENT_CURRENTLY_ABSENT"
"j-ab9354404e18","PASS","54","","","","","NONE","UNKNOWN","HISTORICALLY_PRESENT_CURRENTLY_ABSENT"
"j-aba0d8a5b186","PASS","","","","","","NONE","UNKNOWN","HISTORICALLY_PRESENT_CURRENTLY_ABSENT"
"j-abe2cf7449f7","PASS","62","","","","","NONE","UNKNOWN","HISTORICALLY_PRESENT_CURRENTLY_ABSENT"
"j-abec6db4ee5c","PASS","","","","","","NONE","UNKNOWN","HISTORICALLY_PRESENT_CURRENTLY_ABSENT"
"j-abfe29afcc01","PASS","","","","","","NONE","UNKNOWN","HISTORICALLY_PRESENT_CURRENTLY_ABSENT"
"j-ac2757039caf","PURSUE","67","","","","","NONE","UNKNOWN","HISTORICALLY_PRESENT_CURRENTLY_ABSENT"
"j-ac89e9eafc5e","PASS","","","","","","NONE","UNKNOWN","HISTORICALLY_PRESENT_CURRENTLY_ABSENT"
"j-ac9b7b2783e8","PASS","","","","","","NONE","UNKNOWN","HISTORICALLY_PRESENT_CURRENTLY_ABSENT"
"j-acb19e1c7505","PURSUE","65","","","","","NONE","UNKNOWN","HISTORICALLY_PRESENT_CURRENTLY_ABSENT"
"j-ace16540d5a4","PASS","","","","","","NONE","UNKNOWN","HISTORICALLY_PRESENT_CURRENTLY_ABSENT"
"j-ace70a732427","PASS","","","","","","NONE","UNKNOWN","HISTORICALLY_PRESENT_CURRENTLY_ABSENT"
"j-ad015e7becd8","PASS","38","","","","","NONE","UNKNOWN","HISTORICALLY_PRESENT_CURRENTLY_ABSENT"
"j-ad0d0f96ab99","PASS","45","","","","","NONE","UNKNOWN","HISTORICALLY_PRESENT_CURRENTLY_ABSENT"
"j-ad5e83b69515","PASS","","","","","","NONE","UNKNOWN","HISTORICALLY_PRESENT_CURRENTLY_ABSENT"
"j-adc51635d4ab","PASS","46","","","","","NONE","UNKNOWN","HISTORICALLY_PRESENT_CURRENTLY_ABSENT"
"j-add2fa8fd90d","PASS","54","","","","","NONE","UNKNOWN","HISTORICALLY_PRESENT_CURRENTLY_ABSENT"
"j-adf495c21d8d","CONSIDER","58","","","","","NONE","UNKNOWN","HISTORICALLY_PRESENT_CURRENTLY_ABSENT"
"j-adfbadaf7fd2","PASS","38","","","","","NONE","UNKNOWN","HISTORICALLY_PRESENT_CURRENTLY_ABSENT"
"j-ae28d1e5fd96","PURSUE","75","","","","","NONE","UNKNOWN","HISTORICALLY_PRESENT_CURRENTLY_ABSENT"
"j-ae86ad8d4d91","CONSIDER","57","","","","","NONE","UNKNOWN","HISTORICALLY_PRESENT_CURRENTLY_ABSENT"
"j-aeb9ca601661","PASS","","","","","","NONE","UNKNOWN","HISTORICALLY_PRESENT_CURRENTLY_ABSENT"
"j-aee3ba28e716","PASS","","","","","","NONE","UNKNOWN","HISTORICALLY_PRESENT_CURRENTLY_ABSENT"
"j-af05a9d1e687","CONSIDER","59","","","","","NONE","UNKNOWN","HISTORICALLY_PRESENT_CURRENTLY_ABSENT"
"j-af13f813645e","CONSIDER","63","","","","","NONE","UNKNOWN","HISTORICALLY_PRESENT_CURRENTLY_ABSENT"
"j-af45b71ed545","PASS","","","","","","NONE","UNKNOWN","HISTORICALLY_PRESENT_CURRENTLY_ABSENT"
"j-af5f8d5bbc7d","PASS","54","","","","","NONE","UNKNOWN","HISTORICALLY_PRESENT_CURRENTLY_ABSENT"
"j-af95673a7d7e","PASS","34","","","","","NONE","UNKNOWN","HISTORICALLY_PRESENT_CURRENTLY_ABSENT"
"j-afe2acf8317c","PASS","","","","","","NONE","UNKNOWN","HISTORICALLY_PRESENT_CURRENTLY_ABSENT"
"j-afef0ea55599","CONSIDER","61","","","","","NONE","UNKNOWN","HISTORICALLY_PRESENT_CURRENTLY_ABSENT"
"j-affa25251c95","PASS","","","","","","NONE","UNKNOWN","HISTORICALLY_PRESENT_CURRENTLY_ABSENT"
"j-b048f42fb6bb","PASS","49","","","","","NONE","UNKNOWN","HISTORICALLY_PRESENT_CURRENTLY_ABSENT"
"j-b05f1e2c68ec","PASS","54","","","","","NONE","UNKNOWN","HISTORICALLY_PRESENT_CURRENTLY_ABSENT"
"j-b0a290632f84","PASS","40","","","","","NONE","UNKNOWN","HISTORICALLY_PRESENT_CURRENTLY_ABSENT"
"j-b0e096308673","PASS","54","","","","","NONE","UNKNOWN","HISTORICALLY_PRESENT_CURRENTLY_ABSENT"
"j-b10c2c4240c0","PASS","","","","","","NONE","UNKNOWN","HISTORICALLY_PRESENT_CURRENTLY_ABSENT"
"j-b164c927e794","PASS","","","","","","NONE","UNKNOWN","HISTORICALLY_PRESENT_CURRENTLY_ABSENT"
"j-b1871834d592","PASS","40","","","","","NONE","UNKNOWN","HISTORICALLY_PRESENT_CURRENTLY_ABSENT"
"j-b19c7fd466fd","PASS","54","","","","","NONE","UNKNOWN","HISTORICALLY_PRESENT_CURRENTLY_ABSENT"
"j-b1ab47c20e2d","CONSIDER","56","","","","","NONE","UNKNOWN","HISTORICALLY_PRESENT_CURRENTLY_ABSENT"
"j-b1f26e0a6dba","PASS","","","","","","NONE","UNKNOWN","HISTORICALLY_PRESENT_CURRENTLY_ABSENT"
"j-b1f744148efe","PASS","48","","","","","NONE","UNKNOWN","HISTORICALLY_PRESENT_CURRENTLY_ABSENT"
"j-b203e9249a7b","CONSIDER","57","","","","","NONE","UNKNOWN","HISTORICALLY_PRESENT_CURRENTLY_ABSENT"
"j-b2927fc2731c","PASS","54","","","","","NONE","UNKNOWN","HISTORICALLY_PRESENT_CURRENTLY_ABSENT"
"j-b2de2e9ce962","CONSIDER","55","","","","","NONE","UNKNOWN","HISTORICALLY_PRESENT_CURRENTLY_ABSENT"
"j-b2fe406c96d3","PASS","","","","","","NONE","UNKNOWN","HISTORICALLY_PRESENT_CURRENTLY_ABSENT"
"j-b32283a9f5da","PASS","","","","","","NONE","UNKNOWN","HISTORICALLY_PRESENT_CURRENTLY_ABSENT"
"j-b34f92833e13","PASS","","","","","","NONE","UNKNOWN","HISTORICALLY_PRESENT_CURRENTLY_ABSENT"
"j-b40fd2606f8f","PASS","51","","","","","NONE","UNKNOWN","HISTORICALLY_PRESENT_CURRENTLY_ABSENT"
"j-b4285e05e039","PASS","64","","","","","NONE","UNKNOWN","HISTORICALLY_PRESENT_CURRENTLY_ABSENT"
"j-b43132e08ad1","PASS","","","","","","NONE","UNKNOWN","HISTORICALLY_PRESENT_CURRENTLY_ABSENT"
"j-b46e6743b19f","PASS","38","","","","","NONE","UNKNOWN","HISTORICALLY_PRESENT_CURRENTLY_ABSENT"
"j-b4e4a0b59c2a","CONSIDER","60","","","","","NONE","UNKNOWN","HISTORICALLY_PRESENT_CURRENTLY_ABSENT"
"j-b5198ded83f3","PASS","46","","","","","NONE","UNKNOWN","HISTORICALLY_PRESENT_CURRENTLY_ABSENT"
"j-b53dc96dbbc1","PASS","37","","","","","NONE","UNKNOWN","HISTORICALLY_PRESENT_CURRENTLY_ABSENT"
"j-b54477743555","CONSIDER","59","","","","","NONE","UNKNOWN","HISTORICALLY_PRESENT_CURRENTLY_ABSENT"
"j-b5aff0d378c1","PURSUE","70","","","","","NONE","UNKNOWN","HISTORICALLY_PRESENT_CURRENTLY_ABSENT"
"j-b5bc93b7bf39","PASS","54","","","","","NONE","UNKNOWN","HISTORICALLY_PRESENT_CURRENTLY_ABSENT"
"j-b5c58c3f3cc9","PASS","42","","","","","NONE","UNKNOWN","HISTORICALLY_PRESENT_CURRENTLY_ABSENT"
"j-b5e4c9e8c4fb","PASS","","","","","","NONE","UNKNOWN","HISTORICALLY_PRESENT_CURRENTLY_ABSENT"
"j-b5eba191da48","CONSIDER","57","","","","","NONE","UNKNOWN","HISTORICALLY_PRESENT_CURRENTLY_ABSENT"
"j-b6076f849389","PASS","45","","","","","NONE","UNKNOWN","HISTORICALLY_PRESENT_CURRENTLY_ABSENT"
"j-b626e80ce3c0","PURSUE","66","","","","","NONE","UNKNOWN","HISTORICALLY_PRESENT_CURRENTLY_ABSENT"
"j-b6b5175bd5a8","PASS","36","","","","","NONE","UNKNOWN","HISTORICALLY_PRESENT_CURRENTLY_ABSENT"
"j-b6bf79eeccb9","PURSUE","70","","","","","NONE","UNKNOWN","HISTORICALLY_PRESENT_CURRENTLY_ABSENT"
"j-b6cad98b6d8a","PASS","","","","","","NONE","UNKNOWN","HISTORICALLY_PRESENT_CURRENTLY_ABSENT"
"j-b6e17b220a69","PASS","","","","","","NONE","UNKNOWN","HISTORICALLY_PRESENT_CURRENTLY_ABSENT"
"j-b6e749c126c0","PURSUE","70","","","","","NONE","UNKNOWN","HISTORICALLY_PRESENT_CURRENTLY_ABSENT"
"j-b7229fd440e3","CONSIDER","63","","","","","NONE","UNKNOWN","HISTORICALLY_PRESENT_CURRENTLY_ABSENT"
"j-b74d7f4c43f2","PASS","","","","","","NONE","UNKNOWN","HISTORICALLY_PRESENT_CURRENTLY_ABSENT"
"j-b78a03b263b8","PASS","54","","","","","NONE","UNKNOWN","HISTORICALLY_PRESENT_CURRENTLY_ABSENT"
"j-b79e8cb71627","CONSIDER","58","","","","","NONE","UNKNOWN","HISTORICALLY_PRESENT_CURRENTLY_ABSENT"
"j-b7a23baa5536","CONSIDER","63","","","","","NONE","UNKNOWN","HISTORICALLY_PRESENT_CURRENTLY_ABSENT"
"j-b7e7bb112216","PASS","","","","","","NONE","UNKNOWN","HISTORICALLY_PRESENT_CURRENTLY_ABSENT"
"j-b7e89b805655","PASS","","","","","","NONE","UNKNOWN","HISTORICALLY_PRESENT_CURRENTLY_ABSENT"
"j-b8042619623e","PURSUE","73","","","","","NONE","UNKNOWN","HISTORICALLY_PRESENT_CURRENTLY_ABSENT"
"j-b81919ee904d","PASS","65","","","","","NONE","UNKNOWN","HISTORICALLY_PRESENT_CURRENTLY_ABSENT"
"j-b8a0bcdcd78e","PASS","","","","","","NONE","UNKNOWN","HISTORICALLY_PRESENT_CURRENTLY_ABSENT"
"j-b8dd97dd2b82","CONSIDER","55","","","","","NONE","UNKNOWN","HISTORICALLY_PRESENT_CURRENTLY_ABSENT"
"j-b945c38dfc05","PASS","","","","","","NONE","UNKNOWN","HISTORICALLY_PRESENT_CURRENTLY_ABSENT"
"j-b981900f8dab","PASS","","","","","","NONE","UNKNOWN","HISTORICALLY_PRESENT_CURRENTLY_ABSENT"
"j-b99eb36287a2","PASS","50","","","","","NONE","UNKNOWN","HISTORICALLY_PRESENT_CURRENTLY_ABSENT"
"j-b9c4fe15ba10","PASS","","","","","","NONE","UNKNOWN","HISTORICALLY_PRESENT_CURRENTLY_ABSENT"
"j-b9fea5497caf","PASS","","","","","","NONE","UNKNOWN","HISTORICALLY_PRESENT_CURRENTLY_ABSENT"
"j-b9ff6f768737","CONSIDER","69","","","","","NONE","UNKNOWN","HISTORICALLY_PRESENT_CURRENTLY_ABSENT"
"j-ba432f1059ef","PASS","40","","","","","NONE","UNKNOWN","HISTORICALLY_PRESENT_CURRENTLY_ABSENT"
"j-ba834977baa6","CONSIDER","56","","","","","NONE","UNKNOWN","HISTORICALLY_PRESENT_CURRENTLY_ABSENT"
"j-ba8575fb3ca3","PASS","54","","","","","NONE","UNKNOWN","HISTORICALLY_PRESENT_CURRENTLY_ABSENT"
"j-bade299845e2","CONSIDER","59","","","","","NONE","UNKNOWN","HISTORICALLY_PRESENT_CURRENTLY_ABSENT"
"j-badeed3114c7","PURSUE","71","","","","","NONE","UNKNOWN","HISTORICALLY_PRESENT_CURRENTLY_ABSENT"
"j-bb18bc467eae","PASS","","","","","","NONE","UNKNOWN","HISTORICALLY_PRESENT_CURRENTLY_ABSENT"
"j-bb2d3ade7d89","CONSIDER","56","","","","","NONE","UNKNOWN","HISTORICALLY_PRESENT_CURRENTLY_ABSENT"
"j-bb4974388c1f","PURSUE","70","","","","","NONE","UNKNOWN","HISTORICALLY_PRESENT_CURRENTLY_ABSENT"
"j-bb52b0a8c4f9","PURSUE","69","","","","","NONE","UNKNOWN","HISTORICALLY_PRESENT_CURRENTLY_ABSENT"
"j-bb6617a3df80","PASS","","","","","","NONE","UNKNOWN","HISTORICALLY_PRESENT_CURRENTLY_ABSENT"
"j-bbc00912a941","CONSIDER","58","","","","","NONE","UNKNOWN","HISTORICALLY_PRESENT_CURRENTLY_ABSENT"
"j-bbf4194fd447","PASS","34","","","","","NONE","UNKNOWN","HISTORICALLY_PRESENT_CURRENTLY_ABSENT"
"j-bc0570777668","PASS","","","","","","NONE","UNKNOWN","HISTORICALLY_PRESENT_CURRENTLY_ABSENT"
"j-bc34aadd43f4","PASS","52","","","","","NONE","UNKNOWN","HISTORICALLY_PRESENT_CURRENTLY_ABSENT"
"j-bc4f88e2dd8b","PASS","48","","","","","NONE","UNKNOWN","HISTORICALLY_PRESENT_CURRENTLY_ABSENT"
"j-bc95ddeff3ff","PASS","","","","","","NONE","UNKNOWN","HISTORICALLY_PRESENT_CURRENTLY_ABSENT"
"j-bca57dbfa85e","PASS","52","","","","","NONE","UNKNOWN","HISTORICALLY_PRESENT_CURRENTLY_ABSENT"
"j-bce40935cfcc","CONSIDER","62","","","","","NONE","UNKNOWN","HISTORICALLY_PRESENT_CURRENTLY_ABSENT"
"j-bcec50d71222","PASS","","","","","","NONE","UNKNOWN","HISTORICALLY_PRESENT_CURRENTLY_ABSENT"
"j-bd14a125e149","PASS","","","","","","NONE","UNKNOWN","HISTORICALLY_PRESENT_CURRENTLY_ABSENT"
"j-bd3d3259ca5b","PASS","38","","","","","NONE","UNKNOWN","HISTORICALLY_PRESENT_CURRENTLY_ABSENT"
"j-bd8ec692305a","PURSUE","72","","","","","NONE","UNKNOWN","HISTORICALLY_PRESENT_CURRENTLY_ABSENT"
"j-bdd40deb400f","CONSIDER","63","","","","","NONE","UNKNOWN","HISTORICALLY_PRESENT_CURRENTLY_ABSENT"
"j-bdd9b6202fab","PASS","52","","","","","NONE","UNKNOWN","HISTORICALLY_PRESENT_CURRENTLY_ABSENT"
"j-bddd01ff5041","PASS","","","","","","NONE","UNKNOWN","HISTORICALLY_PRESENT_CURRENTLY_ABSENT"
"j-bde1ee4b23f5","PURSUE","68","","","","","NONE","UNKNOWN","HISTORICALLY_PRESENT_CURRENTLY_ABSENT"
"j-bdfa27f2377b","PASS","","","","","","NONE","UNKNOWN","HISTORICALLY_PRESENT_CURRENTLY_ABSENT"
"j-be138786f405","PASS","52","","","","","NONE","UNKNOWN","HISTORICALLY_PRESENT_CURRENTLY_ABSENT"
"j-be6f5d38b60e","PASS","38","","","","","NONE","UNKNOWN","HISTORICALLY_PRESENT_CURRENTLY_ABSENT"
"j-bea10af6972f","PURSUE","72","","","","","NONE","UNKNOWN","HISTORICALLY_PRESENT_CURRENTLY_ABSENT"
"j-bec443025637","CONSIDER","61","","","","","NONE","UNKNOWN","HISTORICALLY_PRESENT_CURRENTLY_ABSENT"
"j-bef38084c7c9","CONSIDER","61","","","","","NONE","UNKNOWN","HISTORICALLY_PRESENT_CURRENTLY_ABSENT"
"j-befdc618854f","PASS","","","","","","NONE","UNKNOWN","HISTORICALLY_PRESENT_CURRENTLY_ABSENT"
"j-bf3b445c2533","CONSIDER","62","","","","","NONE","UNKNOWN","HISTORICALLY_PRESENT_CURRENTLY_ABSENT"
"j-bf3c1f6a1faf","CONSIDER","59","","","","","NONE","UNKNOWN","HISTORICALLY_PRESENT_CURRENTLY_ABSENT"
"j-bf7207e89ee6","PASS","","","","","","NONE","UNKNOWN","HISTORICALLY_PRESENT_CURRENTLY_ABSENT"
"j-bf9dbcb065a5","PASS","53","","","","","NONE","UNKNOWN","HISTORICALLY_PRESENT_CURRENTLY_ABSENT"
"j-bfbb5e2daa31","PASS","","","","","","NONE","UNKNOWN","HISTORICALLY_PRESENT_CURRENTLY_ABSENT"
"j-bfca12f197de","PASS","","","","","","NONE","UNKNOWN","HISTORICALLY_PRESENT_CURRENTLY_ABSENT"
"j-c0389698d72a","PASS","","","","","","NONE","UNKNOWN","HISTORICALLY_PRESENT_CURRENTLY_ABSENT"
"j-c05b04808c8d","PASS","","","","","","NONE","UNKNOWN","HISTORICALLY_PRESENT_CURRENTLY_ABSENT"
"j-c0a7afb45f78","PASS","43","","","","","NONE","UNKNOWN","HISTORICALLY_PRESENT_CURRENTLY_ABSENT"
"j-c0d2f3037d3b","PASS","40","","","","","NONE","UNKNOWN","HISTORICALLY_PRESENT_CURRENTLY_ABSENT"
"j-c0e91ec487b0","CONSIDER","65","","","","","NONE","UNKNOWN","HISTORICALLY_PRESENT_CURRENTLY_ABSENT"
"j-c10fe40356a1","PURSUE","65","","","","","NONE","UNKNOWN","HISTORICALLY_PRESENT_CURRENTLY_ABSENT"
"j-c1344b703432","CONSIDER","55","","","","","NONE","UNKNOWN","HISTORICALLY_PRESENT_CURRENTLY_ABSENT"
"j-c13772e27086","CONSIDER","56","","","","","NONE","UNKNOWN","HISTORICALLY_PRESENT_CURRENTLY_ABSENT"
"j-c15409e3c53b","CONSIDER","56","","","","","NONE","UNKNOWN","HISTORICALLY_PRESENT_CURRENTLY_ABSENT"
"j-c18a0d5face8","PASS","","","","","","NONE","UNKNOWN","HISTORICALLY_PRESENT_CURRENTLY_ABSENT"
"j-c22e8fbdeacd","PASS","","","","","","NONE","UNKNOWN","HISTORICALLY_PRESENT_CURRENTLY_ABSENT"
"j-c254abda7c89","PASS","52","","","","","NONE","UNKNOWN","HISTORICALLY_PRESENT_CURRENTLY_ABSENT"
"j-c26379a3bc09","PASS","54","","","","","NONE","UNKNOWN","HISTORICALLY_PRESENT_CURRENTLY_ABSENT"
"j-c2ae0d53c5f1","PASS","51","","","","","NONE","UNKNOWN","HISTORICALLY_PRESENT_CURRENTLY_ABSENT"
"j-c2e4bdf633b7","CONSIDER","62","","","","","NONE","UNKNOWN","HISTORICALLY_PRESENT_CURRENTLY_ABSENT"
"j-c2ffeeeaf0fb","PASS","48","","","","","NONE","UNKNOWN","HISTORICALLY_PRESENT_CURRENTLY_ABSENT"
"j-c30a1548ded0","CONSIDER","60","","","","","NONE","UNKNOWN","HISTORICALLY_PRESENT_CURRENTLY_ABSENT"
"j-c33e0c05d71c","PASS","","","","","","NONE","UNKNOWN","HISTORICALLY_PRESENT_CURRENTLY_ABSENT"
"j-c3531c193616","CONSIDER","56","","","","","NONE","UNKNOWN","HISTORICALLY_PRESENT_CURRENTLY_ABSENT"
"j-c36f161c22d7","PASS","","","","","","NONE","UNKNOWN","HISTORICALLY_PRESENT_CURRENTLY_ABSENT"
"j-c38f35555a02","CONSIDER","65","","","","","NONE","UNKNOWN","HISTORICALLY_PRESENT_CURRENTLY_ABSENT"
"j-c40ed293928e","CONSIDER","63","","","","","NONE","UNKNOWN","HISTORICALLY_PRESENT_CURRENTLY_ABSENT"
"j-c45066ebecea","PASS","","","","","","NONE","UNKNOWN","HISTORICALLY_PRESENT_CURRENTLY_ABSENT"
"j-c47d09c171ef","PASS","52","","","","","NONE","UNKNOWN","HISTORICALLY_PRESENT_CURRENTLY_ABSENT"
"j-c49891e0e6a1","PASS","","","","","","NONE","UNKNOWN","HISTORICALLY_PRESENT_CURRENTLY_ABSENT"
"j-c4db64333bb7","PASS","","","","","","NONE","UNKNOWN","HISTORICALLY_PRESENT_CURRENTLY_ABSENT"
"j-c549b921297d","PASS","","","","","","NONE","UNKNOWN","HISTORICALLY_PRESENT_CURRENTLY_ABSENT"
"j-c57794d103a1","CONSIDER","58","","","","","NONE","UNKNOWN","HISTORICALLY_PRESENT_CURRENTLY_ABSENT"
"j-c5b3b8d322c4","PASS","","","","","","NONE","UNKNOWN","HISTORICALLY_PRESENT_CURRENTLY_ABSENT"
"j-c5dc679bd870","PASS","","","","","","NONE","UNKNOWN","HISTORICALLY_PRESENT_CURRENTLY_ABSENT"
"j-c63151a25fcd","CONSIDER","61","","","","","NONE","UNKNOWN","HISTORICALLY_PRESENT_CURRENTLY_ABSENT"
"j-c6370e9b141c","CONSIDER","62","","","","","NONE","UNKNOWN","HISTORICALLY_PRESENT_CURRENTLY_ABSENT"
"j-c6603da5db4b","PASS","","","","","","NONE","UNKNOWN","HISTORICALLY_PRESENT_CURRENTLY_ABSENT"
"j-c69cd9c7542a","CONSIDER","60","","","","","NONE","UNKNOWN","HISTORICALLY_PRESENT_CURRENTLY_ABSENT"
"j-c6d5324fdd71","PASS","","","","","","NONE","UNKNOWN","HISTORICALLY_PRESENT_CURRENTLY_ABSENT"
"j-c6f05ddeaf52","PASS","34","","","","","NONE","UNKNOWN","HISTORICALLY_PRESENT_CURRENTLY_ABSENT"
"j-c70d21b5a192","PASS","","","","","","NONE","UNKNOWN","HISTORICALLY_PRESENT_CURRENTLY_ABSENT"
"j-c714a87ce25a","PASS","","","","","","NONE","UNKNOWN","HISTORICALLY_PRESENT_CURRENTLY_ABSENT"
"j-c71bad515867","CONSIDER","57","","","","","NONE","UNKNOWN","HISTORICALLY_PRESENT_CURRENTLY_ABSENT"
"j-c753aafad1f6","PASS","","","","","","NONE","UNKNOWN","HISTORICALLY_PRESENT_CURRENTLY_ABSENT"
"j-c767d6466340","PASS","34","","","","","NONE","UNKNOWN","HISTORICALLY_PRESENT_CURRENTLY_ABSENT"
"j-c7852789d133","CONSIDER","64","","","","","NONE","UNKNOWN","HISTORICALLY_PRESENT_CURRENTLY_ABSENT"
"j-c7a3495ef01b","PASS","","","","","","NONE","UNKNOWN","HISTORICALLY_PRESENT_CURRENTLY_ABSENT"
"j-c7cd080d0f46","CONSIDER","62","","","","","NONE","UNKNOWN","HISTORICALLY_PRESENT_CURRENTLY_ABSENT"
"j-c7d24281985a","CONSIDER","64","","","","","NONE","UNKNOWN","HISTORICALLY_PRESENT_CURRENTLY_ABSENT"
"j-c7d7b2a1feab","PASS","","","","","","NONE","UNKNOWN","HISTORICALLY_PRESENT_CURRENTLY_ABSENT"
"j-c7f3231cb3ab","PASS","","","","","","NONE","UNKNOWN","HISTORICALLY_PRESENT_CURRENTLY_ABSENT"
"j-c7f682a0293c","PASS","","","","","","NONE","UNKNOWN","HISTORICALLY_PRESENT_CURRENTLY_ABSENT"
"j-c86b1856e561","CONSIDER","68","","","","","NONE","UNKNOWN","HISTORICALLY_PRESENT_CURRENTLY_ABSENT"
"j-c891ddd47fad","PASS","","","","","","NONE","UNKNOWN","HISTORICALLY_PRESENT_CURRENTLY_ABSENT"
"j-c8ddc4e582f6","CONSIDER","64","","","","","NONE","UNKNOWN","HISTORICALLY_PRESENT_CURRENTLY_ABSENT"
"j-c8df85b0f5e6","PASS","50","","","","","NONE","UNKNOWN","HISTORICALLY_PRESENT_CURRENTLY_ABSENT"
"j-c8eeacdf52dd","PASS","","","","","","NONE","UNKNOWN","HISTORICALLY_PRESENT_CURRENTLY_ABSENT"
"j-c8f9e07baee0","PASS","","","","","","NONE","UNKNOWN","HISTORICALLY_PRESENT_CURRENTLY_ABSENT"
"j-c90e6ae97113","CONSIDER","59","","","","","NONE","UNKNOWN","HISTORICALLY_PRESENT_CURRENTLY_ABSENT"
"j-c941fd64a29d","PASS","","","","","","NONE","UNKNOWN","HISTORICALLY_PRESENT_CURRENTLY_ABSENT"
"j-c9662b4109e3","PASS","","","","","","NONE","UNKNOWN","HISTORICALLY_PRESENT_CURRENTLY_ABSENT"
"j-c972a756ffdd","CONSIDER","55","","","","","NONE","UNKNOWN","HISTORICALLY_PRESENT_CURRENTLY_ABSENT"
"j-c9c8d61c5dfa","PASS","","","","","","NONE","UNKNOWN","HISTORICALLY_PRESENT_CURRENTLY_ABSENT"
"j-c9d4b7980bf8","PASS","","","","","","NONE","UNKNOWN","HISTORICALLY_PRESENT_CURRENTLY_ABSENT"
"j-ca1bb1f43be1","PASS","45","","","","","NONE","UNKNOWN","HISTORICALLY_PRESENT_CURRENTLY_ABSENT"
"j-ca3aa943c7d0","CONSIDER","62","","","","","NONE","UNKNOWN","HISTORICALLY_PRESENT_CURRENTLY_ABSENT"
"j-caba6a4f1821","PASS","","","","","","NONE","UNKNOWN","HISTORICALLY_PRESENT_CURRENTLY_ABSENT"
"j-cb00a32c87e4","PASS","","","","","","NONE","UNKNOWN","HISTORICALLY_PRESENT_CURRENTLY_ABSENT"
"j-cb772a9c6056","CONSIDER","56","","","","","NONE","UNKNOWN","HISTORICALLY_PRESENT_CURRENTLY_ABSENT"
"j-cb93f749bf15","PASS","34","","","","","NONE","UNKNOWN","HISTORICALLY_PRESENT_CURRENTLY_ABSENT"
"j-cb9bf5faf8cb","PASS","","","","","","NONE","UNKNOWN","HISTORICALLY_PRESENT_CURRENTLY_ABSENT"
"j-cbfded0de58a","PASS","","","","","","NONE","UNKNOWN","HISTORICALLY_PRESENT_CURRENTLY_ABSENT"
"j-cc222b05ee62","PASS","52","","","","","NONE","UNKNOWN","HISTORICALLY_PRESENT_CURRENTLY_ABSENT"
"j-cc25086d8eea","PURSUE","79","","","","","NONE","UNKNOWN","HISTORICALLY_PRESENT_CURRENTLY_ABSENT"
"j-cc3e48f6703c","PURSUE","78","","","","","NONE","UNKNOWN","HISTORICALLY_PRESENT_CURRENTLY_ABSENT"
"j-cc51b129daa0","CONSIDER","56","","","","","NONE","UNKNOWN","HISTORICALLY_PRESENT_CURRENTLY_ABSENT"
"j-cc6c8147049d","PASS","40","","","","","NONE","UNKNOWN","HISTORICALLY_PRESENT_CURRENTLY_ABSENT"
"j-cc7e3d50b7cc","CONSIDER","60","","","","","NONE","UNKNOWN","HISTORICALLY_PRESENT_CURRENTLY_ABSENT"
"j-ccf6e227b06f","PASS","53","","","","","NONE","UNKNOWN","HISTORICALLY_PRESENT_CURRENTLY_ABSENT"
"j-cd002e463748","PASS","","","","","","NONE","UNKNOWN","HISTORICALLY_PRESENT_CURRENTLY_ABSENT"
"j-cd2253c8f55f","CONSIDER","67","","","","","NONE","UNKNOWN","HISTORICALLY_PRESENT_CURRENTLY_ABSENT"
"j-cd355c2ba6f9","CONSIDER","64","","","","","NONE","UNKNOWN","HISTORICALLY_PRESENT_CURRENTLY_ABSENT"
"j-cd46b7dfabea","CONSIDER","58","","","","","NONE","UNKNOWN","HISTORICALLY_PRESENT_CURRENTLY_ABSENT"
"j-cd4901439f7b","PASS","","","","","","NONE","UNKNOWN","HISTORICALLY_PRESENT_CURRENTLY_ABSENT"
"j-cd4dd56f1565","PASS","","","","","","NONE","UNKNOWN","HISTORICALLY_PRESENT_CURRENTLY_ABSENT"
"j-cdda239800fe","SPARSE_SPEC","0","","","","","NONE","UNKNOWN","HISTORICALLY_PRESENT_CURRENTLY_ABSENT"
"j-cdefa0ed7bd2","PASS","","","","","","NONE","UNKNOWN","HISTORICALLY_PRESENT_CURRENTLY_ABSENT"
"j-ce3e9fdb250b","PASS","","","","","","NONE","UNKNOWN","HISTORICALLY_PRESENT_CURRENTLY_ABSENT"
"j-ce639010d82a","CONSIDER","72","","","","","NONE","UNKNOWN","HISTORICALLY_PRESENT_CURRENTLY_ABSENT"
"j-ce6679d3aaed","CONSIDER","72","","","","","NONE","UNKNOWN","HISTORICALLY_PRESENT_CURRENTLY_ABSENT"
"j-ced1bac8e2c2","PASS","54","","","","","NONE","UNKNOWN","HISTORICALLY_PRESENT_CURRENTLY_ABSENT"
"j-cf1a4f4661f4","PASS","","","","","","NONE","UNKNOWN","HISTORICALLY_PRESENT_CURRENTLY_ABSENT"
"j-cf3a54bd1210","PASS","54","","","","","NONE","UNKNOWN","HISTORICALLY_PRESENT_CURRENTLY_ABSENT"
"j-cfd6100edcc3","CONSIDER","64","","","","","NONE","UNKNOWN","HISTORICALLY_PRESENT_CURRENTLY_ABSENT"
"j-cfe06ef3e6bf","PASS","43","","","","","NONE","UNKNOWN","HISTORICALLY_PRESENT_CURRENTLY_ABSENT"
"j-cfea4acd1870","PASS","","","","","","NONE","UNKNOWN","HISTORICALLY_PRESENT_CURRENTLY_ABSENT"
"j-cff7a1a398d1","PASS","","","","","","NONE","UNKNOWN","HISTORICALLY_PRESENT_CURRENTLY_ABSENT"
"j-d03ea335a0ec","PASS","44","","","","","NONE","UNKNOWN","HISTORICALLY_PRESENT_CURRENTLY_ABSENT"
"j-d05382f2f4b0","PASS","52","","","","","NONE","UNKNOWN","HISTORICALLY_PRESENT_CURRENTLY_ABSENT"
"j-d05e5560cebd","PASS","45","","","","","NONE","UNKNOWN","HISTORICALLY_PRESENT_CURRENTLY_ABSENT"
"j-d0742b41fc90","CONSIDER","55","","","","","NONE","UNKNOWN","HISTORICALLY_PRESENT_CURRENTLY_ABSENT"
"j-d076d8319912","PURSUE","65","","","","","NONE","UNKNOWN","HISTORICALLY_PRESENT_CURRENTLY_ABSENT"
"j-d088f21168de","PASS","59","","","","","NONE","UNKNOWN","HISTORICALLY_PRESENT_CURRENTLY_ABSENT"
"j-d08e50ebb121","PASS","","","","","","NONE","UNKNOWN","HISTORICALLY_PRESENT_CURRENTLY_ABSENT"
"j-d0e61ff9e5c2","PURSUE","70","","","","","NONE","UNKNOWN","HISTORICALLY_PRESENT_CURRENTLY_ABSENT"
"j-d0ebfdbe3e5d","PASS","","","","","","NONE","UNKNOWN","HISTORICALLY_PRESENT_CURRENTLY_ABSENT"
"j-d0fd84cadc85","PURSUE","68","","","","","NONE","UNKNOWN","HISTORICALLY_PRESENT_CURRENTLY_ABSENT"
"j-d102e2505c26","PASS","","","","","","NONE","UNKNOWN","HISTORICALLY_PRESENT_CURRENTLY_ABSENT"
"j-d17cacc83c77","PASS","49","","","","","NONE","UNKNOWN","HISTORICALLY_PRESENT_CURRENTLY_ABSENT"
"j-d1a2303beab1","PASS","62","","","","","NONE","UNKNOWN","HISTORICALLY_PRESENT_CURRENTLY_ABSENT"
"j-d1d896dd8b5d","PURSUE","66","","","","","NONE","UNKNOWN","HISTORICALLY_PRESENT_CURRENTLY_ABSENT"
"j-d241db4e9687","PURSUE","73","","","","","NONE","UNKNOWN","HISTORICALLY_PRESENT_CURRENTLY_ABSENT"
"j-d294c4147482","PURSUE","65","","","","","NONE","UNKNOWN","HISTORICALLY_PRESENT_CURRENTLY_ABSENT"
"j-d2c54f33ee3b","PASS","","","","","","NONE","UNKNOWN","HISTORICALLY_PRESENT_CURRENTLY_ABSENT"
"j-d2dec04d5d9f","CONSIDER","64","","","","","NONE","UNKNOWN","HISTORICALLY_PRESENT_CURRENTLY_ABSENT"
"j-d306a461e34c","PASS","","","","","","NONE","UNKNOWN","HISTORICALLY_PRESENT_CURRENTLY_ABSENT"
"j-d30ddec142ba","PASS","","","","","","NONE","UNKNOWN","HISTORICALLY_PRESENT_CURRENTLY_ABSENT"
"j-d3a5186e496d","CONSIDER","77","","","","","NONE","UNKNOWN","HISTORICALLY_PRESENT_CURRENTLY_ABSENT"
"j-d3ba046f9517","PASS","","","","","","NONE","UNKNOWN","HISTORICALLY_PRESENT_CURRENTLY_ABSENT"
"j-d3ccdc5eecbf","PASS","","","","","","NONE","UNKNOWN","HISTORICALLY_PRESENT_CURRENTLY_ABSENT"
"j-d3ee5b56d204","CONSIDER","60","","","","","NONE","UNKNOWN","HISTORICALLY_PRESENT_CURRENTLY_ABSENT"
"j-d3f2ddffb1ab","PASS","","","","","","NONE","UNKNOWN","HISTORICALLY_PRESENT_CURRENTLY_ABSENT"
"j-d410367644e4","CONSIDER","63","","","","","NONE","UNKNOWN","HISTORICALLY_PRESENT_CURRENTLY_ABSENT"
"j-d411393d4d52","CONSIDER","58","","","","","NONE","UNKNOWN","HISTORICALLY_PRESENT_CURRENTLY_ABSENT"
"j-d4393d3375f4","PASS","45","","","","","NONE","UNKNOWN","HISTORICALLY_PRESENT_CURRENTLY_ABSENT"
"j-d4acf7ed639e","PURSUE","74","","","","","NONE","UNKNOWN","HISTORICALLY_PRESENT_CURRENTLY_ABSENT"
"j-d4cd9630564a","PASS","47","","","","","NONE","UNKNOWN","HISTORICALLY_PRESENT_CURRENTLY_ABSENT"
"j-d4eaacb0a6bf","PASS","","","","","","NONE","UNKNOWN","HISTORICALLY_PRESENT_CURRENTLY_ABSENT"
"j-d4ec994aa0f0","CONSIDER","59","","","","","NONE","UNKNOWN","HISTORICALLY_PRESENT_CURRENTLY_ABSENT"
"j-d4ecd35dff79","PASS","","","","","","NONE","UNKNOWN","HISTORICALLY_PRESENT_CURRENTLY_ABSENT"
"j-d51bd2728bcb","CONSIDER","55","","","","","NONE","UNKNOWN","HISTORICALLY_PRESENT_CURRENTLY_ABSENT"
"j-d520c0a70749","CONSIDER","57","","","","","NONE","UNKNOWN","HISTORICALLY_PRESENT_CURRENTLY_ABSENT"
"j-d57fca4f0499","PASS","","","","","","NONE","UNKNOWN","HISTORICALLY_PRESENT_CURRENTLY_ABSENT"
"j-d61d9f726e65","PASS","","","","","","NONE","UNKNOWN","HISTORICALLY_PRESENT_CURRENTLY_ABSENT"
"j-d64d8da94243","PASS","52","","","","","NONE","UNKNOWN","HISTORICALLY_PRESENT_CURRENTLY_ABSENT"
"j-d654d0da1cc3","PURSUE","68","","","","","NONE","UNKNOWN","HISTORICALLY_PRESENT_CURRENTLY_ABSENT"
"j-d697b001e558","CONSIDER","63","","","","","NONE","UNKNOWN","HISTORICALLY_PRESENT_CURRENTLY_ABSENT"
"j-d6c25c4a03b3","PASS","43","","","","","NONE","UNKNOWN","HISTORICALLY_PRESENT_CURRENTLY_ABSENT"
"j-d6c90e96e75a","PASS","","","","","","NONE","UNKNOWN","HISTORICALLY_PRESENT_CURRENTLY_ABSENT"
"j-d713f920ce68","PASS","37","","","","","NONE","UNKNOWN","HISTORICALLY_PRESENT_CURRENTLY_ABSENT"
"j-d71f6fb2ea66","PASS","","","","","","NONE","UNKNOWN","HISTORICALLY_PRESENT_CURRENTLY_ABSENT"
"j-d737571f54b4","PASS","49","","","","","NONE","UNKNOWN","HISTORICALLY_PRESENT_CURRENTLY_ABSENT"
"j-d75b0733d95d","PASS","","","","","","NONE","UNKNOWN","HISTORICALLY_PRESENT_CURRENTLY_ABSENT"
"j-d7821b32aeec","CONSIDER","62","","","","","NONE","UNKNOWN","HISTORICALLY_PRESENT_CURRENTLY_ABSENT"
"j-d7b949a24076","CONSIDER","58","","","","","NONE","UNKNOWN","HISTORICALLY_PRESENT_CURRENTLY_ABSENT"
"j-d7be7e836185","CONSIDER","61","","","","","NONE","UNKNOWN","HISTORICALLY_PRESENT_CURRENTLY_ABSENT"
"j-d81c3cfc4e85","PASS","52","","","","","NONE","UNKNOWN","HISTORICALLY_PRESENT_CURRENTLY_ABSENT"
"j-d81df340b558","PASS","","","","","","NONE","UNKNOWN","HISTORICALLY_PRESENT_CURRENTLY_ABSENT"
"j-d84deac27bec","CONSIDER","58","","","","","NONE","UNKNOWN","HISTORICALLY_PRESENT_CURRENTLY_ABSENT"
"j-d86b8fbd0653","PASS","","","","","","NONE","UNKNOWN","HISTORICALLY_PRESENT_CURRENTLY_ABSENT"
"j-d87bdfb32989","PASS","54","","","","","NONE","UNKNOWN","HISTORICALLY_PRESENT_CURRENTLY_ABSENT"
"j-d8b8370770fc","CONSIDER","58","","","","","NONE","UNKNOWN","HISTORICALLY_PRESENT_CURRENTLY_ABSENT"
"j-d8bf9a71c24a","CONSIDER","61","","","","","NONE","UNKNOWN","HISTORICALLY_PRESENT_CURRENTLY_ABSENT"
"j-d9176c367a9b","PASS","","","","","","NONE","UNKNOWN","HISTORICALLY_PRESENT_CURRENTLY_ABSENT"
"j-d91ce609a4ad","CONSIDER","62","","","","","NONE","UNKNOWN","HISTORICALLY_PRESENT_CURRENTLY_ABSENT"
"j-d91f99ed7799","CONSIDER","59","","","","","NONE","UNKNOWN","HISTORICALLY_PRESENT_CURRENTLY_ABSENT"
"j-d954bd7fef8c","PASS","","","","","","NONE","UNKNOWN","HISTORICALLY_PRESENT_CURRENTLY_ABSENT"
"j-d9c6b466fdf1","PASS","","","","","","NONE","UNKNOWN","HISTORICALLY_PRESENT_CURRENTLY_ABSENT"
"j-d9d43db4908f","PASS","","","","","","NONE","UNKNOWN","HISTORICALLY_PRESENT_CURRENTLY_ABSENT"
"j-d9dd37b719c1","PASS","","","","","","NONE","UNKNOWN","HISTORICALLY_PRESENT_CURRENTLY_ABSENT"
"j-d9e933295990","PASS","","","","","","NONE","UNKNOWN","HISTORICALLY_PRESENT_CURRENTLY_ABSENT"
"j-d9f566dd6ff9","PASS","52","","","","","NONE","UNKNOWN","HISTORICALLY_PRESENT_CURRENTLY_ABSENT"
"j-da1dfea00fe3","CONSIDER","61","","","","","NONE","UNKNOWN","HISTORICALLY_PRESENT_CURRENTLY_ABSENT"
"j-da2a5ef344c9","PASS","","","","","","NONE","UNKNOWN","HISTORICALLY_PRESENT_CURRENTLY_ABSENT"
"j-da2de8a5401c","PASS","","","","","","NONE","UNKNOWN","HISTORICALLY_PRESENT_CURRENTLY_ABSENT"
"j-da3158bc39cd","PASS","42","","","","","NONE","UNKNOWN","HISTORICALLY_PRESENT_CURRENTLY_ABSENT"
"j-dadc0054198a","PASS","","","","","","NONE","UNKNOWN","HISTORICALLY_PRESENT_CURRENTLY_ABSENT"
"j-dadd17a24087","PASS","","","","","","NONE","UNKNOWN","HISTORICALLY_PRESENT_CURRENTLY_ABSENT"
"j-db3a3fc9429d","PASS","","","","","","NONE","UNKNOWN","HISTORICALLY_PRESENT_CURRENTLY_ABSENT"
"j-db4f8482a07e","PASS","","","","","","NONE","UNKNOWN","HISTORICALLY_PRESENT_CURRENTLY_ABSENT"
"j-db5538f33039","CONSIDER","65","","","","","NONE","UNKNOWN","HISTORICALLY_PRESENT_CURRENTLY_ABSENT"
"j-db576c1682b8","CONSIDER","60","","","","","NONE","UNKNOWN","HISTORICALLY_PRESENT_CURRENTLY_ABSENT"
"j-db6d4af64aad","PASS","52","","","","","NONE","UNKNOWN","HISTORICALLY_PRESENT_CURRENTLY_ABSENT"
"j-db92a8f879ec","PASS","","","","","","NONE","UNKNOWN","HISTORICALLY_PRESENT_CURRENTLY_ABSENT"
"j-dbc2275f50eb","PASS","","","","","","NONE","UNKNOWN","HISTORICALLY_PRESENT_CURRENTLY_ABSENT"
"j-dbca1470322a","PASS","53","","","","","NONE","UNKNOWN","HISTORICALLY_PRESENT_CURRENTLY_ABSENT"
"j-dc09e4ff162d","PASS","47","","","","","NONE","UNKNOWN","HISTORICALLY_PRESENT_CURRENTLY_ABSENT"
"j-dc0c8b083c17","PURSUE","70","","","","","NONE","UNKNOWN","HISTORICALLY_PRESENT_CURRENTLY_ABSENT"
"j-dc46f1f63e62","PASS","45","","","","","NONE","UNKNOWN","HISTORICALLY_PRESENT_CURRENTLY_ABSENT"
"j-dc787ec0b2d9","CONSIDER","61","","","","","NONE","UNKNOWN","HISTORICALLY_PRESENT_CURRENTLY_ABSENT"
"j-dc86b376a26a","PURSUE","72","","","","","NONE","UNKNOWN","HISTORICALLY_PRESENT_CURRENTLY_ABSENT"
"j-dca748b4c4c8","PASS","37","","","","","NONE","UNKNOWN","HISTORICALLY_PRESENT_CURRENTLY_ABSENT"
"j-dcb9764a3111","PASS","","","","","","NONE","UNKNOWN","HISTORICALLY_PRESENT_CURRENTLY_ABSENT"
"j-dccf6fe1ce2b","PASS","","","","","","NONE","UNKNOWN","HISTORICALLY_PRESENT_CURRENTLY_ABSENT"
"j-dd3aa8fd5c7d","CONSIDER","64","","","","","NONE","UNKNOWN","HISTORICALLY_PRESENT_CURRENTLY_ABSENT"
"j-dd680804704c","CONSIDER","57","","","","","NONE","UNKNOWN","HISTORICALLY_PRESENT_CURRENTLY_ABSENT"
"j-dd747111bc08","PASS","40","","","","","NONE","UNKNOWN","HISTORICALLY_PRESENT_CURRENTLY_ABSENT"
"j-dd9f88fa30b9","PASS","","","","","","NONE","UNKNOWN","HISTORICALLY_PRESENT_CURRENTLY_ABSENT"
"j-dda133877af2","PURSUE","79","","","","","NONE","UNKNOWN","HISTORICALLY_PRESENT_CURRENTLY_ABSENT"
"j-ddd34a6ec193","PASS","","","","","","NONE","UNKNOWN","HISTORICALLY_PRESENT_CURRENTLY_ABSENT"
"j-dde4a64ef66d","PASS","","","","","","NONE","UNKNOWN","HISTORICALLY_PRESENT_CURRENTLY_ABSENT"
"j-de4f2d40561c","PURSUE","68","","","","","NONE","UNKNOWN","HISTORICALLY_PRESENT_CURRENTLY_ABSENT"
"j-de5ee1410c98","PASS","36","","","","","NONE","UNKNOWN","HISTORICALLY_PRESENT_CURRENTLY_ABSENT"
"j-de93fa301a29","PASS","","","","","","NONE","UNKNOWN","HISTORICALLY_PRESENT_CURRENTLY_ABSENT"
"j-de9f4ef73c04","CONSIDER","55","","","","","NONE","UNKNOWN","HISTORICALLY_PRESENT_CURRENTLY_ABSENT"
"j-deab2389affe","PASS","54","","","","","NONE","UNKNOWN","HISTORICALLY_PRESENT_CURRENTLY_ABSENT"
"j-deb3e23b6ffc","PASS","","","","","","NONE","UNKNOWN","HISTORICALLY_PRESENT_CURRENTLY_ABSENT"
"j-def354158e6a","PASS","","","","","","NONE","UNKNOWN","HISTORICALLY_PRESENT_CURRENTLY_ABSENT"
"j-df2f94b00663","PASS","40","","","","","NONE","UNKNOWN","HISTORICALLY_PRESENT_CURRENTLY_ABSENT"
"j-dfc41512d198","CONSIDER","58","","","","","NONE","UNKNOWN","HISTORICALLY_PRESENT_CURRENTLY_ABSENT"
"j-dfc52df1ed6d","CONSIDER","61","","","","","NONE","UNKNOWN","HISTORICALLY_PRESENT_CURRENTLY_ABSENT"
"j-dffa9ec9e3af","PASS","","","","","","NONE","UNKNOWN","HISTORICALLY_PRESENT_CURRENTLY_ABSENT"
"j-e0297f1eef73","CONSIDER","65","","","","","NONE","UNKNOWN","HISTORICALLY_PRESENT_CURRENTLY_ABSENT"
"j-e0f4deb023ea","CONSIDER","63","","","","","NONE","UNKNOWN","HISTORICALLY_PRESENT_CURRENTLY_ABSENT"
"j-e110251f00c4","PASS","","","","","","NONE","UNKNOWN","HISTORICALLY_PRESENT_CURRENTLY_ABSENT"
"j-e12d2c1f239e","CONSIDER","66","","","","","NONE","UNKNOWN","HISTORICALLY_PRESENT_CURRENTLY_ABSENT"
"j-e1342c5f5713","PURSUE","66","","","","","NONE","UNKNOWN","HISTORICALLY_PRESENT_CURRENTLY_ABSENT"
"j-e18c5d8c2ee5","CONSIDER","64","","","","","NONE","UNKNOWN","HISTORICALLY_PRESENT_CURRENTLY_ABSENT"
"j-e19484db0281","PASS","61","","","","","NONE","UNKNOWN","HISTORICALLY_PRESENT_CURRENTLY_ABSENT"
"j-e1c94447a591","PASS","57","","","","","NONE","UNKNOWN","HISTORICALLY_PRESENT_CURRENTLY_ABSENT"
"j-e1d6599acd36","PASS","","","","","","NONE","UNKNOWN","HISTORICALLY_PRESENT_CURRENTLY_ABSENT"
"j-e1fa61d633bb","PASS","","","","","","NONE","UNKNOWN","HISTORICALLY_PRESENT_CURRENTLY_ABSENT"
"j-e1fc177fe712","PASS","","","","","","NONE","UNKNOWN","HISTORICALLY_PRESENT_CURRENTLY_ABSENT"
"j-e265162ead6c","PASS","51","","","","","NONE","UNKNOWN","HISTORICALLY_PRESENT_CURRENTLY_ABSENT"
"j-e27e7773324c","PASS","54","","","","","NONE","UNKNOWN","HISTORICALLY_PRESENT_CURRENTLY_ABSENT"
"j-e29866a802ee","PASS","","","","","","NONE","UNKNOWN","HISTORICALLY_PRESENT_CURRENTLY_ABSENT"
"j-e2c9981f4367","CONSIDER","63","","","","","NONE","UNKNOWN","HISTORICALLY_PRESENT_CURRENTLY_ABSENT"
"j-e33336c44bd2","PASS","45","","","","","NONE","UNKNOWN","HISTORICALLY_PRESENT_CURRENTLY_ABSENT"
"j-e34542bbed7b","PURSUE","70","","","","","NONE","UNKNOWN","HISTORICALLY_PRESENT_CURRENTLY_ABSENT"
"j-e359e7e4394e","CONSIDER","59","","","","","NONE","UNKNOWN","HISTORICALLY_PRESENT_CURRENTLY_ABSENT"
"j-e361735bac5e","PASS","62","","","","","NONE","UNKNOWN","HISTORICALLY_PRESENT_CURRENTLY_ABSENT"
"j-e3877eeda0c2","PURSUE","66","","","","","NONE","UNKNOWN","HISTORICALLY_PRESENT_CURRENTLY_ABSENT"
"j-e39d65884f07","PURSUE","75","","","","","NONE","UNKNOWN","HISTORICALLY_PRESENT_CURRENTLY_ABSENT"
"j-e3c441ff3ccd","PASS","","","","","","NONE","UNKNOWN","HISTORICALLY_PRESENT_CURRENTLY_ABSENT"
"j-e3f78d0bfcb9","PASS","","","","","","NONE","UNKNOWN","HISTORICALLY_PRESENT_CURRENTLY_ABSENT"
"j-e409ae825f1b","PASS","54","","","","","NONE","UNKNOWN","HISTORICALLY_PRESENT_CURRENTLY_ABSENT"
"j-e441cc3fe288","PURSUE","68","","","","","NONE","UNKNOWN","HISTORICALLY_PRESENT_CURRENTLY_ABSENT"
"j-e44c28d4454b","CONSIDER","62","","","","","NONE","UNKNOWN","HISTORICALLY_PRESENT_CURRENTLY_ABSENT"
"j-e4787afa241a","PASS","","","","","","NONE","UNKNOWN","HISTORICALLY_PRESENT_CURRENTLY_ABSENT"
"j-e517449c9bc3","PASS","53","","","","","NONE","UNKNOWN","HISTORICALLY_PRESENT_CURRENTLY_ABSENT"
"j-e52869676cf9","PASS","40","","","","","NONE","UNKNOWN","HISTORICALLY_PRESENT_CURRENTLY_ABSENT"
"j-e535e59288b1","PASS","","","","","","NONE","UNKNOWN","HISTORICALLY_PRESENT_CURRENTLY_ABSENT"
"j-e54162ca98ef","CONSIDER","55","","","","","NONE","UNKNOWN","HISTORICALLY_PRESENT_CURRENTLY_ABSENT"
"j-e55c4ea3dbc0","CONSIDER","62","","","","","NONE","UNKNOWN","HISTORICALLY_PRESENT_CURRENTLY_ABSENT"
"j-e5b822ee2200","PASS","34","","","","","NONE","UNKNOWN","HISTORICALLY_PRESENT_CURRENTLY_ABSENT"
"j-e63a61da4aa4","PASS","","","","","","NONE","UNKNOWN","HISTORICALLY_PRESENT_CURRENTLY_ABSENT"
"j-e659bba92236","PASS","43","","","","","NONE","UNKNOWN","HISTORICALLY_PRESENT_CURRENTLY_ABSENT"
"j-e664a7d48e87","PASS","","","","","","NONE","UNKNOWN","HISTORICALLY_PRESENT_CURRENTLY_ABSENT"
"j-e66e9e5892cf","PASS","","","","","","NONE","UNKNOWN","HISTORICALLY_PRESENT_CURRENTLY_ABSENT"
"j-e68299ccddb2","PASS","54","","","","","NONE","UNKNOWN","HISTORICALLY_PRESENT_CURRENTLY_ABSENT"
"j-e6b66443b9a0","PASS","","","","","","NONE","UNKNOWN","HISTORICALLY_PRESENT_CURRENTLY_ABSENT"
"j-e6c67a7d4ba5","CONSIDER","63","","","","","NONE","UNKNOWN","HISTORICALLY_PRESENT_CURRENTLY_ABSENT"
"j-e6f093916a24","PASS","44","","","","","NONE","UNKNOWN","HISTORICALLY_PRESENT_CURRENTLY_ABSENT"
"j-e6f7552e55f3","PURSUE","70","","","","","NONE","UNKNOWN","HISTORICALLY_PRESENT_CURRENTLY_ABSENT"
"j-e71a9b715e5d","PASS","54","","","","","NONE","UNKNOWN","HISTORICALLY_PRESENT_CURRENTLY_ABSENT"
"j-e7204275e69b","PASS","","","","","","NONE","UNKNOWN","HISTORICALLY_PRESENT_CURRENTLY_ABSENT"
"j-e77480b638fe","PASS","45","","","","","NONE","UNKNOWN","HISTORICALLY_PRESENT_CURRENTLY_ABSENT"
"j-e77a94ac8e35","PASS","","","","","","NONE","UNKNOWN","HISTORICALLY_PRESENT_CURRENTLY_ABSENT"
"j-e8b0736604f1","PURSUE","67","","","","","NONE","UNKNOWN","HISTORICALLY_PRESENT_CURRENTLY_ABSENT"
"j-e8c8e59e4f81","PURSUE","68","","","","","NONE","UNKNOWN","HISTORICALLY_PRESENT_CURRENTLY_ABSENT"
"j-e900540f349a","PASS","","","","","","NONE","UNKNOWN","HISTORICALLY_PRESENT_CURRENTLY_ABSENT"
"j-e984d323bb1d","PASS","","","","","","NONE","UNKNOWN","HISTORICALLY_PRESENT_CURRENTLY_ABSENT"
"j-e9924584de91","CONSIDER","63","","","","","NONE","UNKNOWN","HISTORICALLY_PRESENT_CURRENTLY_ABSENT"
"j-e9c1c27d959e","CONSIDER","64","","","","","NONE","UNKNOWN","HISTORICALLY_PRESENT_CURRENTLY_ABSENT"
"j-ea083c87120a","PASS","","","","","","NONE","UNKNOWN","HISTORICALLY_PRESENT_CURRENTLY_ABSENT"
"j-ea29b542845c","CONSIDER","57","","","","","NONE","UNKNOWN","HISTORICALLY_PRESENT_CURRENTLY_ABSENT"
"j-ea2d1bdba654","PASS","","","","","","NONE","UNKNOWN","HISTORICALLY_PRESENT_CURRENTLY_ABSENT"
"j-ea6d2852ec59","PASS","","","","","","NONE","UNKNOWN","HISTORICALLY_PRESENT_CURRENTLY_ABSENT"
"j-ea77fd0b0d04","PASS","","","","","","NONE","UNKNOWN","HISTORICALLY_PRESENT_CURRENTLY_ABSENT"
"j-eaa529e3820a","CONSIDER","64","","","","","NONE","UNKNOWN","HISTORICALLY_PRESENT_CURRENTLY_ABSENT"
"j-eaa70637cf54","PASS","","","","","","NONE","UNKNOWN","HISTORICALLY_PRESENT_CURRENTLY_ABSENT"
"j-eaa77d3423f7","PASS","","","","","","NONE","UNKNOWN","HISTORICALLY_PRESENT_CURRENTLY_ABSENT"
"j-eae2d9ece9e4","CONSIDER","60","","","","","NONE","UNKNOWN","HISTORICALLY_PRESENT_CURRENTLY_ABSENT"
"j-eb0479c667fe","CONSIDER","63","","","","","NONE","UNKNOWN","HISTORICALLY_PRESENT_CURRENTLY_ABSENT"
"j-eb3939b8b4ab","PASS","","","","","","NONE","UNKNOWN","HISTORICALLY_PRESENT_CURRENTLY_ABSENT"
"j-eb4b7425c30c","PASS","","","","","","NONE","UNKNOWN","HISTORICALLY_PRESENT_CURRENTLY_ABSENT"
"j-eb7cb182091b","PASS","45","","","","","NONE","UNKNOWN","HISTORICALLY_PRESENT_CURRENTLY_ABSENT"
"j-eb9eefa7e653","PASS","53","","","","","NONE","UNKNOWN","HISTORICALLY_PRESENT_CURRENTLY_ABSENT"
"j-ebed6e7b5caa","PURSUE","71","","","","","NONE","UNKNOWN","HISTORICALLY_PRESENT_CURRENTLY_ABSENT"
"j-ebf98592d76d","PASS","","","","","","NONE","UNKNOWN","HISTORICALLY_PRESENT_CURRENTLY_ABSENT"
"j-ec0f9a68568d","PASS","","","","","","NONE","UNKNOWN","HISTORICALLY_PRESENT_CURRENTLY_ABSENT"
"j-ec37e06910ef","PASS","53","","","","","NONE","UNKNOWN","HISTORICALLY_PRESENT_CURRENTLY_ABSENT"
"j-ec807b712579","CONSIDER","55","","","","","NONE","UNKNOWN","HISTORICALLY_PRESENT_CURRENTLY_ABSENT"
"j-ec80fb9bb755","PASS","","","","","","NONE","UNKNOWN","HISTORICALLY_PRESENT_CURRENTLY_ABSENT"
"j-ec93fc5457eb","PASS","","","","","","NONE","UNKNOWN","HISTORICALLY_PRESENT_CURRENTLY_ABSENT"
"j-ecdf9b4dc5a3","PASS","43","","","","","NONE","UNKNOWN","HISTORICALLY_PRESENT_CURRENTLY_ABSENT"
"j-ed07b046e7c3","PASS","50","","","","","NONE","UNKNOWN","HISTORICALLY_PRESENT_CURRENTLY_ABSENT"
"j-ed381afa973a","PASS","64","","","","","NONE","UNKNOWN","HISTORICALLY_PRESENT_CURRENTLY_ABSENT"
"j-ed405d5d0e79","PASS","","","","","","NONE","UNKNOWN","HISTORICALLY_PRESENT_CURRENTLY_ABSENT"
"j-ed7f0ec824f4","PASS","","","","","","NONE","UNKNOWN","HISTORICALLY_PRESENT_CURRENTLY_ABSENT"
"j-ed8f35aed8c9","CONSIDER","64","","","","","NONE","UNKNOWN","HISTORICALLY_PRESENT_CURRENTLY_ABSENT"
"j-edc1954bd3d6","CONSIDER","64","","","","","NONE","UNKNOWN","HISTORICALLY_PRESENT_CURRENTLY_ABSENT"
"j-ee8a99ab990b","CONSIDER","61","","","","","NONE","UNKNOWN","HISTORICALLY_PRESENT_CURRENTLY_ABSENT"
"j-ee96dd0879c0","CONSIDER","61","","","","","NONE","UNKNOWN","HISTORICALLY_PRESENT_CURRENTLY_ABSENT"
"j-ef2137bead94","PURSUE","68","","","","","NONE","UNKNOWN","HISTORICALLY_PRESENT_CURRENTLY_ABSENT"
"j-ef387626f6bb","PASS","34","","","","","NONE","UNKNOWN","HISTORICALLY_PRESENT_CURRENTLY_ABSENT"
"j-ef412c48bd41","CONSIDER","61","","","","","NONE","UNKNOWN","HISTORICALLY_PRESENT_CURRENTLY_ABSENT"
"j-ef6b97deede9","PASS","","","","","","NONE","UNKNOWN","HISTORICALLY_PRESENT_CURRENTLY_ABSENT"
"j-ef996b358f50","PASS","","","","","","NONE","UNKNOWN","HISTORICALLY_PRESENT_CURRENTLY_ABSENT"
"j-efa5ed813cb9","PASS","41","","","","","NONE","UNKNOWN","HISTORICALLY_PRESENT_CURRENTLY_ABSENT"
"j-efa71476ca05","PASS","45","","","","","NONE","UNKNOWN","HISTORICALLY_PRESENT_CURRENTLY_ABSENT"
"j-efea53abf585","PASS","46","","","","","NONE","UNKNOWN","HISTORICALLY_PRESENT_CURRENTLY_ABSENT"
"j-f005b26c8981","PASS","48","","","","","NONE","UNKNOWN","HISTORICALLY_PRESENT_CURRENTLY_ABSENT"
"j-f04da1f61da5","PASS","","","","","","NONE","UNKNOWN","HISTORICALLY_PRESENT_CURRENTLY_ABSENT"
"j-f05f1ddd2e9b","PURSUE","70","","","","","NONE","UNKNOWN","HISTORICALLY_PRESENT_CURRENTLY_ABSENT"
"j-f0820e9eb8f1","PASS","46","","","","","NONE","UNKNOWN","HISTORICALLY_PRESENT_CURRENTLY_ABSENT"
"j-f0afc6c65e6a","CONSIDER","59","","","","","NONE","UNKNOWN","HISTORICALLY_PRESENT_CURRENTLY_ABSENT"
"j-f0c4ac0b0c03","PASS","","","","","","NONE","UNKNOWN","HISTORICALLY_PRESENT_CURRENTLY_ABSENT"
"j-f0e7fefdc6af","PASS","45","","","","","NONE","UNKNOWN","HISTORICALLY_PRESENT_CURRENTLY_ABSENT"
"j-f0f5867bc17f","PASS","37","","","","","NONE","UNKNOWN","HISTORICALLY_PRESENT_CURRENTLY_ABSENT"
"j-f12c07873455","PASS","","","","","","NONE","UNKNOWN","HISTORICALLY_PRESENT_CURRENTLY_ABSENT"
"j-f12f3d54bde3","CONSIDER","66","","","","","NONE","UNKNOWN","HISTORICALLY_PRESENT_CURRENTLY_ABSENT"
"j-f14364fd6eb2","PURSUE","65","","","","","NONE","UNKNOWN","HISTORICALLY_PRESENT_CURRENTLY_ABSENT"
"j-f1600a85d003","CONSIDER","64","","","","","NONE","UNKNOWN","HISTORICALLY_PRESENT_CURRENTLY_ABSENT"
"j-f169f45d3d7e","PASS","","","","","","NONE","UNKNOWN","HISTORICALLY_PRESENT_CURRENTLY_ABSENT"
"j-f18ec574618d","CONSIDER","63","","","","","NONE","UNKNOWN","HISTORICALLY_PRESENT_CURRENTLY_ABSENT"
"j-f1b1ee48cdde","PURSUE","81","","","","","NONE","UNKNOWN","HISTORICALLY_PRESENT_CURRENTLY_ABSENT"
"j-f1e5d88109ff","PASS","","","","","","NONE","UNKNOWN","HISTORICALLY_PRESENT_CURRENTLY_ABSENT"
"j-f1f4ed9a422d","CONSIDER","55","","","","","NONE","UNKNOWN","HISTORICALLY_PRESENT_CURRENTLY_ABSENT"
"j-f2321a387e97","PASS","","","","","","NONE","UNKNOWN","HISTORICALLY_PRESENT_CURRENTLY_ABSENT"
"j-f2441ca4d38f","SPARSE_SPEC","0","","","","","NONE","UNKNOWN","HISTORICALLY_PRESENT_CURRENTLY_ABSENT"
"j-f284af4b956f","CONSIDER","56","","","","","NONE","UNKNOWN","HISTORICALLY_PRESENT_CURRENTLY_ABSENT"
"j-f2ae9c47d5bc","PASS","","","","","","NONE","UNKNOWN","HISTORICALLY_PRESENT_CURRENTLY_ABSENT"
"j-f2f460d684e4","CONSIDER","58","","","","","NONE","UNKNOWN","HISTORICALLY_PRESENT_CURRENTLY_ABSENT"
"j-f3014c8c3347","PASS","","","","","","NONE","UNKNOWN","HISTORICALLY_PRESENT_CURRENTLY_ABSENT"
"j-f3115841c0f7","PASS","59","","","","","NONE","UNKNOWN","HISTORICALLY_PRESENT_CURRENTLY_ABSENT"
"j-f33e8b861a1f","CONSIDER","67","","","","","NONE","UNKNOWN","HISTORICALLY_PRESENT_CURRENTLY_ABSENT"
"j-f33f0a5434e0","PASS","","","","","","NONE","UNKNOWN","HISTORICALLY_PRESENT_CURRENTLY_ABSENT"
"j-f376602afd7a","PASS","45","","","","","NONE","UNKNOWN","HISTORICALLY_PRESENT_CURRENTLY_ABSENT"
"j-f3af73a006e9","PASS","","","","","","NONE","UNKNOWN","HISTORICALLY_PRESENT_CURRENTLY_ABSENT"
"j-f3e46446c99f","CONSIDER","62","","","","","NONE","UNKNOWN","HISTORICALLY_PRESENT_CURRENTLY_ABSENT"
"j-f41833af80b5","SPARSE_SPEC","0","","","","","NONE","UNKNOWN","HISTORICALLY_PRESENT_CURRENTLY_ABSENT"
"j-f424a1490d5e","PASS","40","","","","","NONE","UNKNOWN","HISTORICALLY_PRESENT_CURRENTLY_ABSENT"
"j-f499e92b76e0","PASS","","","","","","NONE","UNKNOWN","HISTORICALLY_PRESENT_CURRENTLY_ABSENT"
"j-f4b65186adeb","CONSIDER","64","","","","","NONE","UNKNOWN","HISTORICALLY_PRESENT_CURRENTLY_ABSENT"
"j-f4bf8c23d4ae","PURSUE","72","","","","","NONE","UNKNOWN","HISTORICALLY_PRESENT_CURRENTLY_ABSENT"
"j-f4cea159889e","PASS","","","","","","NONE","UNKNOWN","HISTORICALLY_PRESENT_CURRENTLY_ABSENT"
"j-f55bf4af910c","PASS","","","","","","NONE","UNKNOWN","HISTORICALLY_PRESENT_CURRENTLY_ABSENT"
"j-f5873c10d6cd","CONSIDER","61","","","","","NONE","UNKNOWN","HISTORICALLY_PRESENT_CURRENTLY_ABSENT"
"j-f5b9dc4a0ff4","PASS","52","","","","","NONE","UNKNOWN","HISTORICALLY_PRESENT_CURRENTLY_ABSENT"
"j-f5bc8849aa65","PASS","","","","","","NONE","UNKNOWN","HISTORICALLY_PRESENT_CURRENTLY_ABSENT"
"j-f5f0c366183e","PASS","50","","","","","NONE","UNKNOWN","HISTORICALLY_PRESENT_CURRENTLY_ABSENT"
"j-f64fcf33d72c","PASS","50","","","","","NONE","UNKNOWN","HISTORICALLY_PRESENT_CURRENTLY_ABSENT"
"j-f6548cb394b9","PASS","52","","","","","NONE","UNKNOWN","HISTORICALLY_PRESENT_CURRENTLY_ABSENT"
"j-f6ac34cce49c","PASS","","","","","","NONE","UNKNOWN","HISTORICALLY_PRESENT_CURRENTLY_ABSENT"
"j-f6dbf9f43691","PASS","","","","","","NONE","UNKNOWN","HISTORICALLY_PRESENT_CURRENTLY_ABSENT"
"j-f6e5002d02db","CONSIDER","60","","","","","NONE","UNKNOWN","HISTORICALLY_PRESENT_CURRENTLY_ABSENT"
"j-f70e03cdb685","PASS","","","","","","NONE","UNKNOWN","HISTORICALLY_PRESENT_CURRENTLY_ABSENT"
"j-f742fee0936a","CONSIDER","60","","","","","NONE","UNKNOWN","HISTORICALLY_PRESENT_CURRENTLY_ABSENT"
"j-f7f6168ae96e","PURSUE","72","","","","","NONE","UNKNOWN","HISTORICALLY_PRESENT_CURRENTLY_ABSENT"
"j-f81f5eeae204","PASS","50","","","","","NONE","UNKNOWN","HISTORICALLY_PRESENT_CURRENTLY_ABSENT"
"j-f84b1984d299","PASS","","","","","","NONE","UNKNOWN","HISTORICALLY_PRESENT_CURRENTLY_ABSENT"
"j-f8580a5ad993","CONSIDER","59","","","","","NONE","UNKNOWN","HISTORICALLY_PRESENT_CURRENTLY_ABSENT"
"j-f8731793b38f","CONSIDER","59","","","","","NONE","UNKNOWN","HISTORICALLY_PRESENT_CURRENTLY_ABSENT"
"j-f88810ce24dc","PASS","41","","","","","NONE","UNKNOWN","HISTORICALLY_PRESENT_CURRENTLY_ABSENT"
"j-f8a6e8c2e84d","CONSIDER","72","","","","","NONE","UNKNOWN","HISTORICALLY_PRESENT_CURRENTLY_ABSENT"
"j-f8cb0d4f3fe2","CONSIDER","71","","","","","NONE","UNKNOWN","HISTORICALLY_PRESENT_CURRENTLY_ABSENT"
"j-f8d173b77173","PASS","54","","","","","NONE","UNKNOWN","HISTORICALLY_PRESENT_CURRENTLY_ABSENT"
"j-f8e73c30e0ab","PASS","","","","","","NONE","UNKNOWN","HISTORICALLY_PRESENT_CURRENTLY_ABSENT"
"j-f94f7d1761d7","PASS","46","","","","","NONE","UNKNOWN","HISTORICALLY_PRESENT_CURRENTLY_ABSENT"
"j-f96dfcc926f8","CONSIDER","66","","","","","NONE","UNKNOWN","HISTORICALLY_PRESENT_CURRENTLY_ABSENT"
"j-f992ade8b65c","PASS","","","","","","NONE","UNKNOWN","HISTORICALLY_PRESENT_CURRENTLY_ABSENT"
"j-f9a77bbfb897","PASS","52","","","","","NONE","UNKNOWN","HISTORICALLY_PRESENT_CURRENTLY_ABSENT"
"j-fa1b01ce6e2d","CONSIDER","64","","","","","NONE","UNKNOWN","HISTORICALLY_PRESENT_CURRENTLY_ABSENT"
"j-fa2424c5be66","CONSIDER","60","","","","","NONE","UNKNOWN","HISTORICALLY_PRESENT_CURRENTLY_ABSENT"
"j-fa2b06337d58","PASS","","","","","","NONE","UNKNOWN","HISTORICALLY_PRESENT_CURRENTLY_ABSENT"
"j-fa9a064fb83f","PURSUE","66","","","","","NONE","UNKNOWN","HISTORICALLY_PRESENT_CURRENTLY_ABSENT"
"j-fadd62243030","CONSIDER","61","","","","","NONE","UNKNOWN","HISTORICALLY_PRESENT_CURRENTLY_ABSENT"
"j-fb05633e8088","PASS","40","","","","","NONE","UNKNOWN","HISTORICALLY_PRESENT_CURRENTLY_ABSENT"
"j-fb14e3eb1ae4","CONSIDER","60","","","","","NONE","UNKNOWN","HISTORICALLY_PRESENT_CURRENTLY_ABSENT"
"j-fb57aff2dc10","PASS","","","","","","NONE","UNKNOWN","HISTORICALLY_PRESENT_CURRENTLY_ABSENT"
"j-fb893f35c04a","CONSIDER","65","","","","","NONE","UNKNOWN","HISTORICALLY_PRESENT_CURRENTLY_ABSENT"
"j-fc3a2c6c9a76","PASS","46","","","","","NONE","UNKNOWN","HISTORICALLY_PRESENT_CURRENTLY_ABSENT"
"j-fc6517f216fb","PASS","43","","","","","NONE","UNKNOWN","HISTORICALLY_PRESENT_CURRENTLY_ABSENT"
"j-fc8d21bb040e","CONSIDER","60","","","","","NONE","UNKNOWN","HISTORICALLY_PRESENT_CURRENTLY_ABSENT"
"j-fd09a5e8a65a","CONSIDER","59","","","","","NONE","UNKNOWN","HISTORICALLY_PRESENT_CURRENTLY_ABSENT"
"j-fd4f78e6331a","PURSUE","81","","","","","NONE","UNKNOWN","HISTORICALLY_PRESENT_CURRENTLY_ABSENT"
"j-fdd2f097dae0","PASS","","","","","","NONE","UNKNOWN","HISTORICALLY_PRESENT_CURRENTLY_ABSENT"
"j-fdfab11f36f2","PASS","","","","","","NONE","UNKNOWN","HISTORICALLY_PRESENT_CURRENTLY_ABSENT"
"j-fe11de9ee61c","PASS","48","","","","","NONE","UNKNOWN","HISTORICALLY_PRESENT_CURRENTLY_ABSENT"
"j-fe270fe37076","PURSUE","67","","","","","NONE","UNKNOWN","HISTORICALLY_PRESENT_CURRENTLY_ABSENT"
"j-fe4c84983346","PASS","","","","","","NONE","UNKNOWN","HISTORICALLY_PRESENT_CURRENTLY_ABSENT"
"j-fe75c532a32c","PASS","","","","","","NONE","UNKNOWN","HISTORICALLY_PRESENT_CURRENTLY_ABSENT"
"j-fe9a71708407","PASS","","","","","","NONE","UNKNOWN","HISTORICALLY_PRESENT_CURRENTLY_ABSENT"
"j-fea12e2aca2e","PASS","","","","","","NONE","UNKNOWN","HISTORICALLY_PRESENT_CURRENTLY_ABSENT"
"j-fea5c0ff53d1","CONSIDER","61","","","","","NONE","UNKNOWN","HISTORICALLY_PRESENT_CURRENTLY_ABSENT"
"j-fea868e5b174","CONSIDER","63","","","","","NONE","UNKNOWN","HISTORICALLY_PRESENT_CURRENTLY_ABSENT"
"j-feb40bec044a","PASS","41","","","","","NONE","UNKNOWN","HISTORICALLY_PRESENT_CURRENTLY_ABSENT"
"j-fec327813c54","PASS","","","","","","NONE","UNKNOWN","HISTORICALLY_PRESENT_CURRENTLY_ABSENT"
"j-fec7f24a63cd","CONSIDER","59","","","","","NONE","UNKNOWN","HISTORICALLY_PRESENT_CURRENTLY_ABSENT"
"j-fec954ac04ca","PASS","","","","","","NONE","UNKNOWN","HISTORICALLY_PRESENT_CURRENTLY_ABSENT"
"j-fecd30797f77","PASS","37","","","","","NONE","UNKNOWN","HISTORICALLY_PRESENT_CURRENTLY_ABSENT"
"j-ff19a42b7a83","PASS","","","","","","NONE","UNKNOWN","HISTORICALLY_PRESENT_CURRENTLY_ABSENT"
"j-ff23fb19468a","CONSIDER","75","","","","","NONE","UNKNOWN","HISTORICALLY_PRESENT_CURRENTLY_ABSENT"
"j-ff2f56f34d52","PASS","","","","","","NONE","UNKNOWN","HISTORICALLY_PRESENT_CURRENTLY_ABSENT"
"j-ff7dc0c9a51a","PURSUE","66","","","","","NONE","UNKNOWN","HISTORICALLY_PRESENT_CURRENTLY_ABSENT"
"j-ff9c0ad3845a","PURSUE","73","","","","","NONE","UNKNOWN","HISTORICALLY_PRESENT_CURRENTLY_ABSENT"
"j-ff9ce99c8db9","PASS","","","","","","NONE","UNKNOWN","HISTORICALLY_PRESENT_CURRENTLY_ABSENT"
"j-ffc0646bc120","PASS","50","","","","","NONE","UNKNOWN","HISTORICALLY_PRESENT_CURRENTLY_ABSENT"
"j-ffc17191dbad","PASS","","","","","","NONE","UNKNOWN","HISTORICALLY_PRESENT_CURRENTLY_ABSENT"
"j-fff91eda5850","PASS","34","","","","","NONE","UNKNOWN","HISTORICALLY_PRESENT_CURRENTLY_ABSENT"
"linkedin:0166b0e6e94620de","SPARSE_SPEC","","","","","","NONE","UNKNOWN","HISTORICALLY_PRESENT_CURRENTLY_ABSENT"
"linkedin:116e2131d1e74abb","SPARSE_SPEC","0","","","","","NONE","UNKNOWN","HISTORICALLY_PRESENT_CURRENTLY_ABSENT"
"linkedin:16530b47df85c3ff","SPARSE_SPEC","","","","","","NONE","UNKNOWN","HISTORICALLY_PRESENT_CURRENTLY_ABSENT"
"linkedin:216d9f0a577df3d4","SPARSE_SPEC","0","","","","","NONE","UNKNOWN","HISTORICALLY_PRESENT_CURRENTLY_ABSENT"
"linkedin:25e1805f62e6207b","SPARSE_SPEC","0","","","","","NONE","UNKNOWN","HISTORICALLY_PRESENT_CURRENTLY_ABSENT"
"linkedin:27781f855346f522","SPARSE_SPEC","0","","","","","NONE","UNKNOWN","HISTORICALLY_PRESENT_CURRENTLY_ABSENT"
"linkedin:3b25c85b66cf885e","SPARSE_SPEC","","","","","","NONE","UNKNOWN","HISTORICALLY_PRESENT_CURRENTLY_ABSENT"
"linkedin:4b7e3fc4520af657","SPARSE_SPEC","","","","","","NONE","UNKNOWN","HISTORICALLY_PRESENT_CURRENTLY_ABSENT"
"linkedin:4c3691845badfd8c","SPARSE_SPEC","0","","","","","NONE","UNKNOWN","HISTORICALLY_PRESENT_CURRENTLY_ABSENT"
"linkedin:51ca11d05d393816","SPARSE_SPEC","","","","","","NONE","UNKNOWN","HISTORICALLY_PRESENT_CURRENTLY_ABSENT"
"linkedin:58da385c8d876681","SPARSE_SPEC","","","","","","NONE","UNKNOWN","HISTORICALLY_PRESENT_CURRENTLY_ABSENT"
"linkedin:5af02a3176988dd6","SPARSE_SPEC","0","","","","","NONE","UNKNOWN","HISTORICALLY_PRESENT_CURRENTLY_ABSENT"
"linkedin:65644de2160490c5","SPARSE_SPEC","","","","","","NONE","UNKNOWN","HISTORICALLY_PRESENT_CURRENTLY_ABSENT"
"linkedin:66b7f5ce54a99d1d","SPARSE_SPEC","0","","","","","NONE","UNKNOWN","HISTORICALLY_PRESENT_CURRENTLY_ABSENT"
"linkedin:697a2430c98956ba","SPARSE_SPEC","0","","","","","NONE","UNKNOWN","HISTORICALLY_PRESENT_CURRENTLY_ABSENT"
"linkedin:7d924f0f514826d2","SPARSE_SPEC","0","","","","","NONE","UNKNOWN","HISTORICALLY_PRESENT_CURRENTLY_ABSENT"
"linkedin:88106507975ee8d9","SPARSE_SPEC","","","","","","NONE","UNKNOWN","HISTORICALLY_PRESENT_CURRENTLY_ABSENT"
"linkedin:88c14eba99becb91","SPARSE_SPEC","","","","","","NONE","UNKNOWN","HISTORICALLY_PRESENT_CURRENTLY_ABSENT"
"linkedin:8f9e1bd1168b98c2","SPARSE_SPEC","0","","","","","NONE","UNKNOWN","HISTORICALLY_PRESENT_CURRENTLY_ABSENT"
"linkedin:943d16e326d87e61","SPARSE_SPEC","0","","","","","NONE","UNKNOWN","HISTORICALLY_PRESENT_CURRENTLY_ABSENT"
"linkedin:95652bbbe4203ca7","SPARSE_SPEC","","","","","","NONE","UNKNOWN","HISTORICALLY_PRESENT_CURRENTLY_ABSENT"
"linkedin:a33a4fffddf622d4","SPARSE_SPEC","0","","","","","NONE","UNKNOWN","HISTORICALLY_PRESENT_CURRENTLY_ABSENT"
"linkedin:a592ad1a026bfc74","SPARSE_SPEC","0","","","","","NONE","UNKNOWN","HISTORICALLY_PRESENT_CURRENTLY_ABSENT"
"linkedin:ad86cd7558996823","SPARSE_SPEC","0","","","","","NONE","UNKNOWN","HISTORICALLY_PRESENT_CURRENTLY_ABSENT"
"linkedin:c360ea474216d01d","SPARSE_SPEC","0","","","","","NONE","UNKNOWN","HISTORICALLY_PRESENT_CURRENTLY_ABSENT"
"linkedin:ca0a34b779869a8a","SPARSE_SPEC","0","","","","","NONE","UNKNOWN","HISTORICALLY_PRESENT_CURRENTLY_ABSENT"
"linkedin:cbc6ac625ada0f36","SPARSE_SPEC","0","","7175edc4077c568762d7c5ea418c83bae95bc29ae568e0733dc62a5bc917f29b","dd8d1bc4f2f9c2567e873dd5fb10fce8e2e673d6a89de64c32f13daddf87a09e","","LEVEL 1: Exact Native Source ID","PROVEN","SURVIVED_CANONICAL"
"linkedin:de8186e5cf31d9da","SPARSE_SPEC","0","","","","","NONE","UNKNOWN","HISTORICALLY_PRESENT_CURRENTLY_ABSENT"
"linkedin:f5bd39c4edcd68f4","SPARSE_SPEC","0","","","","","NONE","UNKNOWN","HISTORICALLY_PRESENT_CURRENTLY_ABSENT"
"linkedin:f8e48b20467cbde5","SPARSE_SPEC","0","","","","","NONE","UNKNOWN","HISTORICALLY_PRESENT_CURRENTLY_ABSENT"
"naukri:005dff7fce8c1279","SPARSE_SPEC","","","","","","NONE","UNKNOWN","HISTORICALLY_PRESENT_CURRENTLY_ABSENT"
"naukri:0117fb9bd843a9db","SPARSE_SPEC","","","5e3848da62d95fa8ddcad192bfae6f7b68d2b4622dcae1683716229ff534d6c1","09d2115a40d258bda1a0a8f11c5d3349a35ae0a169bb60f120edcb83c5d18eef","","LEVEL 1: Exact Native Source ID","PROVEN","SURVIVED_CANONICAL"
"naukri:0158ad302863b3e4","SPARSE_SPEC","0","","","","","NONE","UNKNOWN","HISTORICALLY_PRESENT_CURRENTLY_ABSENT"
"naukri:01d88441522001d4","SPARSE_SPEC","0","","","","","NONE","UNKNOWN","HISTORICALLY_PRESENT_CURRENTLY_ABSENT"
"naukri:0240c1dc982e5ec2","SPARSE_SPEC","0","","336372f64a57162294b13fedd3d2f5cfc6186bb6d3ceaaefbba9a806ab58625f","850b06d7c7d530b36f39a6aafb0d9610a50821ab998693e0dc47f633441b9ee3","","LEVEL 1: Exact Native Source ID","PROVEN","SURVIVED_CANONICAL"
"naukri:02e8217bf6a8d438","SPARSE_SPEC","0","","","","","NONE","UNKNOWN","HISTORICALLY_PRESENT_CURRENTLY_ABSENT"
"naukri:03dabd1c1e71502d","SPARSE_SPEC","0","","","","","NONE","UNKNOWN","HISTORICALLY_PRESENT_CURRENTLY_ABSENT"
"naukri:044aecf7ac9a148c","SPARSE_SPEC","","","","","","NONE","UNKNOWN","HISTORICALLY_PRESENT_CURRENTLY_ABSENT"
"naukri:045201489e8cab27","SPARSE_SPEC","0","","","","","NONE","UNKNOWN","HISTORICALLY_PRESENT_CURRENTLY_ABSENT"
"naukri:04610cefff19793a","SPARSE_SPEC","0","","","","","NONE","UNKNOWN","HISTORICALLY_PRESENT_CURRENTLY_ABSENT"
"naukri:04f11232c370046b","SPARSE_SPEC","0","","","","","NONE","UNKNOWN","HISTORICALLY_PRESENT_CURRENTLY_ABSENT"
"naukri:0574682c9f9f5004","SPARSE_SPEC","0","","ab84c285aa3c17d22e683bd9c66687e7ac26e3de5d01b20c4319f930d7d600a1","6eb629e6656b00dbbb965fbe43ed6297887fde3b3a68f236aecbcaad9186f6d1","","LEVEL 1: Exact Native Source ID","PROVEN","SURVIVED_CANONICAL"
"naukri:059a7ede231340d2","SPARSE_SPEC","","","0b060f5eda46f6b56ca24bd8b9726b01c751fcad92d0fc5ff937b426093b37d9","586682836303ca649ccb085410dbe759560cdcc8570dca8b83273295dd048582","","LEVEL 1: Exact Native Source ID","PROVEN","SURVIVED_CANONICAL"
"naukri:07b9c202ccb8ac72","SPARSE_SPEC","0","","","","","NONE","UNKNOWN","HISTORICALLY_PRESENT_CURRENTLY_ABSENT"
"naukri:0911fee274b9139f","SPARSE_SPEC","0","","","","","NONE","UNKNOWN","HISTORICALLY_PRESENT_CURRENTLY_ABSENT"
"naukri:0996785dac225db2","SPARSE_SPEC","","","","","","NONE","UNKNOWN","HISTORICALLY_PRESENT_CURRENTLY_ABSENT"
"naukri:09a297da9ffd0b7d","SPARSE_SPEC","0","","","","","NONE","UNKNOWN","HISTORICALLY_PRESENT_CURRENTLY_ABSENT"
"naukri:09cfdf77a23ed363","SPARSE_SPEC","0","","","","","NONE","UNKNOWN","HISTORICALLY_PRESENT_CURRENTLY_ABSENT"
"naukri:09ec492af9b5709f","SPARSE_SPEC","0","","","","","NONE","UNKNOWN","HISTORICALLY_PRESENT_CURRENTLY_ABSENT"
"naukri:0a7c3ff2015b4312","SPARSE_SPEC","0","","","","","NONE","UNKNOWN","HISTORICALLY_PRESENT_CURRENTLY_ABSENT"
"naukri:0aaa41beea867ab0","SPARSE_SPEC","0","","","","","NONE","UNKNOWN","HISTORICALLY_PRESENT_CURRENTLY_ABSENT"
"naukri:0b07b546416c28f9","SPARSE_SPEC","0","","","","","NONE","UNKNOWN","HISTORICALLY_PRESENT_CURRENTLY_ABSENT"
"naukri:0cc89ace7a52e4f7","SPARSE_SPEC","0","","","","","NONE","UNKNOWN","HISTORICALLY_PRESENT_CURRENTLY_ABSENT"
"naukri:0eeef2b70ca67339","SPARSE_SPEC","0","","","","","NONE","UNKNOWN","HISTORICALLY_PRESENT_CURRENTLY_ABSENT"
"naukri:0f271f7cf136d35f","SPARSE_SPEC","0","","","","","NONE","UNKNOWN","HISTORICALLY_PRESENT_CURRENTLY_ABSENT"
"naukri:0f8db86443f1d87f","SPARSE_SPEC","0","","","","","NONE","UNKNOWN","HISTORICALLY_PRESENT_CURRENTLY_ABSENT"
"naukri:106550d53d95b9fb","SPARSE_SPEC","0","","","","","NONE","UNKNOWN","HISTORICALLY_PRESENT_CURRENTLY_ABSENT"
"naukri:10f6d09bc12c7e30","SPARSE_SPEC","0","","","","","NONE","UNKNOWN","HISTORICALLY_PRESENT_CURRENTLY_ABSENT"
"naukri:10fbe544e4d75183","SPARSE_SPEC","0","","4cf8f9412a499b665655bd9808615073d2deaa8e7ebfa64b8d0b56074ab04994","c5a31dc97a0463016532d90a3e4ff9d8f6390a060d239cb5a6bc077c0289b644","","LEVEL 1: Exact Native Source ID","PROVEN","SURVIVED_CANONICAL"
"naukri:127f77b9cc016326","SPARSE_SPEC","0","","","","","NONE","UNKNOWN","HISTORICALLY_PRESENT_CURRENTLY_ABSENT"
"naukri:131638fbc8c57250","SPARSE_SPEC","0","","","","","NONE","UNKNOWN","HISTORICALLY_PRESENT_CURRENTLY_ABSENT"
"naukri:13202d97ddb3394d","SPARSE_SPEC","0","","","","","NONE","UNKNOWN","HISTORICALLY_PRESENT_CURRENTLY_ABSENT"
"naukri:140e05d49e764419","SPARSE_SPEC","0","","","","","NONE","UNKNOWN","HISTORICALLY_PRESENT_CURRENTLY_ABSENT"
"naukri:1473684a0844589f","SPARSE_SPEC","0","","","","","NONE","UNKNOWN","HISTORICALLY_PRESENT_CURRENTLY_ABSENT"
"naukri:1473912ebc1f14f9","SPARSE_SPEC","0","","","","","NONE","UNKNOWN","HISTORICALLY_PRESENT_CURRENTLY_ABSENT"
"naukri:15298e195b5ad5af","SPARSE_SPEC","0","","","","","NONE","UNKNOWN","HISTORICALLY_PRESENT_CURRENTLY_ABSENT"
"naukri:1539396db3d5065a","SPARSE_SPEC","0","","","","","NONE","UNKNOWN","HISTORICALLY_PRESENT_CURRENTLY_ABSENT"
"naukri:162876fab48d2d3f","SPARSE_SPEC","0","","","","","NONE","UNKNOWN","HISTORICALLY_PRESENT_CURRENTLY_ABSENT"
"naukri:162d278530ff4303","SPARSE_SPEC","0","","49eb84dd5d099d115a715e7669834e2eae66d13d13b273a6d91fec720373757a","04f2cedddaefcb1d524fbcc98d3d0c35bab830f808450407d910a5bb723b299c","","LEVEL 1: Exact Native Source ID","PROVEN","SURVIVED_CANONICAL"
"naukri:16380e2fcebcb7ea","SPARSE_SPEC","0","","","","","NONE","UNKNOWN","HISTORICALLY_PRESENT_CURRENTLY_ABSENT"
"naukri:16918950245e8283","SPARSE_SPEC","0","","","","","NONE","UNKNOWN","HISTORICALLY_PRESENT_CURRENTLY_ABSENT"
"naukri:16b0b58369237529","SPARSE_SPEC","0","","","","","NONE","UNKNOWN","HISTORICALLY_PRESENT_CURRENTLY_ABSENT"
"naukri:180c0088e092acdd","SPARSE_SPEC","0","","","","","NONE","UNKNOWN","HISTORICALLY_PRESENT_CURRENTLY_ABSENT"
"naukri:1864cea88506f122","SPARSE_SPEC","0","","","","","NONE","UNKNOWN","HISTORICALLY_PRESENT_CURRENTLY_ABSENT"
"naukri:188a8dc306bbcf3f","SPARSE_SPEC","0","","","","","NONE","UNKNOWN","HISTORICALLY_PRESENT_CURRENTLY_ABSENT"
"naukri:18a488e79d33710d","SPARSE_SPEC","0","","","","","NONE","UNKNOWN","HISTORICALLY_PRESENT_CURRENTLY_ABSENT"
"naukri:18c1cd85c01147dc","SPARSE_SPEC","","","","","","NONE","UNKNOWN","HISTORICALLY_PRESENT_CURRENTLY_ABSENT"
"naukri:1a32ba0719d40d23","SPARSE_SPEC","0","","","","","NONE","UNKNOWN","HISTORICALLY_PRESENT_CURRENTLY_ABSENT"
"naukri:1ac5827a96fd2231","SPARSE_SPEC","0","","","","","NONE","UNKNOWN","HISTORICALLY_PRESENT_CURRENTLY_ABSENT"
"naukri:1c0400229c426a2a","SPARSE_SPEC","0","","","","","NONE","UNKNOWN","HISTORICALLY_PRESENT_CURRENTLY_ABSENT"
"naukri:1d53c6e4ffb337f7","SPARSE_SPEC","0","","","","","NONE","UNKNOWN","HISTORICALLY_PRESENT_CURRENTLY_ABSENT"
"naukri:1dcea4cc37ae3dd6","SPARSE_SPEC","","","","","","NONE","UNKNOWN","HISTORICALLY_PRESENT_CURRENTLY_ABSENT"
"naukri:1e8ff0457608d8e6","SPARSE_SPEC","0","","","","","NONE","UNKNOWN","HISTORICALLY_PRESENT_CURRENTLY_ABSENT"
"naukri:1eb7e44453cad48b","SPARSE_SPEC","0","","","","","NONE","UNKNOWN","HISTORICALLY_PRESENT_CURRENTLY_ABSENT"
"naukri:1ec5e6935eb947b0","SPARSE_SPEC","0","","","","","NONE","UNKNOWN","HISTORICALLY_PRESENT_CURRENTLY_ABSENT"
"naukri:1fea00edaaf8d64e","SPARSE_SPEC","0","","","","","NONE","UNKNOWN","HISTORICALLY_PRESENT_CURRENTLY_ABSENT"
"naukri:2006041db2d6ccfc","SPARSE_SPEC","0","","","","","NONE","UNKNOWN","HISTORICALLY_PRESENT_CURRENTLY_ABSENT"
"naukri:2076c14499bb4097","SPARSE_SPEC","0","","4a388ccc586da69dbf19f3dee256766062f22196d2ca78c075491f3737fbcce3","dc1c990b4e024ab61f83ab077c7c7129e29955d484ef26277a9a95e8f9ec480f","","LEVEL 1: Exact Native Source ID","PROVEN","SURVIVED_CANONICAL"
"naukri:20ea6477db0f7ab0","SPARSE_SPEC","0","","","","","NONE","UNKNOWN","HISTORICALLY_PRESENT_CURRENTLY_ABSENT"
"naukri:219ad80e49f30d41","SPARSE_SPEC","0","","","","","NONE","UNKNOWN","HISTORICALLY_PRESENT_CURRENTLY_ABSENT"
"naukri:22459e45ebba351a","SPARSE_SPEC","0","","","","","NONE","UNKNOWN","HISTORICALLY_PRESENT_CURRENTLY_ABSENT"
"naukri:2284048906f7e713","SPARSE_SPEC","0","","","","","NONE","UNKNOWN","HISTORICALLY_PRESENT_CURRENTLY_ABSENT"
"naukri:22acf132e3d0b845","SPARSE_SPEC","0","","","","","NONE","UNKNOWN","HISTORICALLY_PRESENT_CURRENTLY_ABSENT"
"naukri:22c17ebec3d3f0e0","SPARSE_SPEC","0","","48ea80884e2cfd4cc640b93cac01ff1d9cb2fef94c5b0b1a04181d7bff98eeab","f6b0eeaca6f6c0aa2ea19a00c5662bc2562c8c92aa835c37bbcbfe38974f8d76","","LEVEL 1: Exact Native Source ID","PROVEN","SURVIVED_CANONICAL"
"naukri:22f0b888cad652b2","SPARSE_SPEC","0","","","","","NONE","UNKNOWN","HISTORICALLY_PRESENT_CURRENTLY_ABSENT"
"naukri:2323428984bce3bb","SPARSE_SPEC","0","","985ad727aa7edc8fc1f59f3824d86bea0f23eaf28318cc7284d1cd77da2403a8","9e1d0a46160b4429c9080881133e372546e5fa61eb5e13929ac6a5020c0393e8","","LEVEL 1: Exact Native Source ID","PROVEN","SURVIVED_CANONICAL"
"naukri:23ef1ff272189761","SPARSE_SPEC","","","","","","NONE","UNKNOWN","HISTORICALLY_PRESENT_CURRENTLY_ABSENT"
"naukri:249b88e688a192a4","SPARSE_SPEC","0","","c302baae79b38c3cee4e14f20cbbb38e7af946e95eed87aea2c87285a3facda6","920446bed56db6ee41037a62424c879736fe9af2c93c3261c1060df580a8b17f","","LEVEL 1: Exact Native Source ID","PROVEN","SURVIVED_CANONICAL"
"naukri:24abc60f6f86a410","SPARSE_SPEC","0","","","","","NONE","UNKNOWN","HISTORICALLY_PRESENT_CURRENTLY_ABSENT"
"naukri:24e93d39a564b397","SPARSE_SPEC","0","","","","","NONE","UNKNOWN","HISTORICALLY_PRESENT_CURRENTLY_ABSENT"
"naukri:2507adde0ef0c925","SPARSE_SPEC","0","","4d279cf4960409281731cb0720d519d9f885f819f6a3708358c76e430c52ac19","daa7d0234b039d8b763c3498ed28294ddb7d840ae014683befd6073837e6e4c3","","LEVEL 1: Exact Native Source ID","PROVEN","SURVIVED_CANONICAL"
"naukri:2551c2fbdfd63020","SPARSE_SPEC","0","","905a6226176b86a85156d6a429bfda594fa39f6ec3c3630766dc3cab9b2bcf5e","dffcec913384ddc5ca0b71e32a2e530dc02845a7f8b7e638132f7d3c05a841bb","","LEVEL 1: Exact Native Source ID","PROVEN","SURVIVED_CANONICAL"
"naukri:2628928d7405775c","SPARSE_SPEC","0","","","","","NONE","UNKNOWN","HISTORICALLY_PRESENT_CURRENTLY_ABSENT"
"naukri:2691ad3ce7919670","SPARSE_SPEC","0","","","","","NONE","UNKNOWN","HISTORICALLY_PRESENT_CURRENTLY_ABSENT"
"naukri:271c7be3cfcf41ac","SPARSE_SPEC","0","","","","","NONE","UNKNOWN","HISTORICALLY_PRESENT_CURRENTLY_ABSENT"
"naukri:27f3e342b1eb044c","SPARSE_SPEC","0","","","","","NONE","UNKNOWN","HISTORICALLY_PRESENT_CURRENTLY_ABSENT"
"naukri:2847e7c28b938fed","SPARSE_SPEC","","","","","","NONE","UNKNOWN","HISTORICALLY_PRESENT_CURRENTLY_ABSENT"
"naukri:28f188f1cf56956a","SPARSE_SPEC","0","","","","","NONE","UNKNOWN","HISTORICALLY_PRESENT_CURRENTLY_ABSENT"
"naukri:2a086dbd049bc470","SPARSE_SPEC","0","","","","","NONE","UNKNOWN","HISTORICALLY_PRESENT_CURRENTLY_ABSENT"
"naukri:2b57270b2d79d59d","SPARSE_SPEC","0","","","","","NONE","UNKNOWN","HISTORICALLY_PRESENT_CURRENTLY_ABSENT"
"naukri:2bca4405a6a19eb8","SPARSE_SPEC","0","","","","","NONE","UNKNOWN","HISTORICALLY_PRESENT_CURRENTLY_ABSENT"
"naukri:2bd1d1662c2b6eb6","SPARSE_SPEC","0","","","","","NONE","UNKNOWN","HISTORICALLY_PRESENT_CURRENTLY_ABSENT"
"naukri:2d8c5cf42ea800c5","SPARSE_SPEC","0","","","","","NONE","UNKNOWN","HISTORICALLY_PRESENT_CURRENTLY_ABSENT"
"naukri:2e8123eb7ea06325","SPARSE_SPEC","0","","","","","NONE","UNKNOWN","HISTORICALLY_PRESENT_CURRENTLY_ABSENT"
"naukri:2f2cd25e95a1c368","SPARSE_SPEC","0","","9cbd69627145505f6beb3aeef827dae253b12c3b90feae20ad0f928636327214","1d0ff32668a579cb23b97d98812a8c475b5d911e21b2fa9564f851d7d6c8c32a","","LEVEL 1: Exact Native Source ID","PROVEN","SURVIVED_CANONICAL"
"naukri:301610c0fd378b86","SPARSE_SPEC","0","","","","","NONE","UNKNOWN","HISTORICALLY_PRESENT_CURRENTLY_ABSENT"
"naukri:30296719312a695b","SPARSE_SPEC","0","","","","","NONE","UNKNOWN","HISTORICALLY_PRESENT_CURRENTLY_ABSENT"
"naukri:306bf758efd55497","SPARSE_SPEC","0","","","","","NONE","UNKNOWN","HISTORICALLY_PRESENT_CURRENTLY_ABSENT"
"naukri:306f1bf7bc1f8803","SPARSE_SPEC","0","","b254c3f08c7b848908b50f87b01ac64a0c34b7e2ecce710ba8c302f682a93dc6","b7277c69bf47e54e1df79f3d6ef570f6528e0ddb2721f8dcff3102bbf0034397","","LEVEL 1: Exact Native Source ID","PROVEN","SURVIVED_CANONICAL"
"naukri:312abadafe79e59d","SPARSE_SPEC","0","","","","","NONE","UNKNOWN","HISTORICALLY_PRESENT_CURRENTLY_ABSENT"
"naukri:316f5e45a14c8b31","SPARSE_SPEC","0","","","","","NONE","UNKNOWN","HISTORICALLY_PRESENT_CURRENTLY_ABSENT"
"naukri:318ea0b44746bad7","SPARSE_SPEC","0","","","","","NONE","UNKNOWN","HISTORICALLY_PRESENT_CURRENTLY_ABSENT"
"naukri:31cb4b25a4be6ab4","SPARSE_SPEC","0","","","","","NONE","UNKNOWN","HISTORICALLY_PRESENT_CURRENTLY_ABSENT"
"naukri:33416013f42a90dc","SPARSE_SPEC","0","","","","","NONE","UNKNOWN","HISTORICALLY_PRESENT_CURRENTLY_ABSENT"
"naukri:33a0b6e0458c02ca","SPARSE_SPEC","0","","","","","NONE","UNKNOWN","HISTORICALLY_PRESENT_CURRENTLY_ABSENT"
"naukri:33c613d8c46a226f","SPARSE_SPEC","0","","","","","NONE","UNKNOWN","HISTORICALLY_PRESENT_CURRENTLY_ABSENT"
"naukri:33dd254833d5654e","SPARSE_SPEC","0","","","","","NONE","UNKNOWN","HISTORICALLY_PRESENT_CURRENTLY_ABSENT"
"naukri:33df82c3ae0a57d8","SPARSE_SPEC","0","","","","","NONE","UNKNOWN","HISTORICALLY_PRESENT_CURRENTLY_ABSENT"
"naukri:345ab7a4dba7d261","SPARSE_SPEC","0","","","","","NONE","UNKNOWN","HISTORICALLY_PRESENT_CURRENTLY_ABSENT"
"naukri:3475728e06497e18","SPARSE_SPEC","0","","","","","NONE","UNKNOWN","HISTORICALLY_PRESENT_CURRENTLY_ABSENT"
"naukri:34991a3285e86efc","SPARSE_SPEC","0","","","","","NONE","UNKNOWN","HISTORICALLY_PRESENT_CURRENTLY_ABSENT"
"naukri:360a51f8e2173bd1","SPARSE_SPEC","0","","","","","NONE","UNKNOWN","HISTORICALLY_PRESENT_CURRENTLY_ABSENT"
"naukri:36745ff5f6158a8c","SPARSE_SPEC","0","","","","","NONE","UNKNOWN","HISTORICALLY_PRESENT_CURRENTLY_ABSENT"
"naukri:373cfa17bac34bfd","SPARSE_SPEC","0","","","","","NONE","UNKNOWN","HISTORICALLY_PRESENT_CURRENTLY_ABSENT"
"naukri:37ce5db7ef5547d0","SPARSE_SPEC","0","","","","","NONE","UNKNOWN","HISTORICALLY_PRESENT_CURRENTLY_ABSENT"
"naukri:383b780f45c60036","SPARSE_SPEC","0","","","","","NONE","UNKNOWN","HISTORICALLY_PRESENT_CURRENTLY_ABSENT"
"naukri:385cc6ac23392398","SPARSE_SPEC","0","","","","","NONE","UNKNOWN","HISTORICALLY_PRESENT_CURRENTLY_ABSENT"
"naukri:39fd8768623fa1d6","SPARSE_SPEC","","","0745b6c2003c873ef535a07f44e55d97c05c358b93e35ba89e2a19178084d910","a1380681359e2e6618b113fd6293c39a1da8378719d7606dd5bae1fc1ef44e0d","","LEVEL 1: Exact Native Source ID","PROVEN","SURVIVED_CANONICAL"
"naukri:3c517287cc65ff2e","SPARSE_SPEC","0","","","","","NONE","UNKNOWN","HISTORICALLY_PRESENT_CURRENTLY_ABSENT"
"naukri:3d21dca7353b923e","SPARSE_SPEC","0","","","","","NONE","UNKNOWN","HISTORICALLY_PRESENT_CURRENTLY_ABSENT"
"naukri:3e158069a02fb3ab","SPARSE_SPEC","0","","","","","NONE","UNKNOWN","HISTORICALLY_PRESENT_CURRENTLY_ABSENT"
"naukri:3e8341c83634efd8","SPARSE_SPEC","0","","","","","NONE","UNKNOWN","HISTORICALLY_PRESENT_CURRENTLY_ABSENT"
"naukri:3e972f3841bb600a","SPARSE_SPEC","0","","ef915f223c22c3fd0468570a00795865ab385eab218b0949a08fedc98b3ebd02","07e803fb32f51dab6ceea6cc562987ff0a9f9bf6b3a3f82071ea22197853fc40","","LEVEL 1: Exact Native Source ID","PROVEN","SURVIVED_CANONICAL"
"naukri:3ed73dddd404b9db","SPARSE_SPEC","0","","","","","NONE","UNKNOWN","HISTORICALLY_PRESENT_CURRENTLY_ABSENT"
"naukri:3ef3a93bc72af7ab","SPARSE_SPEC","0","","","","","NONE","UNKNOWN","HISTORICALLY_PRESENT_CURRENTLY_ABSENT"
"naukri:3fdda04d5e678102","SPARSE_SPEC","0","","","","","NONE","UNKNOWN","HISTORICALLY_PRESENT_CURRENTLY_ABSENT"
"naukri:40bb403739715585","SPARSE_SPEC","0","","","","","NONE","UNKNOWN","HISTORICALLY_PRESENT_CURRENTLY_ABSENT"
"naukri:413bcd0fc16143e8","SPARSE_SPEC","","","","","","NONE","UNKNOWN","HISTORICALLY_PRESENT_CURRENTLY_ABSENT"
"naukri:418bccbd8b681380","SPARSE_SPEC","0","","902e6dde0eae1895a4a54071ed7e1f3bf4f1ce48cf507ad5e3ea3a240278d738","47b7c4aeceda7d1aa4e87da004cf18d90be166777832d1aaf0b2226929589dd2","","LEVEL 1: Exact Native Source ID","PROVEN","SURVIVED_CANONICAL"
"naukri:42533960fc8d5586","SPARSE_SPEC","0","","","","","NONE","UNKNOWN","HISTORICALLY_PRESENT_CURRENTLY_ABSENT"
"naukri:42a9313cb2caca86","SPARSE_SPEC","0","","","","","NONE","UNKNOWN","HISTORICALLY_PRESENT_CURRENTLY_ABSENT"
"naukri:42c1c3767d8bfcbf","SPARSE_SPEC","0","","","","","NONE","UNKNOWN","HISTORICALLY_PRESENT_CURRENTLY_ABSENT"
"naukri:42cd4aa44902f23a","SPARSE_SPEC","0","","04017b01298a39bae48c6d8cad462e17f42d34d955631ce4768d16b9bf545f02","8d10ef7f34bbe45922cb5e9170f09a5c3d411eaab54cdb7a1c184dbccb9d0837","","LEVEL 1: Exact Native Source ID","PROVEN","SURVIVED_CANONICAL"
"naukri:431b885e41e8b6af","SPARSE_SPEC","0","","","","","NONE","UNKNOWN","HISTORICALLY_PRESENT_CURRENTLY_ABSENT"
"naukri:435e5a07bc8dce8f","SPARSE_SPEC","0","","","","","NONE","UNKNOWN","HISTORICALLY_PRESENT_CURRENTLY_ABSENT"
"naukri:438bec8cdd80b1ed","SPARSE_SPEC","0","","","","","NONE","UNKNOWN","HISTORICALLY_PRESENT_CURRENTLY_ABSENT"
"naukri:440c6e4432cfa7bf","SPARSE_SPEC","0","","","","","NONE","UNKNOWN","HISTORICALLY_PRESENT_CURRENTLY_ABSENT"
"naukri:4491f52fbb0eb67c","SPARSE_SPEC","0","","","","","NONE","UNKNOWN","HISTORICALLY_PRESENT_CURRENTLY_ABSENT"
"naukri:44cb18f9c7d1ccd1","SPARSE_SPEC","0","","e05df6bcbdd26821e8940179ed5fd7432e3828b184e9d1d02f9d60f8b683791e","2364a373f5e60adc6dca46509ba95c595c407105d47643cb30b940e8c0fb870d","","LEVEL 1: Exact Native Source ID","PROVEN","SURVIVED_CANONICAL"
"naukri:4541cc08f8676d5b","SPARSE_SPEC","0","","","","","NONE","UNKNOWN","HISTORICALLY_PRESENT_CURRENTLY_ABSENT"
"naukri:45474228162a5998","SPARSE_SPEC","0","","","","","NONE","UNKNOWN","HISTORICALLY_PRESENT_CURRENTLY_ABSENT"
"naukri:4630acf5fb530871","SPARSE_SPEC","0","","","","","NONE","UNKNOWN","HISTORICALLY_PRESENT_CURRENTLY_ABSENT"
"naukri:466de18c26e2976d","SPARSE_SPEC","0","","","","","NONE","UNKNOWN","HISTORICALLY_PRESENT_CURRENTLY_ABSENT"
"naukri:467a8c5edc53c511","SPARSE_SPEC","0","","","","","NONE","UNKNOWN","HISTORICALLY_PRESENT_CURRENTLY_ABSENT"
"naukri:47b7e567fbb13b1c","SPARSE_SPEC","0","","","","","NONE","UNKNOWN","HISTORICALLY_PRESENT_CURRENTLY_ABSENT"
"naukri:480ca5767f750e69","SPARSE_SPEC","0","","","","","NONE","UNKNOWN","HISTORICALLY_PRESENT_CURRENTLY_ABSENT"
"naukri:4af42b8440eb86ee","SPARSE_SPEC","0","","","","","NONE","UNKNOWN","HISTORICALLY_PRESENT_CURRENTLY_ABSENT"
"naukri:4b8494866f5153bc","SPARSE_SPEC","0","","","","","NONE","UNKNOWN","HISTORICALLY_PRESENT_CURRENTLY_ABSENT"
"naukri:4b8d52359b64b860","SPARSE_SPEC","0","","","","","NONE","UNKNOWN","HISTORICALLY_PRESENT_CURRENTLY_ABSENT"
"naukri:4ba889a7c99d4e18","SPARSE_SPEC","0","","","","","NONE","UNKNOWN","HISTORICALLY_PRESENT_CURRENTLY_ABSENT"
"naukri:4bf47cbb00266b0c","SPARSE_SPEC","","","","","","NONE","UNKNOWN","HISTORICALLY_PRESENT_CURRENTLY_ABSENT"
"naukri:4bfb0dabdf64dbef","SPARSE_SPEC","0","","","","","NONE","UNKNOWN","HISTORICALLY_PRESENT_CURRENTLY_ABSENT"
"naukri:4c42e482a5c3520b","SPARSE_SPEC","0","","cb80393f71fbe7e15ff5be8583f541db3709b27d390d4ad6b9e259b9f8062cc0","f69a1d48d56156136f7489ddfc8846f63105e52851838095e6ad5421eb9cfd2c","","LEVEL 1: Exact Native Source ID","PROVEN","SURVIVED_CANONICAL"
"naukri:4d79cdba9865f9fb","SPARSE_SPEC","0","","","","","NONE","UNKNOWN","HISTORICALLY_PRESENT_CURRENTLY_ABSENT"
"naukri:4e3edbc2345a34ee","SPARSE_SPEC","0","","","","","NONE","UNKNOWN","HISTORICALLY_PRESENT_CURRENTLY_ABSENT"
"naukri:4efa31022afb9549","SPARSE_SPEC","0","","","","","NONE","UNKNOWN","HISTORICALLY_PRESENT_CURRENTLY_ABSENT"
"naukri:4f8d2ac7b0892338","SPARSE_SPEC","0","","","","","NONE","UNKNOWN","HISTORICALLY_PRESENT_CURRENTLY_ABSENT"
"naukri:4feadfcf07763f91","SPARSE_SPEC","","","","","","NONE","UNKNOWN","HISTORICALLY_PRESENT_CURRENTLY_ABSENT"
"naukri:50b63518e81e1441","SPARSE_SPEC","","","","","","NONE","UNKNOWN","HISTORICALLY_PRESENT_CURRENTLY_ABSENT"
"naukri:51054b1f706dbb24","SPARSE_SPEC","0","","","","","NONE","UNKNOWN","HISTORICALLY_PRESENT_CURRENTLY_ABSENT"
"naukri:51621a0cd730c641","SPARSE_SPEC","0","","","","","NONE","UNKNOWN","HISTORICALLY_PRESENT_CURRENTLY_ABSENT"
"naukri:51bce3002a57f911","SPARSE_SPEC","0","","","","","NONE","UNKNOWN","HISTORICALLY_PRESENT_CURRENTLY_ABSENT"
"naukri:532b70e1b1af269a","SPARSE_SPEC","0","","","","","NONE","UNKNOWN","HISTORICALLY_PRESENT_CURRENTLY_ABSENT"
"naukri:532d73d733196ae8","SPARSE_SPEC","0","","873765c8e746405f9fe9a8e947cfe9b4ab33be7032411ac765f72aa846515924","5e3d0d5db98913c3ed314a13bd5be6d60b289f0455d6cde0a3ee516d55fd0ef9","","LEVEL 1: Exact Native Source ID","PROVEN","SURVIVED_CANONICAL"
"naukri:5374eb8f3077d176","SPARSE_SPEC","0","","","","","NONE","UNKNOWN","HISTORICALLY_PRESENT_CURRENTLY_ABSENT"
"naukri:537ceb53f8bcef18","SPARSE_SPEC","0","","","","","NONE","UNKNOWN","HISTORICALLY_PRESENT_CURRENTLY_ABSENT"
"naukri:53ea2d6124e7fcef","SPARSE_SPEC","0","","","","","NONE","UNKNOWN","HISTORICALLY_PRESENT_CURRENTLY_ABSENT"
"naukri:546cec6bd1152527","SPARSE_SPEC","0","","6ab58d5ed9cd0cf426fe5ad25586796a2385b4646a18c72fe522e01a7aff0b3f","73bb4612335170e06437be5129cc725066158f3b605cfc2e967697f79d195a63","","LEVEL 1: Exact Native Source ID","PROVEN","SURVIVED_CANONICAL"
"naukri:550e3ea2cef14604","SPARSE_SPEC","0","","","","","NONE","UNKNOWN","HISTORICALLY_PRESENT_CURRENTLY_ABSENT"
"naukri:5564a2975a11bccd","SPARSE_SPEC","0","","","","","NONE","UNKNOWN","HISTORICALLY_PRESENT_CURRENTLY_ABSENT"
"naukri:55727d9add3bbc4f","SPARSE_SPEC","","","","","","NONE","UNKNOWN","HISTORICALLY_PRESENT_CURRENTLY_ABSENT"
"naukri:558f0e21a3edbca9","SPARSE_SPEC","0","","","","","NONE","UNKNOWN","HISTORICALLY_PRESENT_CURRENTLY_ABSENT"
"naukri:56a24b2590bf4a00","SPARSE_SPEC","0","","","","","NONE","UNKNOWN","HISTORICALLY_PRESENT_CURRENTLY_ABSENT"
"naukri:56ded03516565fc1","SPARSE_SPEC","0","","","","","NONE","UNKNOWN","HISTORICALLY_PRESENT_CURRENTLY_ABSENT"
"naukri:5859a48ad0a17d74","SPARSE_SPEC","0","","","","","NONE","UNKNOWN","HISTORICALLY_PRESENT_CURRENTLY_ABSENT"
"naukri:587843a384dfe028","SPARSE_SPEC","0","","","","","NONE","UNKNOWN","HISTORICALLY_PRESENT_CURRENTLY_ABSENT"
"naukri:593151befbd864b5","SPARSE_SPEC","0","","","","","NONE","UNKNOWN","HISTORICALLY_PRESENT_CURRENTLY_ABSENT"
"naukri:59f8c912b8972356","SPARSE_SPEC","0","","","","","NONE","UNKNOWN","HISTORICALLY_PRESENT_CURRENTLY_ABSENT"
"naukri:59feefcfcb387b24","SPARSE_SPEC","0","","","","","NONE","UNKNOWN","HISTORICALLY_PRESENT_CURRENTLY_ABSENT"
"naukri:5a18bc3190483100","SPARSE_SPEC","0","","","","","NONE","UNKNOWN","HISTORICALLY_PRESENT_CURRENTLY_ABSENT"
"naukri:5a273347b0c5088a","SPARSE_SPEC","0","","","","","NONE","UNKNOWN","HISTORICALLY_PRESENT_CURRENTLY_ABSENT"
"naukri:5ab016a74a5b818a","SPARSE_SPEC","","","b4b8ada16d1c03c7a66103908c7b7ce9b5e6b8f01e4f12cab0cd5b6dd21d5604","ad54d14e6496132a16d03ba61b835109271acf174432e36acf2417a40126bbfc","","LEVEL 1: Exact Native Source ID","PROVEN","SURVIVED_CANONICAL"
"naukri:5ab28de37b46abcf","SPARSE_SPEC","0","","","","","NONE","UNKNOWN","HISTORICALLY_PRESENT_CURRENTLY_ABSENT"
"naukri:5abfeba6210723f7","SPARSE_SPEC","0","","","","","NONE","UNKNOWN","HISTORICALLY_PRESENT_CURRENTLY_ABSENT"
"naukri:5b465af0e2b40f1b","SPARSE_SPEC","0","","","","","NONE","UNKNOWN","HISTORICALLY_PRESENT_CURRENTLY_ABSENT"
"naukri:5c169a3d8b2a5a57","SPARSE_SPEC","0","","","","","NONE","UNKNOWN","HISTORICALLY_PRESENT_CURRENTLY_ABSENT"
"naukri:5c3992d95a1ae69a","SPARSE_SPEC","0","","","","","NONE","UNKNOWN","HISTORICALLY_PRESENT_CURRENTLY_ABSENT"
"naukri:5cf2d87c5bda6937","SPARSE_SPEC","0","","","","","NONE","UNKNOWN","HISTORICALLY_PRESENT_CURRENTLY_ABSENT"
"naukri:5d783c2b64e8e3c8","SPARSE_SPEC","0","","","","","NONE","UNKNOWN","HISTORICALLY_PRESENT_CURRENTLY_ABSENT"
"naukri:5f2179c649e86457","SPARSE_SPEC","0","","","","","NONE","UNKNOWN","HISTORICALLY_PRESENT_CURRENTLY_ABSENT"
"naukri:5f6c54b63fe4ba6a","SPARSE_SPEC","0","","","","","NONE","UNKNOWN","HISTORICALLY_PRESENT_CURRENTLY_ABSENT"
"naukri:60859e831f7ceb66","SPARSE_SPEC","0","","","","","NONE","UNKNOWN","HISTORICALLY_PRESENT_CURRENTLY_ABSENT"
"naukri:60f359892e41d34c","SPARSE_SPEC","0","","4923b3a415628a7f000c72c5267b58350f4f2203803f102485419ddd44738194","314b53e62530baf66dc87d565135b759b556896bafa926fe074f7c80df6a48af","","LEVEL 1: Exact Native Source ID","PROVEN","SURVIVED_CANONICAL"
"naukri:61ebd8a95a886fd3","SPARSE_SPEC","","","","","","NONE","UNKNOWN","HISTORICALLY_PRESENT_CURRENTLY_ABSENT"
"naukri:62b2e24d66322b21","SPARSE_SPEC","","","","","","NONE","UNKNOWN","HISTORICALLY_PRESENT_CURRENTLY_ABSENT"
"naukri:640403a242dd6f8b","SPARSE_SPEC","0","","","","","NONE","UNKNOWN","HISTORICALLY_PRESENT_CURRENTLY_ABSENT"
"naukri:641d6c2efb5cede5","SPARSE_SPEC","0","","","","","NONE","UNKNOWN","HISTORICALLY_PRESENT_CURRENTLY_ABSENT"
"naukri:64d53a78e32c60c4","SPARSE_SPEC","0","","","","","NONE","UNKNOWN","HISTORICALLY_PRESENT_CURRENTLY_ABSENT"
"naukri:6548935c0a8007d9","SPARSE_SPEC","0","","","","","NONE","UNKNOWN","HISTORICALLY_PRESENT_CURRENTLY_ABSENT"
"naukri:65792c4e267558e2","SPARSE_SPEC","0","","","","","NONE","UNKNOWN","HISTORICALLY_PRESENT_CURRENTLY_ABSENT"
"naukri:66779e56afb6b377","SPARSE_SPEC","0","","490ad0650de546ef05798b4c9225873fc678ee435a3add8f8ab3579296c12eab","3a57268f40bea6f35cff08bac79522439d231893608dc34324c974cd0897e951","","LEVEL 1: Exact Native Source ID","PROVEN","SURVIVED_CANONICAL"
"naukri:668aa0f0beaed9c9","SPARSE_SPEC","0","","","","","NONE","UNKNOWN","HISTORICALLY_PRESENT_CURRENTLY_ABSENT"
"naukri:66e1ceeaa06fe4ea","SPARSE_SPEC","","","","","","NONE","UNKNOWN","HISTORICALLY_PRESENT_CURRENTLY_ABSENT"
"naukri:66fa5034b84b068a","SPARSE_SPEC","0","","","","","NONE","UNKNOWN","HISTORICALLY_PRESENT_CURRENTLY_ABSENT"
"naukri:67d525524c88db5b","SPARSE_SPEC","0","","","","","NONE","UNKNOWN","HISTORICALLY_PRESENT_CURRENTLY_ABSENT"
"naukri:67f6bfbff9af95c8","SPARSE_SPEC","0","","","","","NONE","UNKNOWN","HISTORICALLY_PRESENT_CURRENTLY_ABSENT"
"naukri:685a431084e4ac8b","SPARSE_SPEC","0","","","","","NONE","UNKNOWN","HISTORICALLY_PRESENT_CURRENTLY_ABSENT"
"naukri:68bf6e5528c36891","SPARSE_SPEC","0","","","","","NONE","UNKNOWN","HISTORICALLY_PRESENT_CURRENTLY_ABSENT"
"naukri:698d22d0dad018a8","SPARSE_SPEC","0","","","","","NONE","UNKNOWN","HISTORICALLY_PRESENT_CURRENTLY_ABSENT"
"naukri:6a51f1048ac70e5b","SPARSE_SPEC","0","","","","","NONE","UNKNOWN","HISTORICALLY_PRESENT_CURRENTLY_ABSENT"
"naukri:6a82844874540305","SPARSE_SPEC","0","","","","","NONE","UNKNOWN","HISTORICALLY_PRESENT_CURRENTLY_ABSENT"
"naukri:6adf0bdbfb3dbedf","SPARSE_SPEC","0","","","","","NONE","UNKNOWN","HISTORICALLY_PRESENT_CURRENTLY_ABSENT"
"naukri:6bb89157dd210354","SPARSE_SPEC","0","","733d0e420e1f25ea66818c4ad1d6934c7c557df1335655b5df0d82e31315fd18","842e6bf6e9eb1f18811f99c63aba97f8b4dda01da274618633af69f99c886a74","","LEVEL 1: Exact Native Source ID","PROVEN","SURVIVED_CANONICAL"
"naukri:6cb5fd01ce1705b4","SPARSE_SPEC","0","","","","","NONE","UNKNOWN","HISTORICALLY_PRESENT_CURRENTLY_ABSENT"
"naukri:6d017d4f39bea796","SPARSE_SPEC","","","","","","NONE","UNKNOWN","HISTORICALLY_PRESENT_CURRENTLY_ABSENT"
"naukri:6d99ce368a0b06af","SPARSE_SPEC","0","","","","","NONE","UNKNOWN","HISTORICALLY_PRESENT_CURRENTLY_ABSENT"
"naukri:6e1225beb8624f97","SPARSE_SPEC","0","","","","","NONE","UNKNOWN","HISTORICALLY_PRESENT_CURRENTLY_ABSENT"
"naukri:6e5bed7320028952","SPARSE_SPEC","0","","","","","NONE","UNKNOWN","HISTORICALLY_PRESENT_CURRENTLY_ABSENT"
"naukri:6e96e98243b677ca","SPARSE_SPEC","0","","","","","NONE","UNKNOWN","HISTORICALLY_PRESENT_CURRENTLY_ABSENT"
"naukri:6f24fa05a58357bc","SPARSE_SPEC","0","","","","","NONE","UNKNOWN","HISTORICALLY_PRESENT_CURRENTLY_ABSENT"
"naukri:6f8623f5854322b2","SPARSE_SPEC","","","","","","NONE","UNKNOWN","HISTORICALLY_PRESENT_CURRENTLY_ABSENT"
"naukri:70412eae3c10c825","SPARSE_SPEC","","","","","","NONE","UNKNOWN","HISTORICALLY_PRESENT_CURRENTLY_ABSENT"
"naukri:70aea452d85ff8ed","SPARSE_SPEC","0","","","","","NONE","UNKNOWN","HISTORICALLY_PRESENT_CURRENTLY_ABSENT"
"naukri:72b902243abcd939","SPARSE_SPEC","0","","","","","NONE","UNKNOWN","HISTORICALLY_PRESENT_CURRENTLY_ABSENT"
"naukri:730883bf5b6a5f6b","SPARSE_SPEC","0","","955505f9a2716e9d4195684d6f26a612fd54c54e09666179f0af63a594dcfcff","fef3eae4061965c68422fad1658d85620a17736a5476a789b50d3b6c04c4ef02","","LEVEL 1: Exact Native Source ID","PROVEN","SURVIVED_CANONICAL"
"naukri:7394924eaacc018e","SPARSE_SPEC","0","","","","","NONE","UNKNOWN","HISTORICALLY_PRESENT_CURRENTLY_ABSENT"
"naukri:74be7f409bdcd78f","SPARSE_SPEC","0","","","","","NONE","UNKNOWN","HISTORICALLY_PRESENT_CURRENTLY_ABSENT"
"naukri:74f94a08916289d3","SPARSE_SPEC","0","","","","","NONE","UNKNOWN","HISTORICALLY_PRESENT_CURRENTLY_ABSENT"
"naukri:754b2f0358f6b223","SPARSE_SPEC","0","","","","","NONE","UNKNOWN","HISTORICALLY_PRESENT_CURRENTLY_ABSENT"
"naukri:756d3e21e051f17a","SPARSE_SPEC","","","","","","NONE","UNKNOWN","HISTORICALLY_PRESENT_CURRENTLY_ABSENT"
"naukri:7575ad6a0ad7f2e8","SPARSE_SPEC","0","","","","","NONE","UNKNOWN","HISTORICALLY_PRESENT_CURRENTLY_ABSENT"
"naukri:7583d6652f94bb3b","SPARSE_SPEC","0","","","","","NONE","UNKNOWN","HISTORICALLY_PRESENT_CURRENTLY_ABSENT"
"naukri:75b7b77df8dcce4f","SPARSE_SPEC","","","","","","NONE","UNKNOWN","HISTORICALLY_PRESENT_CURRENTLY_ABSENT"
"naukri:75bbd7e5ee8c6930","SPARSE_SPEC","","","","","","NONE","UNKNOWN","HISTORICALLY_PRESENT_CURRENTLY_ABSENT"
"naukri:7635062ff22bf8c3","SPARSE_SPEC","0","","","","","NONE","UNKNOWN","HISTORICALLY_PRESENT_CURRENTLY_ABSENT"
"naukri:76d8c258cafb987c","SPARSE_SPEC","0","","","","","NONE","UNKNOWN","HISTORICALLY_PRESENT_CURRENTLY_ABSENT"
"naukri:7706aa3a00b90a1f","SPARSE_SPEC","0","","","","","NONE","UNKNOWN","HISTORICALLY_PRESENT_CURRENTLY_ABSENT"
"naukri:77849b398aa70145","SPARSE_SPEC","0","","","","","NONE","UNKNOWN","HISTORICALLY_PRESENT_CURRENTLY_ABSENT"
"naukri:778b6a14ce6e0202","SPARSE_SPEC","0","","","","","NONE","UNKNOWN","HISTORICALLY_PRESENT_CURRENTLY_ABSENT"
"naukri:7840155c8f3491b4","SPARSE_SPEC","0","","","","","NONE","UNKNOWN","HISTORICALLY_PRESENT_CURRENTLY_ABSENT"
"naukri:78d3c31acfdd25c3","SPARSE_SPEC","0","","a023db585efe711ebcac75e1de23966f9ecd59c44c3204773d990d7262850df1","3d046af5a682ccdded7945028e5a146742b8f8e39aae71a89405dc18c2604162","","LEVEL 1: Exact Native Source ID","PROVEN","SURVIVED_CANONICAL"
"naukri:78ecba09fd7b4e1c","SPARSE_SPEC","","","","","","NONE","UNKNOWN","HISTORICALLY_PRESENT_CURRENTLY_ABSENT"
"naukri:78fc012cc13ffafa","SPARSE_SPEC","0","","","","","NONE","UNKNOWN","HISTORICALLY_PRESENT_CURRENTLY_ABSENT"
"naukri:791ff87c5add94dc","SPARSE_SPEC","","","","","","NONE","UNKNOWN","HISTORICALLY_PRESENT_CURRENTLY_ABSENT"
"naukri:7a3c54d11894b934","SPARSE_SPEC","0","","","","","NONE","UNKNOWN","HISTORICALLY_PRESENT_CURRENTLY_ABSENT"
"naukri:7ad0ebc31883627d","SPARSE_SPEC","0","","","","","NONE","UNKNOWN","HISTORICALLY_PRESENT_CURRENTLY_ABSENT"
"naukri:7aed564537b29e09","SPARSE_SPEC","0","","","","","NONE","UNKNOWN","HISTORICALLY_PRESENT_CURRENTLY_ABSENT"
"naukri:7b2664d5a8f5822c","SPARSE_SPEC","0","","","","","NONE","UNKNOWN","HISTORICALLY_PRESENT_CURRENTLY_ABSENT"
"naukri:7c8754ba926120e9","SPARSE_SPEC","0","","","","","NONE","UNKNOWN","HISTORICALLY_PRESENT_CURRENTLY_ABSENT"
"naukri:7cfac1aacaf4e96c","SPARSE_SPEC","","","","","","NONE","UNKNOWN","HISTORICALLY_PRESENT_CURRENTLY_ABSENT"
"naukri:7d28be1678d40c63","SPARSE_SPEC","0","","","","","NONE","UNKNOWN","HISTORICALLY_PRESENT_CURRENTLY_ABSENT"
"naukri:7d2de7f544c875e3","SPARSE_SPEC","0","","","","","NONE","UNKNOWN","HISTORICALLY_PRESENT_CURRENTLY_ABSENT"
"naukri:7d3289d1d13ed8c8","SPARSE_SPEC","0","","dbc50e31487d7f9c979fc2a2f9654dae38aaa5349ecb46800afd0ec0414f68ce","e6c9faaf0c5852573209fc8df3e44bfbce312cf6e19c3ee34426c65b4ed23692","","LEVEL 1: Exact Native Source ID","PROVEN","SURVIVED_CANONICAL"
"naukri:7e606e5aaa8dfd25","SPARSE_SPEC","0","","","","","NONE","UNKNOWN","HISTORICALLY_PRESENT_CURRENTLY_ABSENT"
"naukri:7e75ac71136070f0","SPARSE_SPEC","","","","","","NONE","UNKNOWN","HISTORICALLY_PRESENT_CURRENTLY_ABSENT"
"naukri:7edededbf05bcb62","SPARSE_SPEC","0","","","","","NONE","UNKNOWN","HISTORICALLY_PRESENT_CURRENTLY_ABSENT"
"naukri:7ee9ff9b5ac91d1d","SPARSE_SPEC","","","","","","NONE","UNKNOWN","HISTORICALLY_PRESENT_CURRENTLY_ABSENT"
"naukri:811584f7676911c7","SPARSE_SPEC","0","","","","","NONE","UNKNOWN","HISTORICALLY_PRESENT_CURRENTLY_ABSENT"
"naukri:81e102787291771b","SPARSE_SPEC","0","","","","","NONE","UNKNOWN","HISTORICALLY_PRESENT_CURRENTLY_ABSENT"
"naukri:820fcfc716e72c4c","SPARSE_SPEC","0","","","","","NONE","UNKNOWN","HISTORICALLY_PRESENT_CURRENTLY_ABSENT"
"naukri:82e3781582b16f71","SPARSE_SPEC","0","","","","","NONE","UNKNOWN","HISTORICALLY_PRESENT_CURRENTLY_ABSENT"
"naukri:838b0a4deebd2f7a","SPARSE_SPEC","0","","","","","NONE","UNKNOWN","HISTORICALLY_PRESENT_CURRENTLY_ABSENT"
"naukri:83aedb66543b2e48","SPARSE_SPEC","0","","","","","NONE","UNKNOWN","HISTORICALLY_PRESENT_CURRENTLY_ABSENT"
"naukri:8427f5288a6dcbd6","SPARSE_SPEC","0","","","","","NONE","UNKNOWN","HISTORICALLY_PRESENT_CURRENTLY_ABSENT"
"naukri:851f6ddcee85587a","SPARSE_SPEC","","","","","","NONE","UNKNOWN","HISTORICALLY_PRESENT_CURRENTLY_ABSENT"
"naukri:8535837818857cdb","SPARSE_SPEC","0","","","","","NONE","UNKNOWN","HISTORICALLY_PRESENT_CURRENTLY_ABSENT"
"naukri:85b34818e8a946fe","SPARSE_SPEC","0","","","","","NONE","UNKNOWN","HISTORICALLY_PRESENT_CURRENTLY_ABSENT"
"naukri:85dcf6028788b589","SPARSE_SPEC","0","","","","","NONE","UNKNOWN","HISTORICALLY_PRESENT_CURRENTLY_ABSENT"
"naukri:85e0e59f5cef61cd","SPARSE_SPEC","0","","","","","NONE","UNKNOWN","HISTORICALLY_PRESENT_CURRENTLY_ABSENT"
"naukri:860cb934acc24ce4","SPARSE_SPEC","0","","","","","NONE","UNKNOWN","HISTORICALLY_PRESENT_CURRENTLY_ABSENT"
"naukri:8642d88de59830ae","SPARSE_SPEC","0","","","","","NONE","UNKNOWN","HISTORICALLY_PRESENT_CURRENTLY_ABSENT"
"naukri:865034392cffc71e","SPARSE_SPEC","0","","","","","NONE","UNKNOWN","HISTORICALLY_PRESENT_CURRENTLY_ABSENT"
"naukri:86728e50270ed093","SPARSE_SPEC","0","","","","","NONE","UNKNOWN","HISTORICALLY_PRESENT_CURRENTLY_ABSENT"
"naukri:8685439fe4f51796","SPARSE_SPEC","0","","5f396aa494d4f133f3c8132915b87703321ed84025f4eb884e4a49ee300c76c0","633566ada33c8a785135a9399c86a7c38a6f804865d0e03b7a5a0d15bb54d64f","","LEVEL 1: Exact Native Source ID","PROVEN","SURVIVED_CANONICAL"
"naukri:87965e22757ec473","SPARSE_SPEC","0","","","","","NONE","UNKNOWN","HISTORICALLY_PRESENT_CURRENTLY_ABSENT"
"naukri:87dc3b1d78a327cf","SPARSE_SPEC","","","81cb47ee34831826ab9a421d5945483725110732d36a5fe1ab6565bd90a0983b","a3964b6040247acca2239a91ab30b822c069a0c1104a2ca2b3aea055f70ef749","","LEVEL 1: Exact Native Source ID","PROVEN","SURVIVED_CANONICAL"
"naukri:89482bb295ffe8bf","SPARSE_SPEC","0","","","","","NONE","UNKNOWN","HISTORICALLY_PRESENT_CURRENTLY_ABSENT"
"naukri:8955c98d75c951fe","SPARSE_SPEC","0","","","","","NONE","UNKNOWN","HISTORICALLY_PRESENT_CURRENTLY_ABSENT"
"naukri:898cfd8a8f359ea7","SPARSE_SPEC","0","","","","","NONE","UNKNOWN","HISTORICALLY_PRESENT_CURRENTLY_ABSENT"
"naukri:8a18a2cca6007431","SPARSE_SPEC","","","c4b3caf45d73d544887d520316ccdc57584bf816d1065ff4cc6872744e692c78","cd91f9122aca599d3407b8d682e4558fce2d7ed865da1f6cb061094c903ee4c1","","LEVEL 1: Exact Native Source ID","PROVEN","SURVIVED_CANONICAL"
"naukri:8b02711f7f4b1201","SPARSE_SPEC","","","","","","NONE","UNKNOWN","HISTORICALLY_PRESENT_CURRENTLY_ABSENT"
"naukri:8b2f0d454750c154","SPARSE_SPEC","0","","","","","NONE","UNKNOWN","HISTORICALLY_PRESENT_CURRENTLY_ABSENT"
"naukri:8c864e3717608388","SPARSE_SPEC","0","","","","","NONE","UNKNOWN","HISTORICALLY_PRESENT_CURRENTLY_ABSENT"
"naukri:8e3208c96e35c0e1","SPARSE_SPEC","0","","","","","NONE","UNKNOWN","HISTORICALLY_PRESENT_CURRENTLY_ABSENT"
"naukri:8e59d528c021e4d6","SPARSE_SPEC","0","","","","","NONE","UNKNOWN","HISTORICALLY_PRESENT_CURRENTLY_ABSENT"
"naukri:8eba09c4204ffed2","SPARSE_SPEC","","","","","","NONE","UNKNOWN","HISTORICALLY_PRESENT_CURRENTLY_ABSENT"
"naukri:8f1778f520382901","SPARSE_SPEC","0","","","","","NONE","UNKNOWN","HISTORICALLY_PRESENT_CURRENTLY_ABSENT"
"naukri:8f1d3c41feb44d6b","SPARSE_SPEC","0","","","","","NONE","UNKNOWN","HISTORICALLY_PRESENT_CURRENTLY_ABSENT"
"naukri:8fd3ab9e1325dbe4","SPARSE_SPEC","0","","","","","NONE","UNKNOWN","HISTORICALLY_PRESENT_CURRENTLY_ABSENT"
"naukri:914e87b95fa73898","SPARSE_SPEC","0","","","","","NONE","UNKNOWN","HISTORICALLY_PRESENT_CURRENTLY_ABSENT"
"naukri:91aaadd62058d28c","SPARSE_SPEC","","","","","","NONE","UNKNOWN","HISTORICALLY_PRESENT_CURRENTLY_ABSENT"
"naukri:92912544ff04afc1","SPARSE_SPEC","","","","","","NONE","UNKNOWN","HISTORICALLY_PRESENT_CURRENTLY_ABSENT"
"naukri:92a32577a5009008","SPARSE_SPEC","0","","","","","NONE","UNKNOWN","HISTORICALLY_PRESENT_CURRENTLY_ABSENT"
"naukri:93461706a729a44c","SPARSE_SPEC","0","","","","","NONE","UNKNOWN","HISTORICALLY_PRESENT_CURRENTLY_ABSENT"
"naukri:938630680037bf19","SPARSE_SPEC","0","","","","","NONE","UNKNOWN","HISTORICALLY_PRESENT_CURRENTLY_ABSENT"
"naukri:94ae7b9670a8deee","SPARSE_SPEC","0","","","","","NONE","UNKNOWN","HISTORICALLY_PRESENT_CURRENTLY_ABSENT"
"naukri:96603bb7a11b129a","SPARSE_SPEC","0","","","","","NONE","UNKNOWN","HISTORICALLY_PRESENT_CURRENTLY_ABSENT"
"naukri:96de25059da4d2f3","SPARSE_SPEC","0","","","","","NONE","UNKNOWN","HISTORICALLY_PRESENT_CURRENTLY_ABSENT"
"naukri:979a6ea73dc2c02f","SPARSE_SPEC","0","","","","","NONE","UNKNOWN","HISTORICALLY_PRESENT_CURRENTLY_ABSENT"
"naukri:97edf4fbb90543ad","SPARSE_SPEC","0","","","","","NONE","UNKNOWN","HISTORICALLY_PRESENT_CURRENTLY_ABSENT"
"naukri:9893602bf6e40878","SPARSE_SPEC","0","","","","","NONE","UNKNOWN","HISTORICALLY_PRESENT_CURRENTLY_ABSENT"
"naukri:98a2922b6f6abb62","SPARSE_SPEC","0","","b35d8351bb405a258278de6e9696f9fcd8ac4065ae02928f77d22e7b746f8018","8a86e5fc4d6484ca4718f59d6cca63d02c5512feed5d6ea53c9857837bc1bb9a","","LEVEL 1: Exact Native Source ID","PROVEN","SURVIVED_CANONICAL"
"naukri:98ae2c9f9003e7c7","SPARSE_SPEC","0","","","","","NONE","UNKNOWN","HISTORICALLY_PRESENT_CURRENTLY_ABSENT"
"naukri:991311c80f265aad","SPARSE_SPEC","0","","d7a8d5af2a1f73e12a1d371bedff869b93f16f02cc1f3e0daaa6173dab50861f","2928d1c28fafd6b9a0840f5c4f7e2596ca3bb0a187422c7c4f90d98be0683754","","LEVEL 1: Exact Native Source ID","PROVEN","SURVIVED_CANONICAL"
"naukri:992728134e51ab12","SPARSE_SPEC","","","","","","NONE","UNKNOWN","HISTORICALLY_PRESENT_CURRENTLY_ABSENT"
"naukri:99abe2dfb6c71bba","SPARSE_SPEC","0","","","","","NONE","UNKNOWN","HISTORICALLY_PRESENT_CURRENTLY_ABSENT"
"naukri:99c03de7614d27e5","SPARSE_SPEC","0","","","","","NONE","UNKNOWN","HISTORICALLY_PRESENT_CURRENTLY_ABSENT"
"naukri:9a19edcd26dc2df5","SPARSE_SPEC","0","","","","","NONE","UNKNOWN","HISTORICALLY_PRESENT_CURRENTLY_ABSENT"
"naukri:9aa84b600f009473","SPARSE_SPEC","0","","","","","NONE","UNKNOWN","HISTORICALLY_PRESENT_CURRENTLY_ABSENT"
"naukri:9ab4c80c96a483b9","SPARSE_SPEC","0","","","","","NONE","UNKNOWN","HISTORICALLY_PRESENT_CURRENTLY_ABSENT"
"naukri:9b3c27ca8418ca81","SPARSE_SPEC","0","","","","","NONE","UNKNOWN","HISTORICALLY_PRESENT_CURRENTLY_ABSENT"
"naukri:9b9c1ada683d559b","SPARSE_SPEC","0","","","","","NONE","UNKNOWN","HISTORICALLY_PRESENT_CURRENTLY_ABSENT"
"naukri:9bbbcd6af1824197","SPARSE_SPEC","0","","","","","NONE","UNKNOWN","HISTORICALLY_PRESENT_CURRENTLY_ABSENT"
"naukri:9bed74f642782213","SPARSE_SPEC","0","","","","","NONE","UNKNOWN","HISTORICALLY_PRESENT_CURRENTLY_ABSENT"
"naukri:9f185a6ace3ad5f0","SPARSE_SPEC","0","","","","","NONE","UNKNOWN","HISTORICALLY_PRESENT_CURRENTLY_ABSENT"
"naukri:9f7fbdc777f9b466","SPARSE_SPEC","0","","","","","NONE","UNKNOWN","HISTORICALLY_PRESENT_CURRENTLY_ABSENT"
"naukri:9f92406b853d7c32","SPARSE_SPEC","0","","","","","NONE","UNKNOWN","HISTORICALLY_PRESENT_CURRENTLY_ABSENT"
"naukri:a010f8043edad177","SPARSE_SPEC","0","","","","","NONE","UNKNOWN","HISTORICALLY_PRESENT_CURRENTLY_ABSENT"
"naukri:a018a6ee59d8128a","SPARSE_SPEC","","","f6189857be1011642c5351d6c323c8c53bcdd5d69fe2b437aeadf9770d49191f","6c8edaba559cb9232ddbaa0336f48528e444ad15f666e2fd87d6b3ba8c2b3e64","","LEVEL 1: Exact Native Source ID","PROVEN","SURVIVED_CANONICAL"
"naukri:a086011b5d7adf71","SPARSE_SPEC","0","","","","","NONE","UNKNOWN","HISTORICALLY_PRESENT_CURRENTLY_ABSENT"
"naukri:a0cb6682a0922364","SPARSE_SPEC","0","","","","","NONE","UNKNOWN","HISTORICALLY_PRESENT_CURRENTLY_ABSENT"
"naukri:a0de0730b8bf1a47","SPARSE_SPEC","","","","","","NONE","UNKNOWN","HISTORICALLY_PRESENT_CURRENTLY_ABSENT"
"naukri:a1843edc5ce83784","SPARSE_SPEC","0","","","","","NONE","UNKNOWN","HISTORICALLY_PRESENT_CURRENTLY_ABSENT"
"naukri:a18d460ad9c4caeb","SPARSE_SPEC","0","","","","","NONE","UNKNOWN","HISTORICALLY_PRESENT_CURRENTLY_ABSENT"
"naukri:a19e2b2e825cd2df","SPARSE_SPEC","0","","c6ce69ac33153662cc26ee2a89e7c89a54144a0b0b2690145e1d8ef6683e363f","b6502be7d2fc769732f82fd0b089f1cc149aba7e1cb680b831cdc18d9ed02931","","LEVEL 1: Exact Native Source ID","PROVEN","SURVIVED_CANONICAL"
"naukri:a26989ccf1c4de36","SPARSE_SPEC","0","","","","","NONE","UNKNOWN","HISTORICALLY_PRESENT_CURRENTLY_ABSENT"
"naukri:a392ff304945dcd0","SPARSE_SPEC","0","","","","","NONE","UNKNOWN","HISTORICALLY_PRESENT_CURRENTLY_ABSENT"
"naukri:a3ca90192da500c4","SPARSE_SPEC","0","","","","","NONE","UNKNOWN","HISTORICALLY_PRESENT_CURRENTLY_ABSENT"
"naukri:a3eca683bc21b2f9","SPARSE_SPEC","0","","","","","NONE","UNKNOWN","HISTORICALLY_PRESENT_CURRENTLY_ABSENT"
"naukri:a46482672a88272b","SPARSE_SPEC","","","aee07d87647daa4f3d19ccd61e4018e896580ce54b82d0b1c3ad7a46c25e8c8c","8ff7b98937d9e867670603b4d785ec4545a6743057da00f0a24cb10fbd1a9580","","LEVEL 1: Exact Native Source ID","PROVEN","SURVIVED_CANONICAL"
"naukri:a48fd5ca4e11d33e","SPARSE_SPEC","0","","","","","NONE","UNKNOWN","HISTORICALLY_PRESENT_CURRENTLY_ABSENT"
"naukri:a4b07cd0ccf4e353","SPARSE_SPEC","0","","","","","NONE","UNKNOWN","HISTORICALLY_PRESENT_CURRENTLY_ABSENT"
"naukri:a4c073c281d4fe80","SPARSE_SPEC","0","","","","","NONE","UNKNOWN","HISTORICALLY_PRESENT_CURRENTLY_ABSENT"
"naukri:a54f1e00940cecb4","SPARSE_SPEC","","","","","","NONE","UNKNOWN","HISTORICALLY_PRESENT_CURRENTLY_ABSENT"
"naukri:a61c8789269d7e28","SPARSE_SPEC","0","","","","","NONE","UNKNOWN","HISTORICALLY_PRESENT_CURRENTLY_ABSENT"
"naukri:a7cba44f881ad4ae","SPARSE_SPEC","0","","867028710e5a0e466ecf0749fcb47ef1e8673c2100a5c108bc987c184642ba92","beb4e8f36f01f6d19a9dcd1b9ba8fbb378ce5737a6e8f7cb06e76f6d63f8bb34","","LEVEL 1: Exact Native Source ID","PROVEN","SURVIVED_CANONICAL"
"naukri:a7d48db2df141907","SPARSE_SPEC","0","","","","","NONE","UNKNOWN","HISTORICALLY_PRESENT_CURRENTLY_ABSENT"
"naukri:a8813f445d05c4e4","SPARSE_SPEC","0","","","","","NONE","UNKNOWN","HISTORICALLY_PRESENT_CURRENTLY_ABSENT"
"naukri:a88ab928033f10d6","SPARSE_SPEC","0","","","","","NONE","UNKNOWN","HISTORICALLY_PRESENT_CURRENTLY_ABSENT"
"naukri:a8970a111c739bc5","SPARSE_SPEC","0","","","","","NONE","UNKNOWN","HISTORICALLY_PRESENT_CURRENTLY_ABSENT"
"naukri:a8a937d27dbad4f0","SPARSE_SPEC","0","","","","","NONE","UNKNOWN","HISTORICALLY_PRESENT_CURRENTLY_ABSENT"
"naukri:a8ce2dc64da20634","SPARSE_SPEC","0","","","","","NONE","UNKNOWN","HISTORICALLY_PRESENT_CURRENTLY_ABSENT"
"naukri:a91d405f0691e7af","SPARSE_SPEC","0","","","","","NONE","UNKNOWN","HISTORICALLY_PRESENT_CURRENTLY_ABSENT"
"naukri:a9b640f097552adb","SPARSE_SPEC","0","","","","","NONE","UNKNOWN","HISTORICALLY_PRESENT_CURRENTLY_ABSENT"
"naukri:aa12f2750baecc11","SPARSE_SPEC","0","","","","","NONE","UNKNOWN","HISTORICALLY_PRESENT_CURRENTLY_ABSENT"
"naukri:aa30e3d88a73ec37","SPARSE_SPEC","0","","918c083f011a8db6882267c7328bf1213254286dbaec34669d647fcab9a8f8cd","374f9911d490e4925c655f9af255d019260a6ca4487f4fbd6ba4ff2d8d938a62","","LEVEL 1: Exact Native Source ID","PROVEN","SURVIVED_CANONICAL"
"naukri:aa7955803ba3a425","SPARSE_SPEC","0","","","","","NONE","UNKNOWN","HISTORICALLY_PRESENT_CURRENTLY_ABSENT"
"naukri:aad015ff8922cda1","SPARSE_SPEC","0","","","","","NONE","UNKNOWN","HISTORICALLY_PRESENT_CURRENTLY_ABSENT"
"naukri:aae12a861191da67","SPARSE_SPEC","0","","27e8a01bde3e1200d2915d9d33d681997ce9937284242bc9d02f8b960117f354","082c8e393a9b87fccfadb350d2c12980d5a243e78670ff9ee3c4a60744269ba5","","LEVEL 1: Exact Native Source ID","PROVEN","SURVIVED_CANONICAL"
"naukri:ab766a86257fbe4c","SPARSE_SPEC","0","","","","","NONE","UNKNOWN","HISTORICALLY_PRESENT_CURRENTLY_ABSENT"
"naukri:abe025ff87d9ec75","SPARSE_SPEC","","","","","","NONE","UNKNOWN","HISTORICALLY_PRESENT_CURRENTLY_ABSENT"
"naukri:abecc9357861ae50","SPARSE_SPEC","0","","","","","NONE","UNKNOWN","HISTORICALLY_PRESENT_CURRENTLY_ABSENT"
"naukri:aca35f0b25229192","SPARSE_SPEC","0","","922c25339d5578241610f8cfba3df3297cfd606ea978440f9ff4b365a8f1d0fd","b3d04e2ee3eda3cf74dc0e610dbba8fd84c9571e1a96be87fc03e2c26389a0d1","","LEVEL 1: Exact Native Source ID","PROVEN","SURVIVED_CANONICAL"
"naukri:ae9aaf1434ec4867","SPARSE_SPEC","0","","","","","NONE","UNKNOWN","HISTORICALLY_PRESENT_CURRENTLY_ABSENT"
"naukri:aebe8a1e09344203","SPARSE_SPEC","","","6bf7ad862b3209338615fc90cd868db1bc1ed8602e0de92b1aa3556036f4f12c","801f9731680230b42a31d2f9afaa953412c3349bd6987a626deb1b8e2c92889c","","LEVEL 1: Exact Native Source ID","PROVEN","SURVIVED_CANONICAL"
"naukri:aef085f78a52ad6c","SPARSE_SPEC","0","","","","","NONE","UNKNOWN","HISTORICALLY_PRESENT_CURRENTLY_ABSENT"
"naukri:b091cd134a7f1f45","SPARSE_SPEC","0","","","","","NONE","UNKNOWN","HISTORICALLY_PRESENT_CURRENTLY_ABSENT"
"naukri:b0e28e6af0e08b42","SPARSE_SPEC","0","","","","","NONE","UNKNOWN","HISTORICALLY_PRESENT_CURRENTLY_ABSENT"
"naukri:b115d8f4bda148a8","SPARSE_SPEC","0","","ad44344c6c5551ed313c48dbffd086b0aaf7cea2f74bcd95b7d9de7e4bb8cf53","49e3bf6f9f1d7f4afd981ceebed33d728067f3bb037e24e707641228cfcd906d","","LEVEL 1: Exact Native Source ID","PROVEN","SURVIVED_CANONICAL"
"naukri:b15eeb821890a744","SPARSE_SPEC","0","","","","","NONE","UNKNOWN","HISTORICALLY_PRESENT_CURRENTLY_ABSENT"
"naukri:b1814baa44f5c8d9","SPARSE_SPEC","0","","","","","NONE","UNKNOWN","HISTORICALLY_PRESENT_CURRENTLY_ABSENT"
"naukri:b1de5c87a3cb830c","SPARSE_SPEC","0","","","","","NONE","UNKNOWN","HISTORICALLY_PRESENT_CURRENTLY_ABSENT"
"naukri:b1f31d672a2c2acc","SPARSE_SPEC","0","","c744062de38c726d7fa631ed248033659f6fc3a3be8343211237a51480ce57c1","a624f631f7dbcaa87f07d31af099d3159a7ca4655db22253055fc65e19d59f4c","","LEVEL 1: Exact Native Source ID","PROVEN","SURVIVED_CANONICAL"
"naukri:b2b3469213cdcc4f","SPARSE_SPEC","0","","","","","NONE","UNKNOWN","HISTORICALLY_PRESENT_CURRENTLY_ABSENT"
"naukri:b3669fc51fe268d9","SPARSE_SPEC","","","","","","NONE","UNKNOWN","HISTORICALLY_PRESENT_CURRENTLY_ABSENT"
"naukri:b39d40da67b0a10e","SPARSE_SPEC","0","","","","","NONE","UNKNOWN","HISTORICALLY_PRESENT_CURRENTLY_ABSENT"
"naukri:b4577c0ef22c5e24","SPARSE_SPEC","0","","","","","NONE","UNKNOWN","HISTORICALLY_PRESENT_CURRENTLY_ABSENT"
"naukri:b4933f61ebdae634","SPARSE_SPEC","0","","","","","NONE","UNKNOWN","HISTORICALLY_PRESENT_CURRENTLY_ABSENT"
"naukri:b4be6764c053a2a1","SPARSE_SPEC","0","","","","","NONE","UNKNOWN","HISTORICALLY_PRESENT_CURRENTLY_ABSENT"
"naukri:b4fba6307059b500","SPARSE_SPEC","0","","","","","NONE","UNKNOWN","HISTORICALLY_PRESENT_CURRENTLY_ABSENT"
"naukri:b6252228ec90a1b2","SPARSE_SPEC","","","","","","NONE","UNKNOWN","HISTORICALLY_PRESENT_CURRENTLY_ABSENT"
"naukri:b652b2e9e1e9bf41","SPARSE_SPEC","0","","","","","NONE","UNKNOWN","HISTORICALLY_PRESENT_CURRENTLY_ABSENT"
"naukri:b6baccd344a646f4","SPARSE_SPEC","0","","","","","NONE","UNKNOWN","HISTORICALLY_PRESENT_CURRENTLY_ABSENT"
"naukri:b772e6e2afa392a1","SPARSE_SPEC","0","","","","","NONE","UNKNOWN","HISTORICALLY_PRESENT_CURRENTLY_ABSENT"
"naukri:b85affab3ebd3acb","SPARSE_SPEC","0","","","","","NONE","UNKNOWN","HISTORICALLY_PRESENT_CURRENTLY_ABSENT"
"naukri:b86ad98064f1b53e","SPARSE_SPEC","0","","","","","NONE","UNKNOWN","HISTORICALLY_PRESENT_CURRENTLY_ABSENT"
"naukri:b9331bed5b306c88","SPARSE_SPEC","0","","","","","NONE","UNKNOWN","HISTORICALLY_PRESENT_CURRENTLY_ABSENT"
"naukri:b9eb2fd9d4c65402","SPARSE_SPEC","0","","","","","NONE","UNKNOWN","HISTORICALLY_PRESENT_CURRENTLY_ABSENT"
"naukri:ba945394baf8d0cf","SPARSE_SPEC","0","","","","","NONE","UNKNOWN","HISTORICALLY_PRESENT_CURRENTLY_ABSENT"
"naukri:bb952ad39460257b","SPARSE_SPEC","0","","","","","NONE","UNKNOWN","HISTORICALLY_PRESENT_CURRENTLY_ABSENT"
"naukri:bbe60722869761d5","SPARSE_SPEC","","","","","","NONE","UNKNOWN","HISTORICALLY_PRESENT_CURRENTLY_ABSENT"
"naukri:bccadc2c3aafc306","SPARSE_SPEC","0","","","","","NONE","UNKNOWN","HISTORICALLY_PRESENT_CURRENTLY_ABSENT"
"naukri:bcdf5869bf7a373b","SPARSE_SPEC","0","","","","","NONE","UNKNOWN","HISTORICALLY_PRESENT_CURRENTLY_ABSENT"
"naukri:bda5efcf1621d0ed","SPARSE_SPEC","0","","","","","NONE","UNKNOWN","HISTORICALLY_PRESENT_CURRENTLY_ABSENT"
"naukri:bdf3d224f75e8f0d","SPARSE_SPEC","0","","bf308d5b5c3cd543261763b8eb993e8f2247ce7b6be069ec019e1902183d0534","df9e3f9754908d67b0fbe81c34d47de2ff6f0dba3436469fce9f97ca2141ea04","","LEVEL 1: Exact Native Source ID","PROVEN","SURVIVED_CANONICAL"
"naukri:be10a1d2881e2783","SPARSE_SPEC","","","","","","NONE","UNKNOWN","HISTORICALLY_PRESENT_CURRENTLY_ABSENT"
"naukri:be7d537f9b61a721","SPARSE_SPEC","0","","","","","NONE","UNKNOWN","HISTORICALLY_PRESENT_CURRENTLY_ABSENT"
"naukri:bf0599a7571dec07","SPARSE_SPEC","0","","","","","NONE","UNKNOWN","HISTORICALLY_PRESENT_CURRENTLY_ABSENT"
"naukri:bf99876aced6cb09","SPARSE_SPEC","0","","","","","NONE","UNKNOWN","HISTORICALLY_PRESENT_CURRENTLY_ABSENT"
"naukri:c09b46af2c6df1f3","SPARSE_SPEC","0","","","","","NONE","UNKNOWN","HISTORICALLY_PRESENT_CURRENTLY_ABSENT"
"naukri:c2b6610aca07ae55","SPARSE_SPEC","0","","","","","NONE","UNKNOWN","HISTORICALLY_PRESENT_CURRENTLY_ABSENT"
"naukri:c42aaf9a4803416d","SPARSE_SPEC","0","","","","","NONE","UNKNOWN","HISTORICALLY_PRESENT_CURRENTLY_ABSENT"
"naukri:c46d741ab7640662","SPARSE_SPEC","0","","","","","NONE","UNKNOWN","HISTORICALLY_PRESENT_CURRENTLY_ABSENT"
"naukri:c48c9df2d54538c0","SPARSE_SPEC","0","","","","","NONE","UNKNOWN","HISTORICALLY_PRESENT_CURRENTLY_ABSENT"
"naukri:c4dcad1957ee5aa9","SPARSE_SPEC","0","","","","","NONE","UNKNOWN","HISTORICALLY_PRESENT_CURRENTLY_ABSENT"
"naukri:c4e77690d0e7cc8f","SPARSE_SPEC","","","651bc65438ca278126c47749660525cbbb5c4cd584cd46e66b170b7f5c49c0a4","969dbcf7e8353b0b9f88c3e36a411e9dc17a6365fe41b7c0711a5d5382ba335f","","LEVEL 1: Exact Native Source ID","PROVEN","SURVIVED_CANONICAL"
"naukri:c5b0cad8f760e39d","SPARSE_SPEC","0","","","","","NONE","UNKNOWN","HISTORICALLY_PRESENT_CURRENTLY_ABSENT"
"naukri:c5f9ee8bea6a0a07","SPARSE_SPEC","0","","","","","NONE","UNKNOWN","HISTORICALLY_PRESENT_CURRENTLY_ABSENT"
"naukri:c6757504f4bed80d","SPARSE_SPEC","0","","","","","NONE","UNKNOWN","HISTORICALLY_PRESENT_CURRENTLY_ABSENT"
"naukri:c6e7966abab6ca95","SPARSE_SPEC","0","","","","","NONE","UNKNOWN","HISTORICALLY_PRESENT_CURRENTLY_ABSENT"
"naukri:c83a558591c64052","SPARSE_SPEC","0","","","","","NONE","UNKNOWN","HISTORICALLY_PRESENT_CURRENTLY_ABSENT"
"naukri:c8ad472fad89931d","SPARSE_SPEC","0","","5c17ea1afc419db0321496bc017e91440277b0d654a5c26c12955ca7cecdf410","94f0fd88e0775bf7a3cf62b74de3895ef98796eb6010fed9552b6812c6c268fe","","LEVEL 1: Exact Native Source ID","PROVEN","SURVIVED_CANONICAL"
"naukri:c8d4c7de1b368aac","SPARSE_SPEC","0","","","","","NONE","UNKNOWN","HISTORICALLY_PRESENT_CURRENTLY_ABSENT"
"naukri:c9f1c6567eda6739","SPARSE_SPEC","0","","","","","NONE","UNKNOWN","HISTORICALLY_PRESENT_CURRENTLY_ABSENT"
"naukri:ca1ca7d3a8a2f2ac","SPARSE_SPEC","0","","","","","NONE","UNKNOWN","HISTORICALLY_PRESENT_CURRENTLY_ABSENT"
"naukri:ca38483166714dea","SPARSE_SPEC","0","","","","","NONE","UNKNOWN","HISTORICALLY_PRESENT_CURRENTLY_ABSENT"
"naukri:ca7a454bf8a63c74","SPARSE_SPEC","0","","","","","NONE","UNKNOWN","HISTORICALLY_PRESENT_CURRENTLY_ABSENT"
"naukri:cb2ae0dd495f12d1","SPARSE_SPEC","0","","","","","NONE","UNKNOWN","HISTORICALLY_PRESENT_CURRENTLY_ABSENT"
"naukri:cb2fd04e70c4e90d","SPARSE_SPEC","0","","","","","NONE","UNKNOWN","HISTORICALLY_PRESENT_CURRENTLY_ABSENT"
"naukri:cd4f1df7d5ab9b8b","SPARSE_SPEC","0","","","","","NONE","UNKNOWN","HISTORICALLY_PRESENT_CURRENTLY_ABSENT"
"naukri:ce48a0fabb73eeca","SPARSE_SPEC","0","","","","","NONE","UNKNOWN","HISTORICALLY_PRESENT_CURRENTLY_ABSENT"
"naukri:ce4f9d0b986a0578","SPARSE_SPEC","0","","4975cde93f6da2204b83283540e74a91709009edf2ac4678ee41069c623a59a4","89d7b00e35c46d7461b52f97f079ef572978d807a5f210dd8fed2b3ce340c865","","LEVEL 1: Exact Native Source ID","PROVEN","SURVIVED_CANONICAL"
"naukri:ce76cad92617e883","SPARSE_SPEC","","","","","","NONE","UNKNOWN","HISTORICALLY_PRESENT_CURRENTLY_ABSENT"
"naukri:ce7ef2d54bcec511","SPARSE_SPEC","","","","","","NONE","UNKNOWN","HISTORICALLY_PRESENT_CURRENTLY_ABSENT"
"naukri:cf9348f1b1c240e8","SPARSE_SPEC","0","","","","","NONE","UNKNOWN","HISTORICALLY_PRESENT_CURRENTLY_ABSENT"
"naukri:d02dece3f7d6125b","SPARSE_SPEC","0","","","","","NONE","UNKNOWN","HISTORICALLY_PRESENT_CURRENTLY_ABSENT"
"naukri:d0986f76940e3333","SPARSE_SPEC","0","","","","","NONE","UNKNOWN","HISTORICALLY_PRESENT_CURRENTLY_ABSENT"
"naukri:d2e5a9200613c2c8","SPARSE_SPEC","0","","","","","NONE","UNKNOWN","HISTORICALLY_PRESENT_CURRENTLY_ABSENT"
"naukri:d492577219fe37ad","SPARSE_SPEC","0","","dab195a99bbea5f5f74704fc98119226717fe37da02ce4398df9486939009861","b65eadead9bc825fc3e62019bd340b22990a320143578ea4bb33383249d11b2c","","LEVEL 1: Exact Native Source ID","PROVEN","SURVIVED_CANONICAL"
"naukri:d4a2c9a5e372cb6f","SPARSE_SPEC","0","","776bf178c2af3bbf9667f45b445cd8a509e41ccaa63da210ec8a8239621b459d","35f591f71559eae9739ece0f464fefc268d6afa6512afaebce94a85df5133a1f","","LEVEL 1: Exact Native Source ID","PROVEN","SURVIVED_CANONICAL"
"naukri:d4f7ed4accd7662e","SPARSE_SPEC","0","","","","","NONE","UNKNOWN","HISTORICALLY_PRESENT_CURRENTLY_ABSENT"
"naukri:d501a2e0bef8f08f","SPARSE_SPEC","0","","","","","NONE","UNKNOWN","HISTORICALLY_PRESENT_CURRENTLY_ABSENT"
"naukri:d56584d0b0da8add","SPARSE_SPEC","0","","","","","NONE","UNKNOWN","HISTORICALLY_PRESENT_CURRENTLY_ABSENT"
"naukri:d5f013599ec8b8e9","SPARSE_SPEC","0","","","","","NONE","UNKNOWN","HISTORICALLY_PRESENT_CURRENTLY_ABSENT"
"naukri:d6d60e42f906365c","SPARSE_SPEC","0","","","","","NONE","UNKNOWN","HISTORICALLY_PRESENT_CURRENTLY_ABSENT"
"naukri:d743317646df14b7","SPARSE_SPEC","0","","","","","NONE","UNKNOWN","HISTORICALLY_PRESENT_CURRENTLY_ABSENT"
"naukri:d772ae44b1e2151e","SPARSE_SPEC","0","","","","","NONE","UNKNOWN","HISTORICALLY_PRESENT_CURRENTLY_ABSENT"
"naukri:d8c64f7602eb2842","SPARSE_SPEC","0","","","","","NONE","UNKNOWN","HISTORICALLY_PRESENT_CURRENTLY_ABSENT"
"naukri:da1b1cf677391398","SPARSE_SPEC","0","","","","","NONE","UNKNOWN","HISTORICALLY_PRESENT_CURRENTLY_ABSENT"
"naukri:da31280cfd08a876","SPARSE_SPEC","0","","","","","NONE","UNKNOWN","HISTORICALLY_PRESENT_CURRENTLY_ABSENT"
"naukri:db5415cd6c1ecf51","SPARSE_SPEC","0","","","","","NONE","UNKNOWN","HISTORICALLY_PRESENT_CURRENTLY_ABSENT"
"naukri:dc1f10af196458cf","SPARSE_SPEC","0","","","","","NONE","UNKNOWN","HISTORICALLY_PRESENT_CURRENTLY_ABSENT"
"naukri:dc218dc2ff77d021","SPARSE_SPEC","0","","","","","NONE","UNKNOWN","HISTORICALLY_PRESENT_CURRENTLY_ABSENT"
"naukri:dc3c9f7dbdf88dcd","SPARSE_SPEC","0","","","","","NONE","UNKNOWN","HISTORICALLY_PRESENT_CURRENTLY_ABSENT"
"naukri:dc836cda5f422481","SPARSE_SPEC","0","","","","","NONE","UNKNOWN","HISTORICALLY_PRESENT_CURRENTLY_ABSENT"
"naukri:de4e2afb04cbbcbf","SPARSE_SPEC","0","","","","","NONE","UNKNOWN","HISTORICALLY_PRESENT_CURRENTLY_ABSENT"
"naukri:de949a689f854173","SPARSE_SPEC","0","","","","","NONE","UNKNOWN","HISTORICALLY_PRESENT_CURRENTLY_ABSENT"
"naukri:deeb95d5cc72e118","SPARSE_SPEC","0","","","","","NONE","UNKNOWN","HISTORICALLY_PRESENT_CURRENTLY_ABSENT"
"naukri:defb3604526f80d6","SPARSE_SPEC","","","","","","NONE","UNKNOWN","HISTORICALLY_PRESENT_CURRENTLY_ABSENT"
"naukri:df44b61063b8efab","SPARSE_SPEC","0","","","","","NONE","UNKNOWN","HISTORICALLY_PRESENT_CURRENTLY_ABSENT"
"naukri:e19a23e21255d25a","SPARSE_SPEC","","","bafb327112ef96607b84c71fffc86d510bc730e282b968692fc10742f49b64cb","e762c48a6faa0e1a9d49e5006e29c21b417a17cc1b54ae2caf413f77fa784b03","","LEVEL 1: Exact Native Source ID","PROVEN","SURVIVED_CANONICAL"
"naukri:e1c7ac584dbf25d0","SPARSE_SPEC","0","","","","","NONE","UNKNOWN","HISTORICALLY_PRESENT_CURRENTLY_ABSENT"
"naukri:e260dbae8b649f39","SPARSE_SPEC","0","","","","","NONE","UNKNOWN","HISTORICALLY_PRESENT_CURRENTLY_ABSENT"
"naukri:e27628f062b1d905","SPARSE_SPEC","0","","","","","NONE","UNKNOWN","HISTORICALLY_PRESENT_CURRENTLY_ABSENT"
"naukri:e39ef26fd2b34d85","SPARSE_SPEC","0","","","","","NONE","UNKNOWN","HISTORICALLY_PRESENT_CURRENTLY_ABSENT"
"naukri:e4685162e0367ac3","SPARSE_SPEC","","","","","","NONE","UNKNOWN","HISTORICALLY_PRESENT_CURRENTLY_ABSENT"
"naukri:e4fabcef806b2c39","SPARSE_SPEC","0","","","","","NONE","UNKNOWN","HISTORICALLY_PRESENT_CURRENTLY_ABSENT"
"naukri:e63ded8e690bac77","SPARSE_SPEC","","","","","","NONE","UNKNOWN","HISTORICALLY_PRESENT_CURRENTLY_ABSENT"
"naukri:e691add6a70a7a2d","SPARSE_SPEC","0","","a0dc50334e4cb384097ffaa034c5e8b6f70839dd8392e92804dedd14fb0d2b41","13ab6a340f08eedbcb5af5cff2173764823a0459db330808bead0b93d4cfcb81","","LEVEL 1: Exact Native Source ID","PROVEN","SURVIVED_CANONICAL"
"naukri:e6c42705b5670440","SPARSE_SPEC","","","aaeea58dd9edcdf20605b36ac13a46fd5c8b3981d85e4433405131f59e3e921f","686cdece477a17f5030670092841dba89a5d0b36c63ff8cc498341f087a579d3","","LEVEL 1: Exact Native Source ID","PROVEN","SURVIVED_CANONICAL"
"naukri:e7c9361e3b9b9dd9","SPARSE_SPEC","0","","","","","NONE","UNKNOWN","HISTORICALLY_PRESENT_CURRENTLY_ABSENT"
"naukri:e841ea4c42bb5c8f","SPARSE_SPEC","0","","","","","NONE","UNKNOWN","HISTORICALLY_PRESENT_CURRENTLY_ABSENT"
"naukri:e85536fef8f2575c","SPARSE_SPEC","0","","bdfc8d71bf19fe378d09c4f5c9d538785047366f2ea5d76626cef25ee1be5007","77b03a078f1ba1d935d1b95cd251ea01385e2876885f98419643f543dd748a41","","LEVEL 1: Exact Native Source ID","PROVEN","SURVIVED_CANONICAL"
"naukri:e8e1c5437f5d0130","SPARSE_SPEC","","","","","","NONE","UNKNOWN","HISTORICALLY_PRESENT_CURRENTLY_ABSENT"
"naukri:e9184fbbb7b47501","SPARSE_SPEC","","","d09060fd0ee5cf29e48956e977a19da6173f48da48d823f924a53a369a78f7eb","c28226a01b0e30b8a24edaee9b26ffa0e3dfdaffb756f7bbbf9dadfd1eb60289","","LEVEL 1: Exact Native Source ID","PROVEN","SURVIVED_CANONICAL"
"naukri:e92c9f07b2730411","SPARSE_SPEC","0","","3e6cfdaa7f8e66d1c36975d2785c5c96b191baa48e14b05b484c4a44e968a238","2dd60aa2fd2043399911c1ae99d7d8386e0923cd0b644e0fd9fd1fc899e9ed09","","LEVEL 1: Exact Native Source ID","PROVEN","SURVIVED_CANONICAL"
"naukri:e93f8711eeac379f","SPARSE_SPEC","","","","","","NONE","UNKNOWN","HISTORICALLY_PRESENT_CURRENTLY_ABSENT"
"naukri:e94720f94160046b","SPARSE_SPEC","0","","","","","NONE","UNKNOWN","HISTORICALLY_PRESENT_CURRENTLY_ABSENT"
"naukri:e96e4a4375579f28","SPARSE_SPEC","0","","","","","NONE","UNKNOWN","HISTORICALLY_PRESENT_CURRENTLY_ABSENT"
"naukri:eaa3aa3ea59a3aaa","SPARSE_SPEC","0","","","","","NONE","UNKNOWN","HISTORICALLY_PRESENT_CURRENTLY_ABSENT"
"naukri:eb05b6e5b7e1ca37","SPARSE_SPEC","0","","","","","NONE","UNKNOWN","HISTORICALLY_PRESENT_CURRENTLY_ABSENT"
"naukri:eb5d4053867c6af3","SPARSE_SPEC","0","","","","","NONE","UNKNOWN","HISTORICALLY_PRESENT_CURRENTLY_ABSENT"
"naukri:eb980b98485a73ad","SPARSE_SPEC","0","","","","","NONE","UNKNOWN","HISTORICALLY_PRESENT_CURRENTLY_ABSENT"
"naukri:ebadb8403cbbbf3c","SPARSE_SPEC","0","","237c5444fdc49b0bb54248ec281ad814e9cfcaf183d562727516ad82c214aa28","be14711587ba8f5eb3de30cfd4905707ada473615614dd193728147f7d33469c","","LEVEL 1: Exact Native Source ID","PROVEN","SURVIVED_CANONICAL"
"naukri:ec21c1f04393cdb2","SPARSE_SPEC","0","","","","","NONE","UNKNOWN","HISTORICALLY_PRESENT_CURRENTLY_ABSENT"
"naukri:ed3a483a47a31947","SPARSE_SPEC","0","","","","","NONE","UNKNOWN","HISTORICALLY_PRESENT_CURRENTLY_ABSENT"
"naukri:ed86eea273e6d787","SPARSE_SPEC","0","","","","","NONE","UNKNOWN","HISTORICALLY_PRESENT_CURRENTLY_ABSENT"
"naukri:edb78a1aa5fde22c","SPARSE_SPEC","0","","","","","NONE","UNKNOWN","HISTORICALLY_PRESENT_CURRENTLY_ABSENT"
"naukri:eeb849404662eb2f","SPARSE_SPEC","","","f0e6c442fc5ee79369a13854b8d294aeef32116afeee880f6dad73b787783d57","35d3e83c22f591004b361f2c08f3e7693c3d4d0edabb421e6e9f5da45b710f2e","","LEVEL 1: Exact Native Source ID","PROVEN","SURVIVED_CANONICAL"
"naukri:ef552ed298764794","SPARSE_SPEC","","","9af2ea1cb85e1cdb8ee227dbba20c111f031b0ae41cb16f2b1052db872927f4c","7d4b6aa4712334e61c283712882706cf9685ada6453412a85298539de4f3d648","","LEVEL 1: Exact Native Source ID","PROVEN","SURVIVED_CANONICAL"
"naukri:efdeb67f45085d05","SPARSE_SPEC","0","","f78b7d17682d9b8e676abd293f8815f93ff7a4d794ae0fa7656fd5737c890873","90b3a6e8b33c6cab5bfef268c3df2fc840fd55e1d8ebab23909cec6343baff7f","","LEVEL 1: Exact Native Source ID","PROVEN","SURVIVED_CANONICAL"
"naukri:efe057cd2cff6884","SPARSE_SPEC","0","","","","","NONE","UNKNOWN","HISTORICALLY_PRESENT_CURRENTLY_ABSENT"
"naukri:f22daa7788bfe8c1","SPARSE_SPEC","0","","be7d240af66a1143c45b16e661f622ce5db8cf37539600ccaa21a97069fac798","526df67e1257aee66d0b806be97ed281cbe768b098380d3ecc65995a2bb15da8","","LEVEL 1: Exact Native Source ID","PROVEN","SURVIVED_CANONICAL"
"naukri:f32f226102c256d2","SPARSE_SPEC","0","","","","","NONE","UNKNOWN","HISTORICALLY_PRESENT_CURRENTLY_ABSENT"
"naukri:f3c4ed542e073555","SPARSE_SPEC","0","","","","","NONE","UNKNOWN","HISTORICALLY_PRESENT_CURRENTLY_ABSENT"
"naukri:f46711d638297eee","SPARSE_SPEC","0","","","","","NONE","UNKNOWN","HISTORICALLY_PRESENT_CURRENTLY_ABSENT"
"naukri:f5977c2084727e69","SPARSE_SPEC","0","","","","","NONE","UNKNOWN","HISTORICALLY_PRESENT_CURRENTLY_ABSENT"
"naukri:f64d5f7aea08b77f","SPARSE_SPEC","","","24da6d27756551aec6b978bfcc79b5cc7bfa27920b1cf254ba0a1b43c9851ebd","4a8aac39f8123326e6fa7e72f528851af9a35bc96b7af83ab4dd1d540712efed","","LEVEL 1: Exact Native Source ID","PROVEN","SURVIVED_CANONICAL"
"naukri:f791fbffbe838d5e","SPARSE_SPEC","0","","","","","NONE","UNKNOWN","HISTORICALLY_PRESENT_CURRENTLY_ABSENT"
"naukri:f7cf2ad00f6c97b7","SPARSE_SPEC","0","","","","","NONE","UNKNOWN","HISTORICALLY_PRESENT_CURRENTLY_ABSENT"
"naukri:f8428cb0585fdfd0","SPARSE_SPEC","0","","","","","NONE","UNKNOWN","HISTORICALLY_PRESENT_CURRENTLY_ABSENT"
"naukri:f8ee027853444212","SPARSE_SPEC","0","","","","","NONE","UNKNOWN","HISTORICALLY_PRESENT_CURRENTLY_ABSENT"
"naukri:f9b95b0fa783b62a","SPARSE_SPEC","0","","1c88b28b6f3286f019c2e38a76e42c3bb95c27b0b6037a95d91ae7b7e1ea1bef","b7f7355ca610b625bd8b63ae4dfba78127f4b1aa46b9050c5c16b3269ebc909e","","LEVEL 1: Exact Native Source ID","PROVEN","SURVIVED_CANONICAL"
"naukri:fa484c41dc9fa6be","SPARSE_SPEC","0","","","","","NONE","UNKNOWN","HISTORICALLY_PRESENT_CURRENTLY_ABSENT"
"naukri:fcaf3c7ac8e44913","SPARSE_SPEC","0","","","","","NONE","UNKNOWN","HISTORICALLY_PRESENT_CURRENTLY_ABSENT"
"naukri:fcb36b437ec5b4f7","SPARSE_SPEC","0","","","","","NONE","UNKNOWN","HISTORICALLY_PRESENT_CURRENTLY_ABSENT"
"naukri:fe10588794e2f8dc","SPARSE_SPEC","0","","","","","NONE","UNKNOWN","HISTORICALLY_PRESENT_CURRENTLY_ABSENT"
"naukri:ff071e419e328f49","SPARSE_SPEC","0","","","","","NONE","UNKNOWN","HISTORICALLY_PRESENT_CURRENTLY_ABSENT"
"naukri:ff72d52d1e95efc8","SPARSE_SPEC","","","","","","NONE","UNKNOWN","HISTORICALLY_PRESENT_CURRENTLY_ABSENT"
