historical_decision_id,historical_opportunity_id,historical_decision,historical_timestamp,current_opportunity_id,current_canonical_id,current_decision_id,current_decision_value,match_method,confidence,disposition
"hist_dec_1","j-f5873c10d6cd","CONSIDER","2026-08-16T00:00:00.000Z","j-f5873c10d6cd","","","","NONE","PROVEN","DECISION_PRESENT_ONLY_HISTORICALLY"
"hist_dec_2","j-4d8a0ef3fad4","PASS","2026-08-16T00:00:00.000Z","j-4d8a0ef3fad4","","","","NONE","PROVEN","DECISION_PRESENT_ONLY_HISTORICALLY"
"hist_dec_3","j-17cf4bf12862","PASS","2026-08-16T00:00:00.000Z","j-17cf4bf12862","","","","NONE","PROVEN","DECISION_PRESENT_ONLY_HISTORICALLY"
"hist_dec_4","j-84f95017a47d","PASS","2026-08-16T00:00:00.000Z","j-84f95017a47d","","","","NONE","PROVEN","DECISION_PRESENT_ONLY_HISTORICALLY"
"hist_dec_5","j-ea083c87120a","PASS","2026-08-16T00:00:00.000Z","j-ea083c87120a","","","","NONE","PROVEN","DECISION_PRESENT_ONLY_HISTORICALLY"
"hist_dec_6","j-9408a139f3ee","PASS","2026-08-16T00:00:00.000Z","j-9408a139f3ee","","","","NONE","PROVEN","DECISION_PRESENT_ONLY_HISTORICALLY"
"hist_dec_7","j-43f9a4509b88","PASS","2026-08-16T00:00:00.000Z","j-43f9a4509b88","","","","NONE","PROVEN","DECISION_PRESENT_ONLY_HISTORICALLY"
"hist_dec_8","j-ff2f56f34d52","PASS","2026-08-16T00:00:00.000Z","j-ff2f56f34d52","","","","NONE","PROVEN","DECISION_PRESENT_ONLY_HISTORICALLY"
"hist_dec_9","j-9297babc8d5f","PASS","2026-08-16T00:00:00.000Z","j-9297babc8d5f","","","","NONE","PROVEN","DECISION_PRESENT_ONLY_HISTORICALLY"
"hist_dec_10","j-fd09a5e8a65a","CONSIDER","2026-08-16T00:00:00.000Z","j-fd09a5e8a65a","","","","NONE","PROVEN","DECISION_PRESENT_ONLY_HISTORICALLY"
"hist_dec_11","j-6156d4030258","PASS","2026-08-16T00:00:00.000Z","j-6156d4030258","","","","NONE","PROVEN","DECISION_PRESENT_ONLY_HISTORICALLY"
"hist_dec_12","j-96855af6ba4d","PASS","2026-08-16T00:00:00.000Z","j-96855af6ba4d","","","","NONE","PROVEN","DECISION_PRESENT_ONLY_HISTORICALLY"
"hist_dec_13","j-7af0d3b48165","PASS","2026-08-16T00:00:00.000Z","j-7af0d3b48165","","","","NONE","PROVEN","DECISION_PRESENT_ONLY_HISTORICALLY"
"hist_dec_14","j-aa64c3fc5192","PURSUE","2026-08-16T00:00:00.000Z","j-aa64c3fc5192","","","","NONE","PROVEN","DECISION_PRESENT_ONLY_HISTORICALLY"
"hist_dec_15","j-4d221e646c80","CONSIDER","2026-08-16T00:00:00.000Z","j-4d221e646c80","","","","NONE","PROVEN","DECISION_PRESENT_ONLY_HISTORICALLY"
"hist_dec_16","j-97968062274f","PASS","2026-08-16T00:00:00.000Z","j-97968062274f","","","","NONE","PROVEN","DECISION_PRESENT_ONLY_HISTORICALLY"
"hist_dec_17","j-350936bfee90","PASS","2026-08-16T00:00:00.000Z","j-350936bfee90","","","","NONE","PROVEN","DECISION_PRESENT_ONLY_HISTORICALLY"
"hist_dec_18","j-43d807fbaa83","CONSIDER","2026-08-16T00:00:00.000Z","j-43d807fbaa83","","","","NONE","PROVEN","DECISION_PRESENT_ONLY_HISTORICALLY"
"hist_dec_19","j-90480f7492d5","PASS","2026-08-16T00:00:00.000Z","j-90480f7492d5","","","","NONE","PROVEN","DECISION_PRESENT_ONLY_HISTORICALLY"
"hist_dec_20","j-a24a7b7b9fb5","PASS","2026-08-16T00:00:00.000Z","j-a24a7b7b9fb5","","","","NONE","PROVEN","DECISION_PRESENT_ONLY_HISTORICALLY"
"hist_dec_21","j-993e2d8f6b42","PURSUE","2026-08-16T00:00:00.000Z","j-993e2d8f6b42","","","","NONE","PROVEN","DECISION_PRESENT_ONLY_HISTORICALLY"
"hist_dec_22","j-c8f9e07baee0","PASS","2026-08-16T00:00:00.000Z","j-c8f9e07baee0","","","","NONE","PROVEN","DECISION_PRESENT_ONLY_HISTORICALLY"
"hist_dec_23","j-272c08b85df0","PURSUE","2026-08-16T00:00:00.000Z","j-272c08b85df0","","","","NONE","PROVEN","DECISION_PRESENT_ONLY_HISTORICALLY"
"hist_dec_24","j-2117f7e9fb2d","PURSUE","2026-08-16T00:00:00.000Z","j-2117f7e9fb2d","","","","NONE","PROVEN","DECISION_PRESENT_ONLY_HISTORICALLY"
"hist_dec_25","j-00aaee593e18","PASS","2026-08-16T00:00:00.000Z","j-00aaee593e18","","","","NONE","PROVEN","DECISION_PRESENT_ONLY_HISTORICALLY"
"hist_dec_26","j-adf495c21d8d","CONSIDER","2026-08-16T00:00:00.000Z","j-adf495c21d8d","","","","NONE","PROVEN","DECISION_PRESENT_ONLY_HISTORICALLY"
"hist_dec_27","j-c9c8d61c5dfa","PASS","2026-08-16T00:00:00.000Z","j-c9c8d61c5dfa","","","","NONE","PROVEN","DECISION_PRESENT_ONLY_HISTORICALLY"
"hist_dec_28","j-4dd37d1041db","PURSUE","2026-08-16T00:00:00.000Z","j-4dd37d1041db","","","","NONE","PROVEN","DECISION_PRESENT_ONLY_HISTORICALLY"
"hist_dec_29","j-fa1b01ce6e2d","CONSIDER","2026-08-16T00:00:00.000Z","j-fa1b01ce6e2d","","","","NONE","PROVEN","DECISION_PRESENT_ONLY_HISTORICALLY"
"hist_dec_30","j-9fb1b95aae7e","PURSUE","2026-08-16T00:00:00.000Z","j-9fb1b95aae7e","","","","NONE","PROVEN","DECISION_PRESENT_ONLY_HISTORICALLY"
"hist_dec_31","j-3a2d5d29dc67","PURSUE","2026-08-16T00:00:00.000Z","j-3a2d5d29dc67","","","","NONE","PROVEN","DECISION_PRESENT_ONLY_HISTORICALLY"
"hist_dec_32","j-44a31c53d411","PASS","2026-08-16T00:00:00.000Z","j-44a31c53d411","","","","NONE","PROVEN","DECISION_PRESENT_ONLY_HISTORICALLY"
"hist_dec_33","j-bef38084c7c9","PURSUE","2026-08-16T00:00:00.000Z","j-bef38084c7c9","","","","NONE","PROVEN","DECISION_PRESENT_ONLY_HISTORICALLY"
"hist_dec_34","j-099437e80b44","PURSUE","2026-08-16T00:00:00.000Z","j-099437e80b44","","","","NONE","PROVEN","DECISION_PRESENT_ONLY_HISTORICALLY"
"hist_dec_35","j-757e7911ddf6","PASS","2026-08-16T00:00:00.000Z","j-757e7911ddf6","","","","NONE","PROVEN","DECISION_PRESENT_ONLY_HISTORICALLY"
"hist_dec_36","j-6c04c0da113c","CONSIDER","2026-08-16T00:00:00.000Z","j-6c04c0da113c","","","","NONE","PROVEN","DECISION_PRESENT_ONLY_HISTORICALLY"
"hist_dec_37","j-832e06aca98d","PASS","2026-08-16T00:00:00.000Z","j-832e06aca98d","","","","NONE","PROVEN","DECISION_PRESENT_ONLY_HISTORICALLY"
"hist_dec_38","j-7fa5c9a8c2ac","PURSUE","2026-08-16T00:00:00.000Z","j-7fa5c9a8c2ac","","","","NONE","PROVEN","DECISION_PRESENT_ONLY_HISTORICALLY"
"hist_dec_39","j-6bef5f20bfc6","PURSUE","2026-08-16T00:00:00.000Z","j-6bef5f20bfc6","","","","NONE","PROVEN","DECISION_PRESENT_ONLY_HISTORICALLY"
"hist_dec_40","j-ad015e7becd8","PASS","2026-08-16T00:00:00.000Z","j-ad015e7becd8","","","","NONE","PROVEN","DECISION_PRESENT_ONLY_HISTORICALLY"
"hist_dec_41","j-e6f093916a24","PASS","2026-08-16T00:00:00.000Z","j-e6f093916a24","","","","NONE","PROVEN","DECISION_PRESENT_ONLY_HISTORICALLY"
"hist_dec_42","j-122635045f26","PASS","2026-08-16T00:00:00.000Z","j-122635045f26","","","","NONE","PROVEN","DECISION_PRESENT_ONLY_HISTORICALLY"
"hist_dec_43","j-03d382873c95","PASS","2026-08-16T00:00:00.000Z","j-03d382873c95","","","","NONE","PROVEN","DECISION_PRESENT_ONLY_HISTORICALLY"
"hist_dec_44","j-8a3fcc79b58b","PASS","2026-08-16T00:00:00.000Z","j-8a3fcc79b58b","","","","NONE","PROVEN","DECISION_PRESENT_ONLY_HISTORICALLY"
"hist_dec_45","j-274e72c22f08","PASS","2026-08-16T00:00:00.000Z","j-274e72c22f08","","","","NONE","PROVEN","DECISION_PRESENT_ONLY_HISTORICALLY"
"hist_dec_46","j-1307cfde1a55","PASS","2026-08-16T00:00:00.000Z","j-1307cfde1a55","","","","NONE","PROVEN","DECISION_PRESENT_ONLY_HISTORICALLY"
"hist_dec_47","j-ec807b712579","PURSUE","2026-08-16T00:00:00.000Z","j-ec807b712579","","","","NONE","PROVEN","DECISION_PRESENT_ONLY_HISTORICALLY"
"hist_dec_48","j-922e82d57877","PASS","2026-08-16T00:00:00.000Z","j-922e82d57877","","","","NONE","PROVEN","DECISION_PRESENT_ONLY_HISTORICALLY"
"hist_dec_49","j-39205d08b964","PASS","2026-08-16T00:00:00.000Z","j-39205d08b964","","","","NONE","PROVEN","DECISION_PRESENT_ONLY_HISTORICALLY"
"hist_dec_50","j-9fc41d4e34a8","PASS","2026-08-16T00:00:00.000Z","j-9fc41d4e34a8","","","","NONE","PROVEN","DECISION_PRESENT_ONLY_HISTORICALLY"
"hist_dec_51","j-828043b8f6e2","PASS","2026-08-16T00:00:00.000Z","j-828043b8f6e2","","","","NONE","PROVEN","DECISION_PRESENT_ONLY_HISTORICALLY"
"hist_dec_52","j-e659bba92236","PASS","2026-08-16T00:00:00.000Z","j-e659bba92236","","","","NONE","PROVEN","DECISION_PRESENT_ONLY_HISTORICALLY"
"hist_dec_53","j-06ad3808001f","PASS","2026-08-16T00:00:00.000Z","j-06ad3808001f","","","","NONE","PROVEN","DECISION_PRESENT_ONLY_HISTORICALLY"
"hist_dec_54","j-d7b949a24076","PASS","2026-08-16T00:00:00.000Z","j-d7b949a24076","","","","NONE","PROVEN","DECISION_PRESENT_ONLY_HISTORICALLY"
"hist_dec_55","j-99bbde4e6a94","PASS","2026-08-16T00:00:00.000Z","j-99bbde4e6a94","","","","NONE","PROVEN","DECISION_PRESENT_ONLY_HISTORICALLY"
"hist_dec_56","j-44950ad53deb","PASS","2026-08-16T00:00:00.000Z","j-44950ad53deb","","","","NONE","PROVEN","DECISION_PRESENT_ONLY_HISTORICALLY"
"hist_dec_57","j-385f6239a551","PASS","2026-08-16T00:00:00.000Z","j-385f6239a551","","","","NONE","PROVEN","DECISION_PRESENT_ONLY_HISTORICALLY"
"hist_dec_58","j-87a0a5fabc3a","PASS","2026-08-16T00:00:00.000Z","j-87a0a5fabc3a","","","","NONE","PROVEN","DECISION_PRESENT_ONLY_HISTORICALLY"
"hist_dec_59","j-e29866a802ee","PASS","2026-08-16T00:00:00.000Z","j-e29866a802ee","","","","NONE","PROVEN","DECISION_PRESENT_ONLY_HISTORICALLY"
"hist_dec_60","j-629e2e5ede8c","PASS","2026-08-16T00:00:00.000Z","j-629e2e5ede8c","","","","NONE","PROVEN","DECISION_PRESENT_ONLY_HISTORICALLY"
"hist_dec_61","j-e4787afa241a","PASS","2026-08-16T00:00:00.000Z","j-e4787afa241a","","","","NONE","PROVEN","DECISION_PRESENT_ONLY_HISTORICALLY"
"hist_dec_62","j-051b6244a0ba","PASS","2026-08-16T00:00:00.000Z","j-051b6244a0ba","","","","NONE","PROVEN","DECISION_PRESENT_ONLY_HISTORICALLY"
"hist_dec_63","j-999fcfc596f0","PASS","2026-08-16T00:00:00.000Z","j-999fcfc596f0","","","","NONE","PROVEN","DECISION_PRESENT_ONLY_HISTORICALLY"
"hist_dec_64","j-33708a5c0d32","PASS","2026-08-16T00:00:00.000Z","j-33708a5c0d32","","","","NONE","PROVEN","DECISION_PRESENT_ONLY_HISTORICALLY"
"hist_dec_65","j-6caec040a480","PASS","2026-08-16T00:00:00.000Z","j-6caec040a480","","","","NONE","PROVEN","DECISION_PRESENT_ONLY_HISTORICALLY"
"hist_dec_66","j-5bc7afaf25a8","PASS","2026-08-16T00:00:00.000Z","j-5bc7afaf25a8","","","","NONE","PROVEN","DECISION_PRESENT_ONLY_HISTORICALLY"
"hist_dec_67","j-d1a2303beab1","PASS","2026-08-16T00:00:00.000Z","j-d1a2303beab1","","","","NONE","PROVEN","DECISION_PRESENT_ONLY_HISTORICALLY"
"hist_dec_68","j-f5bc8849aa65","PASS","2026-08-16T00:00:00.000Z","j-f5bc8849aa65","","","","NONE","PROVEN","DECISION_PRESENT_ONLY_HISTORICALLY"
"hist_dec_69","j-5869253380eb","PURSUE","2026-08-16T00:00:00.000Z","j-5869253380eb","","","","NONE","PROVEN","DECISION_PRESENT_ONLY_HISTORICALLY"
"hist_dec_70","j-0b62965ffb9f","PASS","2026-08-16T00:00:00.000Z","j-0b62965ffb9f","","","","NONE","PROVEN","DECISION_PRESENT_ONLY_HISTORICALLY"
"hist_dec_71","j-b4e4a0b59c2a","PURSUE","2026-08-16T00:00:00.000Z","j-b4e4a0b59c2a","","","","NONE","PROVEN","DECISION_PRESENT_ONLY_HISTORICALLY"
"hist_dec_72","j-cdda239800fe","SPARSE_SPEC","2026-08-16T00:00:00.000Z","j-cdda239800fe","","","","NONE","PROVEN","DECISION_PRESENT_ONLY_HISTORICALLY"
"hist_dec_73","j-3beb9443d35d","PURSUE","2026-08-16T00:00:00.000Z","j-3beb9443d35d","","","","NONE","PROVEN","DECISION_PRESENT_ONLY_HISTORICALLY"
"hist_dec_74","j-da2a5ef344c9","PASS","2026-08-16T00:00:00.000Z","j-da2a5ef344c9","","","","NONE","PROVEN","DECISION_PRESENT_ONLY_HISTORICALLY"
"hist_dec_75","j-9f65cfe7c93d","PURSUE","2026-08-16T00:00:00.000Z","j-9f65cfe7c93d","","","","NONE","PROVEN","DECISION_PRESENT_ONLY_HISTORICALLY"
"hist_dec_76","j-a1593f01d1de","PASS","2026-08-16T00:00:00.000Z","j-a1593f01d1de","","","","NONE","PROVEN","DECISION_PRESENT_ONLY_HISTORICALLY"
"hist_dec_77","j-0beb0272842e","CONSIDER","2026-08-16T00:00:00.000Z","j-0beb0272842e","","","","NONE","PROVEN","DECISION_PRESENT_ONLY_HISTORICALLY"
"hist_dec_78","j-97ec3d0a203a","PASS","2026-08-16T00:00:00.000Z","j-97ec3d0a203a","","","","NONE","PROVEN","DECISION_PRESENT_ONLY_HISTORICALLY"
"hist_dec_79","j-77af129bdc59","PURSUE","2026-08-16T00:00:00.000Z","j-77af129bdc59","","","","NONE","PROVEN","DECISION_PRESENT_ONLY_HISTORICALLY"
"hist_dec_80","j-2dd136f7b769","PASS","2026-08-16T00:00:00.000Z","j-2dd136f7b769","","","","NONE","PROVEN","DECISION_PRESENT_ONLY_HISTORICALLY"
"hist_dec_81","j-c47d09c171ef","PASS","2026-08-16T00:00:00.000Z","j-c47d09c171ef","","","","NONE","PROVEN","DECISION_PRESENT_ONLY_HISTORICALLY"
"hist_dec_82","j-c15409e3c53b","PURSUE","2026-08-16T00:00:00.000Z","j-c15409e3c53b","","","","NONE","PROVEN","DECISION_PRESENT_ONLY_HISTORICALLY"
"hist_dec_83","j-90cb2a520c30","PASS","2026-08-16T00:00:00.000Z","j-90cb2a520c30","","","","NONE","PROVEN","DECISION_PRESENT_ONLY_HISTORICALLY"
"hist_dec_84","j-ae28d1e5fd96","PURSUE","2026-08-16T00:00:00.000Z","j-ae28d1e5fd96","","","","NONE","PROVEN","DECISION_PRESENT_ONLY_HISTORICALLY"
"hist_dec_85","j-d4acf7ed639e","PURSUE","2026-08-16T00:00:00.000Z","j-d4acf7ed639e","","","","NONE","PROVEN","DECISION_PRESENT_ONLY_HISTORICALLY"
"hist_dec_86","j-77d67c3c079e","PURSUE","2026-08-16T00:00:00.000Z","j-77d67c3c079e","","","","NONE","PROVEN","DECISION_PRESENT_ONLY_HISTORICALLY"
"hist_dec_87","j-c891ddd47fad","PASS","2026-08-16T00:00:00.000Z","j-c891ddd47fad","","","","NONE","PROVEN","DECISION_PRESENT_ONLY_HISTORICALLY"
"hist_dec_88","j-e1c94447a591","PASS","2026-08-16T00:00:00.000Z","j-e1c94447a591","","","","NONE","PROVEN","DECISION_PRESENT_ONLY_HISTORICALLY"
"hist_dec_89","j-46089844ba17","CONSIDER","2026-08-16T00:00:00.000Z","j-46089844ba17","","","","NONE","PROVEN","DECISION_PRESENT_ONLY_HISTORICALLY"
"hist_dec_90","j-c4db64333bb7","PASS","2026-08-16T00:00:00.000Z","j-c4db64333bb7","","","","NONE","PROVEN","DECISION_PRESENT_ONLY_HISTORICALLY"
"hist_dec_91","j-2fb562f3f65e","PURSUE","2026-08-16T00:00:00.000Z","j-2fb562f3f65e","","","","NONE","PROVEN","DECISION_PRESENT_ONLY_HISTORICALLY"
"hist_dec_92","j-68b771f02648","PASS","2026-08-16T00:00:00.000Z","j-68b771f02648","","","","NONE","PROVEN","DECISION_PRESENT_ONLY_HISTORICALLY"
"hist_dec_93","j-c714a87ce25a","PASS","2026-08-16T00:00:00.000Z","j-c714a87ce25a","","","","NONE","PROVEN","DECISION_PRESENT_ONLY_HISTORICALLY"
"hist_dec_94","j-7aaaef6a1ae1","PASS","2026-08-16T00:00:00.000Z","j-7aaaef6a1ae1","","","","NONE","PROVEN","DECISION_PRESENT_ONLY_HISTORICALLY"
"hist_dec_95","j-5c67821120d6","PASS","2026-08-16T00:00:00.000Z","j-5c67821120d6","","","","NONE","PROVEN","DECISION_PRESENT_ONLY_HISTORICALLY"
"hist_dec_96","j-c6d5324fdd71","PASS","2026-08-16T00:00:00.000Z","j-c6d5324fdd71","","","","NONE","PROVEN","DECISION_PRESENT_ONLY_HISTORICALLY"
"hist_dec_97","j-d05382f2f4b0","CONSIDER","2026-08-16T00:00:00.000Z","j-d05382f2f4b0","","","","NONE","PROVEN","DECISION_PRESENT_ONLY_HISTORICALLY"
"hist_dec_98","j-eb3939b8b4ab","PASS","2026-08-16T00:00:00.000Z","j-eb3939b8b4ab","","","","NONE","PROVEN","DECISION_PRESENT_ONLY_HISTORICALLY"
"hist_dec_99","j-b5198ded83f3","CONSIDER","2026-08-16T00:00:00.000Z","j-b5198ded83f3","","","","NONE","PROVEN","DECISION_PRESENT_ONLY_HISTORICALLY"
"hist_dec_100","j-bc95ddeff3ff","PASS","2026-08-16T00:00:00.000Z","j-bc95ddeff3ff","","","","NONE","PROVEN","DECISION_PRESENT_ONLY_HISTORICALLY"
"hist_dec_101","j-5b5855e2990f","PASS","2026-08-16T00:00:00.000Z","j-5b5855e2990f","","","","NONE","PROVEN","DECISION_PRESENT_ONLY_HISTORICALLY"
"hist_dec_102","j-f70e03cdb685","PASS","2026-08-16T00:00:00.000Z","j-f70e03cdb685","","","","NONE","PROVEN","DECISION_PRESENT_ONLY_HISTORICALLY"
"hist_dec_103","j-6baa876ff9a3","PASS","2026-08-16T00:00:00.000Z","j-6baa876ff9a3","","","","NONE","PROVEN","DECISION_PRESENT_ONLY_HISTORICALLY"
"hist_dec_104","j-8e6634f07980","PURSUE","2026-08-16T00:00:00.000Z","j-8e6634f07980","","","","NONE","PROVEN","DECISION_PRESENT_ONLY_HISTORICALLY"
"hist_dec_105","j-a3c29e80273c","PURSUE","2026-08-16T00:00:00.000Z","j-a3c29e80273c","","","","NONE","PROVEN","DECISION_PRESENT_ONLY_HISTORICALLY"
"hist_dec_106","j-a32b18c29036","CONSIDER","2026-08-16T00:00:00.000Z","j-a32b18c29036","","","","NONE","PROVEN","DECISION_PRESENT_ONLY_HISTORICALLY"
"hist_dec_107","j-e66e9e5892cf","PASS","2026-08-16T00:00:00.000Z","j-e66e9e5892cf","","","","NONE","PROVEN","DECISION_PRESENT_ONLY_HISTORICALLY"
"hist_dec_108","j-9e22ded19227","PASS","2026-08-16T00:00:00.000Z","j-9e22ded19227","","","","NONE","PROVEN","DECISION_PRESENT_ONLY_HISTORICALLY"
"hist_dec_109","j-242bd19a6974","PURSUE","2026-08-16T00:00:00.000Z","j-242bd19a6974","","","","NONE","PROVEN","DECISION_PRESENT_ONLY_HISTORICALLY"
"hist_dec_110","j-5a2dbf8a9676","PASS","2026-08-16T00:00:00.000Z","j-5a2dbf8a9676","","","","NONE","PROVEN","DECISION_PRESENT_ONLY_HISTORICALLY"
"hist_dec_111","j-7e29ab7acc90","PASS","2026-08-16T00:00:00.000Z","j-7e29ab7acc90","","","","NONE","PROVEN","DECISION_PRESENT_ONLY_HISTORICALLY"
"hist_dec_112","j-f5b9dc4a0ff4","PASS","2026-08-16T00:00:00.000Z","j-f5b9dc4a0ff4","","","","NONE","PROVEN","DECISION_PRESENT_ONLY_HISTORICALLY"
"hist_dec_113","j-ec0f9a68568d","PASS","2026-08-16T00:00:00.000Z","j-ec0f9a68568d","","","","NONE","PROVEN","DECISION_PRESENT_ONLY_HISTORICALLY"
"hist_dec_114","j-397d86df52b5","PASS","2026-08-16T00:00:00.000Z","j-397d86df52b5","","","","NONE","PROVEN","DECISION_PRESENT_ONLY_HISTORICALLY"
"hist_dec_115","j-4cc91e1d3f5d","PURSUE","2026-08-16T00:00:00.000Z","j-4cc91e1d3f5d","","","","NONE","PROVEN","DECISION_PRESENT_ONLY_HISTORICALLY"
"hist_dec_116","j-5caee9adb4a5","PURSUE","2026-08-16T00:00:00.000Z","j-5caee9adb4a5","","","","NONE","PROVEN","DECISION_PRESENT_ONLY_HISTORICALLY"
"hist_dec_117","j-7b758e41d81d","PASS","2026-08-16T00:00:00.000Z","j-7b758e41d81d","","","","NONE","PROVEN","DECISION_PRESENT_ONLY_HISTORICALLY"
"hist_dec_118","j-0dfb4d0a2959","PASS","2026-08-16T00:00:00.000Z","j-0dfb4d0a2959","","","","NONE","PROVEN","DECISION_PRESENT_ONLY_HISTORICALLY"
"hist_dec_119","j-05ac57cbc9f5","PASS","2026-08-16T00:00:00.000Z","j-05ac57cbc9f5","","","","NONE","PROVEN","DECISION_PRESENT_ONLY_HISTORICALLY"
"hist_dec_120","j-d3a5186e496d","PURSUE","2026-08-16T00:00:00.000Z","j-d3a5186e496d","","","","NONE","PROVEN","DECISION_PRESENT_ONLY_HISTORICALLY"
"hist_dec_121","j-add2fa8fd90d","PASS","2026-08-16T00:00:00.000Z","j-add2fa8fd90d","","","","NONE","PROVEN","DECISION_PRESENT_ONLY_HISTORICALLY"
"hist_dec_122","j-3ca2f74b3d9c","CONSIDER","2026-08-16T00:00:00.000Z","j-3ca2f74b3d9c","","","","NONE","PROVEN","DECISION_PRESENT_ONLY_HISTORICALLY"
"hist_dec_123","j-f33f0a5434e0","PASS","2026-08-16T00:00:00.000Z","j-f33f0a5434e0","","","","NONE","PROVEN","DECISION_PRESENT_ONLY_HISTORICALLY"
"hist_dec_124","j-a937cb4279b5","PASS","2026-08-16T00:00:00.000Z","j-a937cb4279b5","","","","NONE","PROVEN","DECISION_PRESENT_ONLY_HISTORICALLY"
"hist_dec_125","j-b46e6743b19f","PASS","2026-08-16T00:00:00.000Z","j-b46e6743b19f","","","","NONE","PROVEN","DECISION_PRESENT_ONLY_HISTORICALLY"
"hist_dec_126","j-1412baa613c4","PURSUE","2026-08-16T00:00:00.000Z","j-1412baa613c4","","","","NONE","PROVEN","DECISION_PRESENT_ONLY_HISTORICALLY"
"hist_dec_127","j-928b901e39f4","PURSUE","2026-08-16T00:00:00.000Z","j-928b901e39f4","","","","NONE","PROVEN","DECISION_PRESENT_ONLY_HISTORICALLY"
"hist_dec_128","j-4bfb81ff466a","PASS","2026-08-16T00:00:00.000Z","j-4bfb81ff466a","","","","NONE","PROVEN","DECISION_PRESENT_ONLY_HISTORICALLY"
"hist_dec_129","j-fe4c84983346","PASS","2026-08-16T00:00:00.000Z","j-fe4c84983346","","","","NONE","PROVEN","DECISION_PRESENT_ONLY_HISTORICALLY"
"hist_dec_130","j-b54477743555","CONSIDER","2026-08-16T00:00:00.000Z","j-b54477743555","","","","NONE","PROVEN","DECISION_PRESENT_ONLY_HISTORICALLY"
"hist_dec_131","j-528e9097b1e3","PASS","2026-08-16T00:00:00.000Z","j-528e9097b1e3","","","","NONE","PROVEN","DECISION_PRESENT_ONLY_HISTORICALLY"
"hist_dec_132","j-2e1dd6d10fb9","PASS","2026-08-16T00:00:00.000Z","j-2e1dd6d10fb9","","","","NONE","PROVEN","DECISION_PRESENT_ONLY_HISTORICALLY"
"hist_dec_133","j-e39d65884f07","PURSUE","2026-08-16T00:00:00.000Z","j-e39d65884f07","","","","NONE","PROVEN","DECISION_PRESENT_ONLY_HISTORICALLY"
"hist_dec_134","j-4a94446d8d79","PASS","2026-08-16T00:00:00.000Z","j-4a94446d8d79","","","","NONE","PROVEN","DECISION_PRESENT_ONLY_HISTORICALLY"
"hist_dec_135","j-5abfa27dfba6","PURSUE","2026-08-16T00:00:00.000Z","j-5abfa27dfba6","","","","NONE","PROVEN","DECISION_PRESENT_ONLY_HISTORICALLY"
"hist_dec_136","j-d64d8da94243","CONSIDER","2026-08-16T00:00:00.000Z","j-d64d8da94243","","","","NONE","PROVEN","DECISION_PRESENT_ONLY_HISTORICALLY"
"hist_dec_137","j-5b73ac692a8b","PASS","2026-08-16T00:00:00.000Z","j-5b73ac692a8b","","","","NONE","PROVEN","DECISION_PRESENT_ONLY_HISTORICALLY"
"hist_dec_138","j-03c8403b9a82","PASS","2026-08-16T00:00:00.000Z","j-03c8403b9a82","","","","NONE","PROVEN","DECISION_PRESENT_ONLY_HISTORICALLY"
"hist_dec_139","j-f84b1984d299","PASS","2026-08-16T00:00:00.000Z","j-f84b1984d299","","","","NONE","PROVEN","DECISION_PRESENT_ONLY_HISTORICALLY"
"hist_dec_140","j-c05b04808c8d","PASS","2026-08-16T00:00:00.000Z","j-c05b04808c8d","","","","NONE","PROVEN","DECISION_PRESENT_ONLY_HISTORICALLY"
"hist_dec_141","j-6b0900252fb6","PURSUE","2026-08-16T00:00:00.000Z","j-6b0900252fb6","","","","NONE","PROVEN","DECISION_PRESENT_ONLY_HISTORICALLY"
"hist_dec_142","j-eaa529e3820a","PASS","2026-08-16T00:00:00.000Z","j-eaa529e3820a","","","","NONE","PROVEN","DECISION_PRESENT_ONLY_HISTORICALLY"
"hist_dec_143","j-fc6517f216fb","PASS","2026-08-16T00:00:00.000Z","j-fc6517f216fb","","","","NONE","PROVEN","DECISION_PRESENT_ONLY_HISTORICALLY"
"hist_dec_144","j-8444dbd48322","PASS","2026-08-16T00:00:00.000Z","j-8444dbd48322","","","","NONE","PROVEN","DECISION_PRESENT_ONLY_HISTORICALLY"
"hist_dec_145","j-2327c3cc6103","PASS","2026-08-16T00:00:00.000Z","j-2327c3cc6103","","","","NONE","PROVEN","DECISION_PRESENT_ONLY_HISTORICALLY"
"hist_dec_146","j-08079af407af","PURSUE","2026-08-16T00:00:00.000Z","j-08079af407af","","","","NONE","PROVEN","DECISION_PRESENT_ONLY_HISTORICALLY"
"hist_dec_147","j-e6f7552e55f3","CONSIDER","2026-08-16T00:00:00.000Z","j-e6f7552e55f3","","","","NONE","PROVEN","DECISION_PRESENT_ONLY_HISTORICALLY"
"hist_dec_148","j-a7009214ccd4","PASS","2026-08-16T00:00:00.000Z","j-a7009214ccd4","","","","NONE","PROVEN","DECISION_PRESENT_ONLY_HISTORICALLY"
"hist_dec_149","j-4c706c5d91ed","PASS","2026-08-16T00:00:00.000Z","j-4c706c5d91ed","","","","NONE","PROVEN","DECISION_PRESENT_ONLY_HISTORICALLY"
"hist_dec_150","j-dd747111bc08","PASS","2026-08-16T00:00:00.000Z","j-dd747111bc08","","","","NONE","PROVEN","DECISION_PRESENT_ONLY_HISTORICALLY"
"hist_dec_151","j-0a07327ea477","CONSIDER","2026-08-16T00:00:00.000Z","j-0a07327ea477","","","","NONE","PROVEN","DECISION_PRESENT_ONLY_HISTORICALLY"
"hist_dec_152","j-418ef9ecd444","PURSUE","2026-08-16T00:00:00.000Z","j-418ef9ecd444","","","","NONE","PROVEN","DECISION_PRESENT_ONLY_HISTORICALLY"
"hist_dec_153","j-3660e93b3342","PURSUE","2026-08-16T00:00:00.000Z","j-3660e93b3342","","","","NONE","PROVEN","DECISION_PRESENT_ONLY_HISTORICALLY"
"hist_dec_154","j-ced1bac8e2c2","PURSUE","2026-08-16T00:00:00.000Z","j-ced1bac8e2c2","","","","NONE","PROVEN","DECISION_PRESENT_ONLY_HISTORICALLY"
"hist_dec_155","j-18721f5e62d9","PASS","2026-08-16T00:00:00.000Z","j-18721f5e62d9","","","","NONE","PROVEN","DECISION_PRESENT_ONLY_HISTORICALLY"
"hist_dec_156","j-bb6617a3df80","PASS","2026-08-16T00:00:00.000Z","j-bb6617a3df80","","","","NONE","PROVEN","DECISION_PRESENT_ONLY_HISTORICALLY"
"hist_dec_157","j-0826676339c6","PURSUE","2026-08-16T00:00:00.000Z","j-0826676339c6","","","","NONE","PROVEN","DECISION_PRESENT_ONLY_HISTORICALLY"
"hist_dec_158","j-ff9c0ad3845a","PURSUE","2026-08-16T00:00:00.000Z","j-ff9c0ad3845a","","","","NONE","PROVEN","DECISION_PRESENT_ONLY_HISTORICALLY"
"hist_dec_159","j-66d18007bac2","PASS","2026-08-16T00:00:00.000Z","j-66d18007bac2","","","","NONE","PROVEN","DECISION_PRESENT_ONLY_HISTORICALLY"
"hist_dec_160","j-fea12e2aca2e","PASS","2026-08-16T00:00:00.000Z","j-fea12e2aca2e","","","","NONE","PROVEN","DECISION_PRESENT_ONLY_HISTORICALLY"
"hist_dec_161","j-bb18bc467eae","PASS","2026-08-16T00:00:00.000Z","j-bb18bc467eae","","","","NONE","PROVEN","DECISION_PRESENT_ONLY_HISTORICALLY"
"hist_dec_162","j-18edb3e0d69b","PASS","2026-08-16T00:00:00.000Z","j-18edb3e0d69b","","","","NONE","PROVEN","DECISION_PRESENT_ONLY_HISTORICALLY"
"hist_dec_163","j-6ab88c228f5c","CONSIDER","2026-08-16T00:00:00.000Z","j-6ab88c228f5c","","","","NONE","PROVEN","DECISION_PRESENT_ONLY_HISTORICALLY"
"hist_dec_164","j-52cb76a8d9ea","PURSUE","2026-08-16T00:00:00.000Z","j-52cb76a8d9ea","","","","NONE","PROVEN","DECISION_PRESENT_ONLY_HISTORICALLY"
"hist_dec_165","j-07980a705493","PURSUE","2026-08-16T00:00:00.000Z","j-07980a705493","","","","NONE","PROVEN","DECISION_PRESENT_ONLY_HISTORICALLY"
"hist_dec_166","j-09d8be1576fe","PASS","2026-08-16T00:00:00.000Z","j-09d8be1576fe","","","","NONE","PROVEN","DECISION_PRESENT_ONLY_HISTORICALLY"
"hist_dec_167","j-b7e7bb112216","PASS","2026-08-16T00:00:00.000Z","j-b7e7bb112216","","","","NONE","PROVEN","DECISION_PRESENT_ONLY_HISTORICALLY"
"hist_dec_168","j-5ad83347dfa2","PASS","2026-08-16T00:00:00.000Z","j-5ad83347dfa2","","","","NONE","PROVEN","DECISION_PRESENT_ONLY_HISTORICALLY"
"hist_dec_169","j-3cab8a2fd50e","PURSUE","2026-08-16T00:00:00.000Z","j-3cab8a2fd50e","","","","NONE","PROVEN","DECISION_PRESENT_ONLY_HISTORICALLY"
"hist_dec_170","j-1a3020f0f8d1","PASS","2026-08-16T00:00:00.000Z","j-1a3020f0f8d1","","","","NONE","PROVEN","DECISION_PRESENT_ONLY_HISTORICALLY"
"hist_dec_171","j-a30714899be3","PASS","2026-08-16T00:00:00.000Z","j-a30714899be3","","","","NONE","PROVEN","DECISION_PRESENT_ONLY_HISTORICALLY"
"hist_dec_172","j-5e99c4a5d1f5","PASS","2026-08-16T00:00:00.000Z","j-5e99c4a5d1f5","","","","NONE","PROVEN","DECISION_PRESENT_ONLY_HISTORICALLY"
"hist_dec_173","j-4684bd8aa586","SPARSE_SPEC","2026-08-16T00:00:00.000Z","j-4684bd8aa586","","","","NONE","PROVEN","DECISION_PRESENT_ONLY_HISTORICALLY"
"hist_dec_174","j-46af148f3865","CONSIDER","2026-08-16T00:00:00.000Z","j-46af148f3865","","","","NONE","PROVEN","DECISION_PRESENT_ONLY_HISTORICALLY"
"hist_dec_175","j-8c083df2d555","PASS","2026-08-16T00:00:00.000Z","j-8c083df2d555","","","","NONE","PROVEN","DECISION_PRESENT_ONLY_HISTORICALLY"
"hist_dec_176","j-b9c4fe15ba10","PASS","2026-08-16T00:00:00.000Z","j-b9c4fe15ba10","","","","NONE","PROVEN","DECISION_PRESENT_ONLY_HISTORICALLY"
"hist_dec_177","j-0dd6e8199638","PURSUE","2026-08-16T00:00:00.000Z","j-0dd6e8199638","","","","NONE","PROVEN","DECISION_PRESENT_ONLY_HISTORICALLY"
"hist_dec_178","j-6ac9efc357f2","CONSIDER","2026-08-16T00:00:00.000Z","j-6ac9efc357f2","","","","NONE","PROVEN","DECISION_PRESENT_ONLY_HISTORICALLY"
"hist_dec_179","j-3c699f3428bf","PASS","2026-08-16T00:00:00.000Z","j-3c699f3428bf","","","","NONE","PROVEN","DECISION_PRESENT_ONLY_HISTORICALLY"
"hist_dec_180","j-51df9e388a12","PURSUE","2026-08-16T00:00:00.000Z","j-51df9e388a12","","","","NONE","PROVEN","DECISION_PRESENT_ONLY_HISTORICALLY"
"hist_dec_181","j-7afd3c6ae5be","PURSUE","2026-08-16T00:00:00.000Z","j-7afd3c6ae5be","","","","NONE","PROVEN","DECISION_PRESENT_ONLY_HISTORICALLY"
"hist_dec_182","j-6931135758f5","PASS","2026-08-16T00:00:00.000Z","j-6931135758f5","","","","NONE","PROVEN","DECISION_PRESENT_ONLY_HISTORICALLY"
"hist_dec_183","j-ab9354404e18","PURSUE","2026-08-16T00:00:00.000Z","j-ab9354404e18","","","","NONE","PROVEN","DECISION_PRESENT_ONLY_HISTORICALLY"
"hist_dec_184","j-f8e73c30e0ab","PASS","2026-08-16T00:00:00.000Z","j-f8e73c30e0ab","","","","NONE","PROVEN","DECISION_PRESENT_ONLY_HISTORICALLY"
"hist_dec_185","j-68b0d6371171","PASS","2026-08-16T00:00:00.000Z","j-68b0d6371171","","","","NONE","PROVEN","DECISION_PRESENT_ONLY_HISTORICALLY"
"hist_dec_186","j-e1d6599acd36","PASS","2026-08-16T00:00:00.000Z","j-e1d6599acd36","","","","NONE","PROVEN","DECISION_PRESENT_ONLY_HISTORICALLY"
"hist_dec_187","j-365163163704","PASS","2026-08-16T00:00:00.000Z","j-365163163704","","","","NONE","PROVEN","DECISION_PRESENT_ONLY_HISTORICALLY"
"hist_dec_188","j-cff7a1a398d1","PASS","2026-08-16T00:00:00.000Z","j-cff7a1a398d1","","","","NONE","PROVEN","DECISION_PRESENT_ONLY_HISTORICALLY"
"hist_dec_189","j-aeb9ca601661","PASS","2026-08-16T00:00:00.000Z","j-aeb9ca601661","","","","NONE","PROVEN","DECISION_PRESENT_ONLY_HISTORICALLY"
"hist_dec_190","j-1b75317c3a4a","PASS","2026-08-16T00:00:00.000Z","j-1b75317c3a4a","","","","NONE","PROVEN","DECISION_PRESENT_ONLY_HISTORICALLY"
"hist_dec_191","j-ad5e83b69515","PASS","2026-08-16T00:00:00.000Z","j-ad5e83b69515","","","","NONE","PROVEN","DECISION_PRESENT_ONLY_HISTORICALLY"
"hist_dec_192","j-3ba7de8d5595","PASS","2026-08-16T00:00:00.000Z","j-3ba7de8d5595","","","","NONE","PROVEN","DECISION_PRESENT_ONLY_HISTORICALLY"
"hist_dec_193","j-1dea62c72516","CONSIDER","2026-08-16T00:00:00.000Z","j-1dea62c72516","","","","NONE","PROVEN","DECISION_PRESENT_ONLY_HISTORICALLY"
"hist_dec_194","j-512955a729b1","CONSIDER","2026-08-16T00:00:00.000Z","j-512955a729b1","","","","NONE","PROVEN","DECISION_PRESENT_ONLY_HISTORICALLY"
"hist_dec_195","j-121cd55650d0","PURSUE","2026-08-16T00:00:00.000Z","j-121cd55650d0","","","","NONE","PROVEN","DECISION_PRESENT_ONLY_HISTORICALLY"
"hist_dec_196","j-8043746aa752","PURSUE","2026-08-16T00:00:00.000Z","j-8043746aa752","","","","NONE","PROVEN","DECISION_PRESENT_ONLY_HISTORICALLY"
"hist_dec_197","j-9ed69156ba57","PASS","2026-08-16T00:00:00.000Z","j-9ed69156ba57","","","","NONE","PROVEN","DECISION_PRESENT_ONLY_HISTORICALLY"
"hist_dec_198","j-3f9cdafe6a40","PASS","2026-08-16T00:00:00.000Z","j-3f9cdafe6a40","","","","NONE","PROVEN","DECISION_PRESENT_ONLY_HISTORICALLY"
"hist_dec_199","j-f8cb0d4f3fe2","CONSIDER","2026-08-16T00:00:00.000Z","j-f8cb0d4f3fe2","","","","NONE","PROVEN","DECISION_PRESENT_ONLY_HISTORICALLY"
"hist_dec_200","j-1209e95f7d32","PURSUE","2026-08-16T00:00:00.000Z","j-1209e95f7d32","","","","NONE","PROVEN","DECISION_PRESENT_ONLY_HISTORICALLY"
"hist_dec_201","j-e9924584de91","PURSUE","2026-08-16T00:00:00.000Z","j-e9924584de91","","","","NONE","PROVEN","DECISION_PRESENT_ONLY_HISTORICALLY"
"hist_dec_202","j-ba8575fb3ca3","PASS","2026-08-16T00:00:00.000Z","j-ba8575fb3ca3","","","","NONE","PROVEN","DECISION_PRESENT_ONLY_HISTORICALLY"
"hist_dec_203","j-9e741b66e8d0","CONSIDER","2026-08-16T00:00:00.000Z","j-9e741b66e8d0","","","","NONE","PROVEN","DECISION_PRESENT_ONLY_HISTORICALLY"
"hist_dec_204","j-db6d4af64aad","CONSIDER","2026-08-16T00:00:00.000Z","j-db6d4af64aad","","","","NONE","PROVEN","DECISION_PRESENT_ONLY_HISTORICALLY"
"hist_dec_205","j-0c8756ca6778","PASS","2026-08-16T00:00:00.000Z","j-0c8756ca6778","","","","NONE","PROVEN","DECISION_PRESENT_ONLY_HISTORICALLY"
"hist_dec_206","j-5517baa129e4","PASS","2026-08-16T00:00:00.000Z","j-5517baa129e4","","","","NONE","PROVEN","DECISION_PRESENT_ONLY_HISTORICALLY"
"hist_dec_207","j-49bfeab55f38","PASS","2026-08-16T00:00:00.000Z","j-49bfeab55f38","","","","NONE","PROVEN","DECISION_PRESENT_ONLY_HISTORICALLY"
"hist_dec_208","j-1055bc5b24dd","PASS","2026-08-16T00:00:00.000Z","j-1055bc5b24dd","","","","NONE","PROVEN","DECISION_PRESENT_ONLY_HISTORICALLY"
"hist_dec_209","j-3bf8a953df1f","PASS","2026-08-16T00:00:00.000Z","j-3bf8a953df1f","","","","NONE","PROVEN","DECISION_PRESENT_ONLY_HISTORICALLY"
"hist_dec_210","j-2689dce59aae","PASS","2026-08-16T00:00:00.000Z","j-2689dce59aae","","","","NONE","PROVEN","DECISION_PRESENT_ONLY_HISTORICALLY"
"hist_dec_211","j-aa8c4aef7044","PURSUE","2026-08-16T00:00:00.000Z","j-aa8c4aef7044","","","","NONE","PROVEN","DECISION_PRESENT_ONLY_HISTORICALLY"
"hist_dec_212","j-c8eeacdf52dd","PASS","2026-08-16T00:00:00.000Z","j-c8eeacdf52dd","","","","NONE","PROVEN","DECISION_PRESENT_ONLY_HISTORICALLY"
"hist_dec_213","j-ce639010d82a","PURSUE","2026-08-16T00:00:00.000Z","j-ce639010d82a","","","","NONE","PROVEN","DECISION_PRESENT_ONLY_HISTORICALLY"
"hist_dec_214","j-c49891e0e6a1","PASS","2026-08-16T00:00:00.000Z","j-c49891e0e6a1","","","","NONE","PROVEN","DECISION_PRESENT_ONLY_HISTORICALLY"
"hist_dec_215","j-a865f9275d0e","PASS","2026-08-16T00:00:00.000Z","j-a865f9275d0e","","","","NONE","PROVEN","DECISION_PRESENT_ONLY_HISTORICALLY"
"hist_dec_216","j-4b2cc6ee65d4","CONSIDER","2026-08-16T00:00:00.000Z","j-4b2cc6ee65d4","","","","NONE","PROVEN","DECISION_PRESENT_ONLY_HISTORICALLY"
"hist_dec_217","j-57758afe1f7c","PURSUE","2026-08-16T00:00:00.000Z","j-57758afe1f7c","","","","NONE","PROVEN","DECISION_PRESENT_ONLY_HISTORICALLY"
"hist_dec_218","j-7c7b4cf2bed9","PASS","2026-08-16T00:00:00.000Z","j-7c7b4cf2bed9","","","","NONE","PROVEN","DECISION_PRESENT_ONLY_HISTORICALLY"
"hist_dec_219","j-5da422198dda","PURSUE","2026-08-16T00:00:00.000Z","j-5da422198dda","","","","NONE","PROVEN","DECISION_PRESENT_ONLY_HISTORICALLY"
"hist_dec_220","j-dd3aa8fd5c7d","CONSIDER","2026-08-16T00:00:00.000Z","j-dd3aa8fd5c7d","","","","NONE","PROVEN","DECISION_PRESENT_ONLY_HISTORICALLY"
"hist_dec_221","j-3826458502b4","PURSUE","2026-08-16T00:00:00.000Z","j-3826458502b4","","","","NONE","PROVEN","DECISION_PRESENT_ONLY_HISTORICALLY"
"hist_dec_222","j-c7a3495ef01b","PASS","2026-08-16T00:00:00.000Z","j-c7a3495ef01b","","","","NONE","PROVEN","DECISION_PRESENT_ONLY_HISTORICALLY"
"hist_dec_223","j-432c832f9f46","PASS","2026-08-16T00:00:00.000Z","j-432c832f9f46","","","","NONE","PROVEN","DECISION_PRESENT_ONLY_HISTORICALLY"
"hist_dec_224","j-e77a94ac8e35","PASS","2026-08-16T00:00:00.000Z","j-e77a94ac8e35","","","","NONE","PROVEN","DECISION_PRESENT_ONLY_HISTORICALLY"
"hist_dec_225","j-31a678ce724c","CONSIDER","2026-08-16T00:00:00.000Z","j-31a678ce724c","","","","NONE","PROVEN","DECISION_PRESENT_ONLY_HISTORICALLY"
"hist_dec_226","j-aba0d8a5b186","PASS","2026-08-16T00:00:00.000Z","j-aba0d8a5b186","","","","NONE","PROVEN","DECISION_PRESENT_ONLY_HISTORICALLY"
"hist_dec_227","j-22189c8971c4","PASS","2026-08-16T00:00:00.000Z","j-22189c8971c4","","","","NONE","PROVEN","DECISION_PRESENT_ONLY_HISTORICALLY"
"hist_dec_228","j-01e0bd93d72c","PASS","2026-08-16T00:00:00.000Z","j-01e0bd93d72c","","","","NONE","PROVEN","DECISION_PRESENT_ONLY_HISTORICALLY"
"hist_dec_229","j-2016c3f385e0","CONSIDER","2026-08-16T00:00:00.000Z","j-2016c3f385e0","","","","NONE","PROVEN","DECISION_PRESENT_ONLY_HISTORICALLY"
"hist_dec_230","j-7ddc18fb4bf6","PASS","2026-08-16T00:00:00.000Z","j-7ddc18fb4bf6","","","","NONE","PROVEN","DECISION_PRESENT_ONLY_HISTORICALLY"
"hist_dec_231","j-6c94dd26831e","PURSUE","2026-08-16T00:00:00.000Z","j-6c94dd26831e","","","","NONE","PROVEN","DECISION_PRESENT_ONLY_HISTORICALLY"
"hist_dec_232","j-021d25f9e24f","PASS","2026-08-16T00:00:00.000Z","j-021d25f9e24f","","","","NONE","PROVEN","DECISION_PRESENT_ONLY_HISTORICALLY"
"hist_dec_233","j-9e3a58ce484f","PURSUE","2026-08-16T00:00:00.000Z","j-9e3a58ce484f","","","","NONE","PROVEN","DECISION_PRESENT_ONLY_HISTORICALLY"
"hist_dec_234","j-2ea341e4b403","PASS","2026-08-16T00:00:00.000Z","j-2ea341e4b403","","","","NONE","PROVEN","DECISION_PRESENT_ONLY_HISTORICALLY"
"hist_dec_235","j-9926fc1691ce","PURSUE","2026-08-16T00:00:00.000Z","j-9926fc1691ce","","","","NONE","PROVEN","DECISION_PRESENT_ONLY_HISTORICALLY"
"hist_dec_236","j-d17cacc83c77","PASS","2026-08-16T00:00:00.000Z","j-d17cacc83c77","","","","NONE","PROVEN","DECISION_PRESENT_ONLY_HISTORICALLY"
"hist_dec_237","j-feb40bec044a","PASS","2026-08-16T00:00:00.000Z","j-feb40bec044a","","","","NONE","PROVEN","DECISION_PRESENT_ONLY_HISTORICALLY"
"hist_dec_238","j-a9a4c3c69542","PASS","2026-08-16T00:00:00.000Z","j-a9a4c3c69542","","","","NONE","PROVEN","DECISION_PRESENT_ONLY_HISTORICALLY"
"hist_dec_239","j-e441cc3fe288","PURSUE","2026-08-16T00:00:00.000Z","j-e441cc3fe288","","","","NONE","PROVEN","DECISION_PRESENT_ONLY_HISTORICALLY"
"hist_dec_240","j-e12d2c1f239e","PASS","2026-08-16T00:00:00.000Z","j-e12d2c1f239e","","","","NONE","PROVEN","DECISION_PRESENT_ONLY_HISTORICALLY"
"hist_dec_241","j-e361735bac5e","PASS","2026-08-16T00:00:00.000Z","j-e361735bac5e","","","","NONE","PROVEN","DECISION_PRESENT_ONLY_HISTORICALLY"
"hist_dec_242","j-d520c0a70749","PASS","2026-08-16T00:00:00.000Z","j-d520c0a70749","","","","NONE","PROVEN","DECISION_PRESENT_ONLY_HISTORICALLY"
"hist_dec_243","j-ffc17191dbad","PASS","2026-08-16T00:00:00.000Z","j-ffc17191dbad","","","","NONE","PROVEN","DECISION_PRESENT_ONLY_HISTORICALLY"
"hist_dec_244","j-cf3a54bd1210","PASS","2026-08-16T00:00:00.000Z","j-cf3a54bd1210","","","","NONE","PROVEN","DECISION_PRESENT_ONLY_HISTORICALLY"
"hist_dec_245","j-8c4dfc972254","PASS","2026-08-16T00:00:00.000Z","j-8c4dfc972254","","","","NONE","PROVEN","DECISION_PRESENT_ONLY_HISTORICALLY"
"hist_dec_246","j-c0d2f3037d3b","PASS","2026-08-16T00:00:00.000Z","j-c0d2f3037d3b","","","","NONE","PROVEN","DECISION_PRESENT_ONLY_HISTORICALLY"
"hist_dec_247","j-1613432c94d8","PASS","2026-08-16T00:00:00.000Z","j-1613432c94d8","","","","NONE","PROVEN","DECISION_PRESENT_ONLY_HISTORICALLY"
"hist_dec_248","j-a56ceb03324f","PASS","2026-08-16T00:00:00.000Z","j-a56ceb03324f","","","","NONE","PROVEN","DECISION_PRESENT_ONLY_HISTORICALLY"
"hist_dec_249","j-e3f78d0bfcb9","PASS","2026-08-16T00:00:00.000Z","j-e3f78d0bfcb9","","","","NONE","PROVEN","DECISION_PRESENT_ONLY_HISTORICALLY"
"hist_dec_250","j-eb7cb182091b","PASS","2026-08-16T00:00:00.000Z","j-eb7cb182091b","","","","NONE","PROVEN","DECISION_PRESENT_ONLY_HISTORICALLY"
"hist_dec_251","j-dd9f88fa30b9","PASS","2026-08-16T00:00:00.000Z","j-dd9f88fa30b9","","","","NONE","PROVEN","DECISION_PRESENT_ONLY_HISTORICALLY"
"hist_dec_252","j-8d7cf8339b9c","PASS","2026-08-16T00:00:00.000Z","j-8d7cf8339b9c","","","","NONE","PROVEN","DECISION_PRESENT_ONLY_HISTORICALLY"
"hist_dec_253","j-ca3aa943c7d0","PASS","2026-08-16T00:00:00.000Z","j-ca3aa943c7d0","","","","NONE","PROVEN","DECISION_PRESENT_ONLY_HISTORICALLY"
"hist_dec_254","j-bd14a125e149","PASS","2026-08-16T00:00:00.000Z","j-bd14a125e149","","","","NONE","PROVEN","DECISION_PRESENT_ONLY_HISTORICALLY"
"hist_dec_255","j-e535e59288b1","PASS","2026-08-16T00:00:00.000Z","j-e535e59288b1","","","","NONE","PROVEN","DECISION_PRESENT_ONLY_HISTORICALLY"
"hist_dec_256","j-2748739659f5","PASS","2026-08-16T00:00:00.000Z","j-2748739659f5","","","","NONE","PROVEN","DECISION_PRESENT_ONLY_HISTORICALLY"
"hist_dec_257","j-27ae26eed37e","PASS","2026-08-16T00:00:00.000Z","j-27ae26eed37e","","","","NONE","PROVEN","DECISION_PRESENT_ONLY_HISTORICALLY"
"hist_dec_258","j-a005958505e4","PASS","2026-08-16T00:00:00.000Z","j-a005958505e4","","","","NONE","PROVEN","DECISION_PRESENT_ONLY_HISTORICALLY"
"hist_dec_259","j-440bb60ce88f","PASS","2026-08-16T00:00:00.000Z","j-440bb60ce88f","","","","NONE","PROVEN","DECISION_PRESENT_ONLY_HISTORICALLY"
"hist_dec_260","j-bbf4194fd447","PASS","2026-08-16T00:00:00.000Z","j-bbf4194fd447","","","","NONE","PROVEN","DECISION_PRESENT_ONLY_HISTORICALLY"
"hist_dec_261","j-506fdfb61b47","PURSUE","2026-08-16T00:00:00.000Z","j-506fdfb61b47","","","","NONE","PROVEN","DECISION_PRESENT_ONLY_HISTORICALLY"
"hist_dec_262","j-d0e61ff9e5c2","PURSUE","2026-08-16T00:00:00.000Z","j-d0e61ff9e5c2","","","","NONE","PROVEN","DECISION_PRESENT_ONLY_HISTORICALLY"
"hist_dec_263","j-7c21469dc1a9","PASS","2026-08-16T00:00:00.000Z","j-7c21469dc1a9","","","","NONE","PROVEN","DECISION_PRESENT_ONLY_HISTORICALLY"
"hist_dec_264","j-a3c1d37c8441","CONSIDER","2026-08-16T00:00:00.000Z","j-a3c1d37c8441","","","","NONE","PROVEN","DECISION_PRESENT_ONLY_HISTORICALLY"
"hist_dec_265","j-c5b3b8d322c4","PASS","2026-08-16T00:00:00.000Z","j-c5b3b8d322c4","","","","NONE","PROVEN","DECISION_PRESENT_ONLY_HISTORICALLY"
"hist_dec_266","j-466200453009","PASS","2026-08-16T00:00:00.000Z","j-466200453009","","","","NONE","PROVEN","DECISION_PRESENT_ONLY_HISTORICALLY"
"hist_dec_267","j-2b748b4dde3c","PURSUE","2026-08-16T00:00:00.000Z","j-2b748b4dde3c","","","","NONE","PROVEN","DECISION_PRESENT_ONLY_HISTORICALLY"
"hist_dec_268","j-d9d43db4908f","PASS","2026-08-16T00:00:00.000Z","j-d9d43db4908f","","","","NONE","PROVEN","DECISION_PRESENT_ONLY_HISTORICALLY"
"hist_dec_269","j-c38f35555a02","CONSIDER","2026-08-16T00:00:00.000Z","j-c38f35555a02","","","","NONE","PROVEN","DECISION_PRESENT_ONLY_HISTORICALLY"
"hist_dec_270","j-fb14e3eb1ae4","PURSUE","2026-08-16T00:00:00.000Z","j-fb14e3eb1ae4","","","","NONE","PROVEN","DECISION_PRESENT_ONLY_HISTORICALLY"
"hist_dec_271","j-11ffc9e55c60","PURSUE","2026-08-16T00:00:00.000Z","j-11ffc9e55c60","","","","NONE","PROVEN","DECISION_PRESENT_ONLY_HISTORICALLY"
"hist_dec_272","j-9ccc527198fe","PASS","2026-08-16T00:00:00.000Z","j-9ccc527198fe","","","","NONE","PROVEN","DECISION_PRESENT_ONLY_HISTORICALLY"
"hist_dec_273","j-27d8bd8f1aca","CONSIDER","2026-08-16T00:00:00.000Z","j-27d8bd8f1aca","","","","NONE","PROVEN","DECISION_PRESENT_ONLY_HISTORICALLY"
"hist_dec_274","j-ee8a99ab990b","PURSUE","2026-08-16T00:00:00.000Z","j-ee8a99ab990b","","","","NONE","PROVEN","DECISION_PRESENT_ONLY_HISTORICALLY"
"hist_dec_275","j-d75b0733d95d","PASS","2026-08-16T00:00:00.000Z","j-d75b0733d95d","","","","NONE","PROVEN","DECISION_PRESENT_ONLY_HISTORICALLY"
"hist_dec_276","j-22f81da10eed","PASS","2026-08-16T00:00:00.000Z","j-22f81da10eed","","","","NONE","PROVEN","DECISION_PRESENT_ONLY_HISTORICALLY"
"hist_dec_277","j-7f994fc026c1","PASS","2026-08-16T00:00:00.000Z","j-7f994fc026c1","","","","NONE","PROVEN","DECISION_PRESENT_ONLY_HISTORICALLY"
"hist_dec_278","j-fea5c0ff53d1","PASS","2026-08-16T00:00:00.000Z","j-fea5c0ff53d1","","","","NONE","PROVEN","DECISION_PRESENT_ONLY_HISTORICALLY"
"hist_dec_279","j-d294c4147482","PURSUE","2026-08-16T00:00:00.000Z","j-d294c4147482","","","","NONE","PROVEN","DECISION_PRESENT_ONLY_HISTORICALLY"
"hist_dec_280","j-214010a80ec2","PURSUE","2026-08-16T00:00:00.000Z","j-214010a80ec2","","","","NONE","PROVEN","DECISION_PRESENT_ONLY_HISTORICALLY"
"hist_dec_281","j-756e55d20934","PURSUE","2026-08-16T00:00:00.000Z","j-756e55d20934","","","","NONE","PROVEN","DECISION_PRESENT_ONLY_HISTORICALLY"
"hist_dec_282","j-aad7bdf40b8c","PASS","2026-08-16T00:00:00.000Z","j-aad7bdf40b8c","","","","NONE","PROVEN","DECISION_PRESENT_ONLY_HISTORICALLY"
"hist_dec_283","j-a2f175aba7a5","PURSUE","2026-08-16T00:00:00.000Z","j-a2f175aba7a5","","","","NONE","PROVEN","DECISION_PRESENT_ONLY_HISTORICALLY"
"hist_dec_284","j-ec93fc5457eb","PASS","2026-08-16T00:00:00.000Z","j-ec93fc5457eb","","","","NONE","PROVEN","DECISION_PRESENT_ONLY_HISTORICALLY"
"hist_dec_285","j-010995725905","PASS","2026-08-16T00:00:00.000Z","j-010995725905","","","","NONE","PROVEN","DECISION_PRESENT_ONLY_HISTORICALLY"
"hist_dec_286","j-b1f744148efe","PASS","2026-08-16T00:00:00.000Z","j-b1f744148efe","","","","NONE","PROVEN","DECISION_PRESENT_ONLY_HISTORICALLY"
"hist_dec_287","j-dffa9ec9e3af","PASS","2026-08-16T00:00:00.000Z","j-dffa9ec9e3af","","","","NONE","PROVEN","DECISION_PRESENT_ONLY_HISTORICALLY"
"hist_dec_288","j-426f8673e880","PASS","2026-08-16T00:00:00.000Z","j-426f8673e880","","","","NONE","PROVEN","DECISION_PRESENT_ONLY_HISTORICALLY"
"hist_dec_289","j-742ad2e9cb36","PASS","2026-08-16T00:00:00.000Z","j-742ad2e9cb36","","","","NONE","PROVEN","DECISION_PRESENT_ONLY_HISTORICALLY"
"hist_dec_290","j-55f7ac5bd440","PASS","2026-08-16T00:00:00.000Z","j-55f7ac5bd440","","","","NONE","PROVEN","DECISION_PRESENT_ONLY_HISTORICALLY"
"hist_dec_291","j-f1b1ee48cdde","PURSUE","2026-08-16T00:00:00.000Z","j-f1b1ee48cdde","","","","NONE","PROVEN","DECISION_PRESENT_ONLY_HISTORICALLY"
"hist_dec_292","j-15f9db6b178e","PASS","2026-08-16T00:00:00.000Z","j-15f9db6b178e","","","","NONE","PROVEN","DECISION_PRESENT_ONLY_HISTORICALLY"
"hist_dec_293","j-17a5d75f6517","PASS","2026-08-16T00:00:00.000Z","j-17a5d75f6517","","","","NONE","PROVEN","DECISION_PRESENT_ONLY_HISTORICALLY"
"hist_dec_294","j-7c45e6232ae3","PURSUE","2026-08-16T00:00:00.000Z","j-7c45e6232ae3","","","","NONE","PROVEN","DECISION_PRESENT_ONLY_HISTORICALLY"
"hist_dec_295","j-95f447a251c6","PASS","2026-08-16T00:00:00.000Z","j-95f447a251c6","","","","NONE","PROVEN","DECISION_PRESENT_ONLY_HISTORICALLY"
"hist_dec_296","j-5fb25c2ee201","PURSUE","2026-08-16T00:00:00.000Z","j-5fb25c2ee201","","","","NONE","PROVEN","DECISION_PRESENT_ONLY_HISTORICALLY"
"hist_dec_297","j-5910b89bcac6","PURSUE","2026-08-16T00:00:00.000Z","j-5910b89bcac6","","","","NONE","PROVEN","DECISION_PRESENT_ONLY_HISTORICALLY"
"hist_dec_298","j-dccf6fe1ce2b","PASS","2026-08-16T00:00:00.000Z","j-dccf6fe1ce2b","","","","NONE","PROVEN","DECISION_PRESENT_ONLY_HISTORICALLY"
"hist_dec_299","j-1a8eeb2038a2","CONSIDER","2026-08-16T00:00:00.000Z","j-1a8eeb2038a2","","","","NONE","PROVEN","DECISION_PRESENT_ONLY_HISTORICALLY"
"hist_dec_300","j-e8b0736604f1","CONSIDER","2026-08-16T00:00:00.000Z","j-e8b0736604f1","","","","NONE","PROVEN","DECISION_PRESENT_ONLY_HISTORICALLY"
"hist_dec_301","j-deab2389affe","PURSUE","2026-08-16T00:00:00.000Z","j-deab2389affe","","","","NONE","PROVEN","DECISION_PRESENT_ONLY_HISTORICALLY"
"hist_dec_302","j-c0e91ec487b0","CONSIDER","2026-08-16T00:00:00.000Z","j-c0e91ec487b0","","","","NONE","PROVEN","DECISION_PRESENT_ONLY_HISTORICALLY"
"hist_dec_303","j-0752c88e127f","PASS","2026-08-16T00:00:00.000Z","j-0752c88e127f","","","","NONE","PROVEN","DECISION_PRESENT_ONLY_HISTORICALLY"
"hist_dec_304","j-0de01c79d613","PASS","2026-08-16T00:00:00.000Z","j-0de01c79d613","","","","NONE","PROVEN","DECISION_PRESENT_ONLY_HISTORICALLY"
"hist_dec_305","j-a167cce4465b","PURSUE","2026-08-16T00:00:00.000Z","j-a167cce4465b","","","","NONE","PROVEN","DECISION_PRESENT_ONLY_HISTORICALLY"
"hist_dec_306","j-b203e9249a7b","CONSIDER","2026-08-16T00:00:00.000Z","j-b203e9249a7b","","","","NONE","PROVEN","DECISION_PRESENT_ONLY_HISTORICALLY"
"hist_dec_307","j-d7821b32aeec","PURSUE","2026-08-16T00:00:00.000Z","j-d7821b32aeec","","","","NONE","PROVEN","DECISION_PRESENT_ONLY_HISTORICALLY"
"hist_dec_308","j-0171e38fb344","PASS","2026-08-16T00:00:00.000Z","j-0171e38fb344","","","","NONE","PROVEN","DECISION_PRESENT_ONLY_HISTORICALLY"
"hist_dec_309","j-1d2d54b44daf","CONSIDER","2026-08-16T00:00:00.000Z","j-1d2d54b44daf","","","","NONE","PROVEN","DECISION_PRESENT_ONLY_HISTORICALLY"
"hist_dec_310","j-1a253f21f2d5","PASS","2026-08-16T00:00:00.000Z","j-1a253f21f2d5","","","","NONE","PROVEN","DECISION_PRESENT_ONLY_HISTORICALLY"
"hist_dec_311","j-7ff0eaf960dc","PASS","2026-08-16T00:00:00.000Z","j-7ff0eaf960dc","","","","NONE","PROVEN","DECISION_PRESENT_ONLY_HISTORICALLY"
"hist_dec_312","j-8bd583f26d8e","PASS","2026-08-16T00:00:00.000Z","j-8bd583f26d8e","","","","NONE","PROVEN","DECISION_PRESENT_ONLY_HISTORICALLY"
"hist_dec_313","j-47e5194e862a","PASS","2026-08-16T00:00:00.000Z","j-47e5194e862a","","","","NONE","PROVEN","DECISION_PRESENT_ONLY_HISTORICALLY"
"hist_dec_314","j-5e36bd06fab2","PURSUE","2026-08-16T00:00:00.000Z","j-5e36bd06fab2","","","","NONE","PROVEN","DECISION_PRESENT_ONLY_HISTORICALLY"
"hist_dec_315","j-4d584ae3d575","PASS","2026-08-16T00:00:00.000Z","j-4d584ae3d575","","","","NONE","PROVEN","DECISION_PRESENT_ONLY_HISTORICALLY"
"hist_dec_316","j-dadd17a24087","PASS","2026-08-16T00:00:00.000Z","j-dadd17a24087","","","","NONE","PROVEN","DECISION_PRESENT_ONLY_HISTORICALLY"
"hist_dec_317","j-49dfb47da31e","PASS","2026-08-16T00:00:00.000Z","j-49dfb47da31e","","","","NONE","PROVEN","DECISION_PRESENT_ONLY_HISTORICALLY"
"hist_dec_318","j-a566721680f8","PASS","2026-08-16T00:00:00.000Z","j-a566721680f8","","","","NONE","PROVEN","DECISION_PRESENT_ONLY_HISTORICALLY"
"hist_dec_319","j-2b95e459bbe2","PASS","2026-08-16T00:00:00.000Z","j-2b95e459bbe2","","","","NONE","PROVEN","DECISION_PRESENT_ONLY_HISTORICALLY"
"hist_dec_320","j-70e22ca36544","PASS","2026-08-16T00:00:00.000Z","j-70e22ca36544","","","","NONE","PROVEN","DECISION_PRESENT_ONLY_HISTORICALLY"
"hist_dec_321","j-1de0fef6380c","PURSUE","2026-08-16T00:00:00.000Z","j-1de0fef6380c","","","","NONE","PROVEN","DECISION_PRESENT_ONLY_HISTORICALLY"
"hist_dec_322","j-d57fca4f0499","PASS","2026-08-16T00:00:00.000Z","j-d57fca4f0499","","","","NONE","PROVEN","DECISION_PRESENT_ONLY_HISTORICALLY"
"hist_dec_323","j-4570663236da","PURSUE","2026-08-16T00:00:00.000Z","j-4570663236da","","","","NONE","PROVEN","DECISION_PRESENT_ONLY_HISTORICALLY"
"hist_dec_324","j-997788c3425a","PURSUE","2026-08-16T00:00:00.000Z","j-997788c3425a","","","","NONE","PROVEN","DECISION_PRESENT_ONLY_HISTORICALLY"
"hist_dec_325","j-001903942cc3","PURSUE","2026-08-16T00:00:00.000Z","j-001903942cc3","","","","NONE","PROVEN","DECISION_PRESENT_ONLY_HISTORICALLY"
"hist_dec_326","j-ee96dd0879c0","PURSUE","2026-08-16T00:00:00.000Z","j-ee96dd0879c0","","","","NONE","PROVEN","DECISION_PRESENT_ONLY_HISTORICALLY"
"hist_dec_327","j-8fec06130457","SPARSE_SPEC","2026-08-16T00:00:00.000Z","j-8fec06130457","","","","NONE","PROVEN","DECISION_PRESENT_ONLY_HISTORICALLY"
"hist_dec_328","j-96105cfdedb9","PASS","2026-08-16T00:00:00.000Z","j-96105cfdedb9","","","","NONE","PROVEN","DECISION_PRESENT_ONLY_HISTORICALLY"
"hist_dec_329","j-6183697f0b9a","PASS","2026-08-16T00:00:00.000Z","j-6183697f0b9a","","","","NONE","PROVEN","DECISION_PRESENT_ONLY_HISTORICALLY"
"hist_dec_330","j-576d0b315e97","PASS","2026-08-16T00:00:00.000Z","j-576d0b315e97","","","","NONE","PROVEN","DECISION_PRESENT_ONLY_HISTORICALLY"
"hist_dec_331","j-68c77928f480","PASS","2026-08-16T00:00:00.000Z","j-68c77928f480","","","","NONE","PROVEN","DECISION_PRESENT_ONLY_HISTORICALLY"
"hist_dec_332","j-a62ca78fa7f3","PASS","2026-08-16T00:00:00.000Z","j-a62ca78fa7f3","","","","NONE","PROVEN","DECISION_PRESENT_ONLY_HISTORICALLY"
"hist_dec_333","j-5c99d8c5b743","PASS","2026-08-16T00:00:00.000Z","j-5c99d8c5b743","","","","NONE","PROVEN","DECISION_PRESENT_ONLY_HISTORICALLY"
"hist_dec_334","j-678fa0202424","PURSUE","2026-08-16T00:00:00.000Z","j-678fa0202424","","","","NONE","PROVEN","DECISION_PRESENT_ONLY_HISTORICALLY"
"hist_dec_335","j-97196471ca76","PURSUE","2026-08-16T00:00:00.000Z","j-97196471ca76","","","","NONE","PROVEN","DECISION_PRESENT_ONLY_HISTORICALLY"
"hist_dec_336","j-bdd40deb400f","PURSUE","2026-08-16T00:00:00.000Z","j-bdd40deb400f","","","","NONE","PROVEN","DECISION_PRESENT_ONLY_HISTORICALLY"
"hist_dec_337","j-a61698c95726","PASS","2026-08-16T00:00:00.000Z","j-a61698c95726","","","","NONE","PROVEN","DECISION_PRESENT_ONLY_HISTORICALLY"
"hist_dec_338","j-405e349779dc","PASS","2026-08-16T00:00:00.000Z","j-405e349779dc","","","","NONE","PROVEN","DECISION_PRESENT_ONLY_HISTORICALLY"
"hist_dec_339","j-51a747a3d083","CONSIDER","2026-08-16T00:00:00.000Z","j-51a747a3d083","","","","NONE","PROVEN","DECISION_PRESENT_ONLY_HISTORICALLY"
"hist_dec_340","j-abfe29afcc01","PASS","2026-08-16T00:00:00.000Z","j-abfe29afcc01","","","","NONE","PROVEN","DECISION_PRESENT_ONLY_HISTORICALLY"
"hist_dec_341","j-25df2e7663f0","PASS","2026-08-16T00:00:00.000Z","j-25df2e7663f0","","","","NONE","PROVEN","DECISION_PRESENT_ONLY_HISTORICALLY"
"hist_dec_342","j-dca748b4c4c8","PASS","2026-08-16T00:00:00.000Z","j-dca748b4c4c8","","","","NONE","PROVEN","DECISION_PRESENT_ONLY_HISTORICALLY"
"hist_dec_343","j-53f36d8ae932","PASS","2026-08-16T00:00:00.000Z","j-53f36d8ae932","","","","NONE","PROVEN","DECISION_PRESENT_ONLY_HISTORICALLY"
"hist_dec_344","j-39586699dc95","PURSUE","2026-08-16T00:00:00.000Z","j-39586699dc95","","","","NONE","PROVEN","DECISION_PRESENT_ONLY_HISTORICALLY"
"hist_dec_345","j-2a52104c6dc5","PASS","2026-08-16T00:00:00.000Z","j-2a52104c6dc5","","","","NONE","PROVEN","DECISION_PRESENT_ONLY_HISTORICALLY"
"hist_dec_346","j-48a325100768","CONSIDER","2026-08-16T00:00:00.000Z","j-48a325100768","","","","NONE","PROVEN","DECISION_PRESENT_ONLY_HISTORICALLY"
"hist_dec_347","j-80f06590d582","PASS","2026-08-16T00:00:00.000Z","j-80f06590d582","","","","NONE","PROVEN","DECISION_PRESENT_ONLY_HISTORICALLY"
"hist_dec_348","j-8d2b7ff6cbb8","CONSIDER","2026-08-16T00:00:00.000Z","j-8d2b7ff6cbb8","","","","NONE","PROVEN","DECISION_PRESENT_ONLY_HISTORICALLY"
"hist_dec_349","j-d8b8370770fc","CONSIDER","2026-08-16T00:00:00.000Z","j-d8b8370770fc","","","","NONE","PROVEN","DECISION_PRESENT_ONLY_HISTORICALLY"
"hist_dec_350","j-813eda9315e4","PASS","2026-08-16T00:00:00.000Z","j-813eda9315e4","","","","NONE","PROVEN","DECISION_PRESENT_ONLY_HISTORICALLY"
"hist_dec_351","j-15b74f4b4e8e","PASS","2026-08-16T00:00:00.000Z","j-15b74f4b4e8e","","","","NONE","PROVEN","DECISION_PRESENT_ONLY_HISTORICALLY"
"hist_dec_352","j-8dfb6c604db8","CONSIDER","2026-08-16T00:00:00.000Z","j-8dfb6c604db8","","","","NONE","PROVEN","DECISION_PRESENT_ONLY_HISTORICALLY"
"hist_dec_353","j-90f9c3d91856","PASS","2026-08-16T00:00:00.000Z","j-90f9c3d91856","","","","NONE","PROVEN","DECISION_PRESENT_ONLY_HISTORICALLY"
"hist_dec_354","j-a3eb88f89c91","PASS","2026-08-16T00:00:00.000Z","j-a3eb88f89c91","","","","NONE","PROVEN","DECISION_PRESENT_ONLY_HISTORICALLY"
"hist_dec_355","j-283e3b287fb2","PASS","2026-08-16T00:00:00.000Z","j-283e3b287fb2","","","","NONE","PROVEN","DECISION_PRESENT_ONLY_HISTORICALLY"
"hist_dec_356","j-cc25086d8eea","PURSUE","2026-08-16T00:00:00.000Z","j-cc25086d8eea","","","","NONE","PROVEN","DECISION_PRESENT_ONLY_HISTORICALLY"
"hist_dec_357","j-5ee8ebf0f263","PASS","2026-08-16T00:00:00.000Z","j-5ee8ebf0f263","","","","NONE","PROVEN","DECISION_PRESENT_ONLY_HISTORICALLY"
"hist_dec_358","j-ea2d1bdba654","PASS","2026-08-16T00:00:00.000Z","j-ea2d1bdba654","","","","NONE","PROVEN","DECISION_PRESENT_ONLY_HISTORICALLY"
"hist_dec_359","j-68e20c527ce3","PURSUE","2026-08-16T00:00:00.000Z","j-68e20c527ce3","","","","NONE","PROVEN","DECISION_PRESENT_ONLY_HISTORICALLY"
"hist_dec_360","j-7d084fe5f3fa","PASS","2026-08-16T00:00:00.000Z","j-7d084fe5f3fa","","","","NONE","PROVEN","DECISION_PRESENT_ONLY_HISTORICALLY"
"hist_dec_361","j-6dc945563591","PASS","2026-08-16T00:00:00.000Z","j-6dc945563591","","","","NONE","PROVEN","DECISION_PRESENT_ONLY_HISTORICALLY"
"hist_dec_362","j-218f16afb40e","PURSUE","2026-08-16T00:00:00.000Z","j-218f16afb40e","","","","NONE","PROVEN","DECISION_PRESENT_ONLY_HISTORICALLY"
"hist_dec_363","j-dc46f1f63e62","PASS","2026-08-16T00:00:00.000Z","j-dc46f1f63e62","","","","NONE","PROVEN","DECISION_PRESENT_ONLY_HISTORICALLY"
"hist_dec_364","j-f94f7d1761d7","PASS","2026-08-16T00:00:00.000Z","j-f94f7d1761d7","","","","NONE","PROVEN","DECISION_PRESENT_ONLY_HISTORICALLY"
"hist_dec_365","j-f4b65186adeb","PASS","2026-08-16T00:00:00.000Z","j-f4b65186adeb","","","","NONE","PROVEN","DECISION_PRESENT_ONLY_HISTORICALLY"
"hist_dec_366","j-a7133d1acd2e","PASS","2026-08-16T00:00:00.000Z","j-a7133d1acd2e","","","","NONE","PROVEN","DECISION_PRESENT_ONLY_HISTORICALLY"
"hist_dec_367","j-110fb04dd02a","CONSIDER","2026-08-16T00:00:00.000Z","j-110fb04dd02a","","","","NONE","PROVEN","DECISION_PRESENT_ONLY_HISTORICALLY"
"hist_dec_368","j-ce6679d3aaed","CONSIDER","2026-08-16T00:00:00.000Z","j-ce6679d3aaed","","","","NONE","PROVEN","DECISION_PRESENT_ONLY_HISTORICALLY"
"hist_dec_369","j-2befa067175a","CONSIDER","2026-08-16T00:00:00.000Z","j-2befa067175a","","","","NONE","PROVEN","DECISION_PRESENT_ONLY_HISTORICALLY"
"hist_dec_370","j-e0297f1eef73","CONSIDER","2026-08-16T00:00:00.000Z","j-e0297f1eef73","","","","NONE","PROVEN","DECISION_PRESENT_ONLY_HISTORICALLY"
"hist_dec_371","j-a385b4c14778","PURSUE","2026-08-16T00:00:00.000Z","j-a385b4c14778","","","","NONE","PROVEN","DECISION_PRESENT_ONLY_HISTORICALLY"
"hist_dec_372","j-1ce69cba4192","PURSUE","2026-08-16T00:00:00.000Z","j-1ce69cba4192","","","","NONE","PROVEN","DECISION_PRESENT_ONLY_HISTORICALLY"
"hist_dec_373","j-504726fb9a7d","PASS","2026-08-16T00:00:00.000Z","j-504726fb9a7d","","","","NONE","PROVEN","DECISION_PRESENT_ONLY_HISTORICALLY"
"hist_dec_374","j-8b68073a6955","PASS","2026-08-16T00:00:00.000Z","j-8b68073a6955","","","","NONE","PROVEN","DECISION_PRESENT_ONLY_HISTORICALLY"
"hist_dec_375","j-0d6a4e458806","SPARSE_SPEC","2026-08-16T00:00:00.000Z","j-0d6a4e458806","","","","NONE","PROVEN","DECISION_PRESENT_ONLY_HISTORICALLY"
"hist_dec_376","j-88cbb5a26552","CONSIDER","2026-08-16T00:00:00.000Z","j-88cbb5a26552","","","","NONE","PROVEN","DECISION_PRESENT_ONLY_HISTORICALLY"
"hist_dec_377","j-4cb36b9d0fea","CONSIDER","2026-08-16T00:00:00.000Z","j-4cb36b9d0fea","","","","NONE","PROVEN","DECISION_PRESENT_ONLY_HISTORICALLY"
"hist_dec_378","j-d9c6b466fdf1","PASS","2026-08-16T00:00:00.000Z","j-d9c6b466fdf1","","","","NONE","PROVEN","DECISION_PRESENT_ONLY_HISTORICALLY"
"hist_dec_379","j-d05e5560cebd","PASS","2026-08-16T00:00:00.000Z","j-d05e5560cebd","","","","NONE","PROVEN","DECISION_PRESENT_ONLY_HISTORICALLY"
"hist_dec_380","j-f96dfcc926f8","PASS","2026-08-16T00:00:00.000Z","j-f96dfcc926f8","","","","NONE","PROVEN","DECISION_PRESENT_ONLY_HISTORICALLY"
"hist_dec_381","j-bca57dbfa85e","PASS","2026-08-16T00:00:00.000Z","j-bca57dbfa85e","","","","NONE","PROVEN","DECISION_PRESENT_ONLY_HISTORICALLY"
"hist_dec_382","j-90b32e7e451b","PURSUE","2026-08-16T00:00:00.000Z","j-90b32e7e451b","","","","NONE","PROVEN","DECISION_PRESENT_ONLY_HISTORICALLY"
"hist_dec_383","j-4c930dbc9c97","PASS","2026-08-16T00:00:00.000Z","j-4c930dbc9c97","","","","NONE","PROVEN","DECISION_PRESENT_ONLY_HISTORICALLY"
"hist_dec_384","j-85fe5714fa0a","PASS","2026-08-16T00:00:00.000Z","j-85fe5714fa0a","","","","NONE","PROVEN","DECISION_PRESENT_ONLY_HISTORICALLY"
"hist_dec_385","j-7737d1ebf905","PASS","2026-08-16T00:00:00.000Z","j-7737d1ebf905","","","","NONE","PROVEN","DECISION_PRESENT_ONLY_HISTORICALLY"
"hist_dec_386","j-a8b9e9a27827","PASS","2026-08-16T00:00:00.000Z","j-a8b9e9a27827","","","","NONE","PROVEN","DECISION_PRESENT_ONLY_HISTORICALLY"
"hist_dec_387","j-1f464b0294ab","PASS","2026-08-16T00:00:00.000Z","j-1f464b0294ab","","","","NONE","PROVEN","DECISION_PRESENT_ONLY_HISTORICALLY"
"hist_dec_388","j-60389798e1b2","PASS","2026-08-16T00:00:00.000Z","j-60389798e1b2","","","","NONE","PROVEN","DECISION_PRESENT_ONLY_HISTORICALLY"
"hist_dec_389","j-56aba2e1d07a","PASS","2026-08-16T00:00:00.000Z","j-56aba2e1d07a","","","","NONE","PROVEN","DECISION_PRESENT_ONLY_HISTORICALLY"
"hist_dec_390","j-00409c5f3109","PASS","2026-08-16T00:00:00.000Z","j-00409c5f3109","","","","NONE","PROVEN","DECISION_PRESENT_ONLY_HISTORICALLY"
"hist_dec_391","j-f005b26c8981","PASS","2026-08-16T00:00:00.000Z","j-f005b26c8981","","","","NONE","PROVEN","DECISION_PRESENT_ONLY_HISTORICALLY"
"hist_dec_392","j-b2fe406c96d3","PASS","2026-08-16T00:00:00.000Z","j-b2fe406c96d3","","","","NONE","PROVEN","DECISION_PRESENT_ONLY_HISTORICALLY"
"hist_dec_393","j-9e9315ae6a87","CONSIDER","2026-08-16T00:00:00.000Z","j-9e9315ae6a87","","","","NONE","PROVEN","DECISION_PRESENT_ONLY_HISTORICALLY"
"hist_dec_394","j-290ea089237e","PASS","2026-08-16T00:00:00.000Z","j-290ea089237e","","","","NONE","PROVEN","DECISION_PRESENT_ONLY_HISTORICALLY"
"hist_dec_395","j-db576c1682b8","CONSIDER","2026-08-16T00:00:00.000Z","j-db576c1682b8","","","","NONE","PROVEN","DECISION_PRESENT_ONLY_HISTORICALLY"
"hist_dec_396","j-a520a9bb468d","PURSUE","2026-08-16T00:00:00.000Z","j-a520a9bb468d","","","","NONE","PROVEN","DECISION_PRESENT_ONLY_HISTORICALLY"
"hist_dec_397","j-e44c28d4454b","PURSUE","2026-08-16T00:00:00.000Z","j-e44c28d4454b","","","","NONE","PROVEN","DECISION_PRESENT_ONLY_HISTORICALLY"
"hist_dec_398","j-a7f4b2d7ad31","PASS","2026-08-16T00:00:00.000Z","j-a7f4b2d7ad31","","","","NONE","PROVEN","DECISION_PRESENT_ONLY_HISTORICALLY"
"hist_dec_399","j-d697b001e558","PASS","2026-08-16T00:00:00.000Z","j-d697b001e558","","","","NONE","PROVEN","DECISION_PRESENT_ONLY_HISTORICALLY"
"hist_dec_400","j-027050986d45","PURSUE","2026-08-16T00:00:00.000Z","j-027050986d45","","","","NONE","PROVEN","DECISION_PRESENT_ONLY_HISTORICALLY"
"hist_dec_401","j-55fb257c4842","PURSUE","2026-08-16T00:00:00.000Z","j-55fb257c4842","","","","NONE","PROVEN","DECISION_PRESENT_ONLY_HISTORICALLY"
"hist_dec_402","j-9c19ce4ea753","CONSIDER","2026-08-16T00:00:00.000Z","j-9c19ce4ea753","","","","NONE","PROVEN","DECISION_PRESENT_ONLY_HISTORICALLY"
"hist_dec_403","j-a2654cdc53f9","PASS","2026-08-16T00:00:00.000Z","j-a2654cdc53f9","","","","NONE","PROVEN","DECISION_PRESENT_ONLY_HISTORICALLY"
"hist_dec_404","j-1e80c139a769","PURSUE","2026-08-16T00:00:00.000Z","j-1e80c139a769","","","","NONE","PROVEN","DECISION_PRESENT_ONLY_HISTORICALLY"
"hist_dec_405","j-8c9b2697ba3c","PASS","2026-08-16T00:00:00.000Z","j-8c9b2697ba3c","","","","NONE","PROVEN","DECISION_PRESENT_ONLY_HISTORICALLY"
"hist_dec_406","j-9c72d3f84e5a","CONSIDER","2026-08-16T00:00:00.000Z","j-9c72d3f84e5a","","","","NONE","PROVEN","DECISION_PRESENT_ONLY_HISTORICALLY"
"hist_dec_407","j-cd4901439f7b","PASS","2026-08-16T00:00:00.000Z","j-cd4901439f7b","","","","NONE","PROVEN","DECISION_PRESENT_ONLY_HISTORICALLY"
"hist_dec_408","j-964ad9223c6f","PASS","2026-08-16T00:00:00.000Z","j-964ad9223c6f","","","","NONE","PROVEN","DECISION_PRESENT_ONLY_HISTORICALLY"
"hist_dec_409","j-7684aea4a660","PURSUE","2026-08-16T00:00:00.000Z","j-7684aea4a660","","","","NONE","PROVEN","DECISION_PRESENT_ONLY_HISTORICALLY"
"hist_dec_410","j-3c2e56be8e14","PASS","2026-08-16T00:00:00.000Z","j-3c2e56be8e14","","","","NONE","PROVEN","DECISION_PRESENT_ONLY_HISTORICALLY"
"hist_dec_411","j-dd680804704c","PURSUE","2026-08-16T00:00:00.000Z","j-dd680804704c","","","","NONE","PROVEN","DECISION_PRESENT_ONLY_HISTORICALLY"
"hist_dec_412","j-bd3d3259ca5b","PASS","2026-08-16T00:00:00.000Z","j-bd3d3259ca5b","","","","NONE","PROVEN","DECISION_PRESENT_ONLY_HISTORICALLY"
"hist_dec_413","j-44d4b4af31bf","CONSIDER","2026-08-16T00:00:00.000Z","j-44d4b4af31bf","","","","NONE","PROVEN","DECISION_PRESENT_ONLY_HISTORICALLY"
"hist_dec_414","j-9bb9e2f454e0","CONSIDER","2026-08-16T00:00:00.000Z","j-9bb9e2f454e0","","","","NONE","PROVEN","DECISION_PRESENT_ONLY_HISTORICALLY"
"hist_dec_415","j-7077391cbb90","PASS","2026-08-16T00:00:00.000Z","j-7077391cbb90","","","","NONE","PROVEN","DECISION_PRESENT_ONLY_HISTORICALLY"
"hist_dec_416","j-8c8b2ecbf512","PASS","2026-08-16T00:00:00.000Z","j-8c8b2ecbf512","","","","NONE","PROVEN","DECISION_PRESENT_ONLY_HISTORICALLY"
"hist_dec_417","j-5b5f78ebb879","PASS","2026-08-16T00:00:00.000Z","j-5b5f78ebb879","","","","NONE","PROVEN","DECISION_PRESENT_ONLY_HISTORICALLY"
"hist_dec_418","j-a41e399e1dd1","PASS","2026-08-16T00:00:00.000Z","j-a41e399e1dd1","","","","NONE","PROVEN","DECISION_PRESENT_ONLY_HISTORICALLY"
"hist_dec_419","j-a3c019ab7d98","PASS","2026-08-16T00:00:00.000Z","j-a3c019ab7d98","","","","NONE","PROVEN","DECISION_PRESENT_ONLY_HISTORICALLY"
"hist_dec_420","j-f33e8b861a1f","CONSIDER","2026-08-16T00:00:00.000Z","j-f33e8b861a1f","","","","NONE","PROVEN","DECISION_PRESENT_ONLY_HISTORICALLY"
"hist_dec_421","j-fb893f35c04a","PURSUE","2026-08-16T00:00:00.000Z","j-fb893f35c04a","","","","NONE","PROVEN","DECISION_PRESENT_ONLY_HISTORICALLY"
"hist_dec_422","j-1745055b7955","PASS","2026-08-16T00:00:00.000Z","j-1745055b7955","","","","NONE","PROVEN","DECISION_PRESENT_ONLY_HISTORICALLY"
"hist_dec_423","j-6415ea41ce23","PURSUE","2026-08-16T00:00:00.000Z","j-6415ea41ce23","","","","NONE","PROVEN","DECISION_PRESENT_ONLY_HISTORICALLY"
"hist_dec_424","j-60c2cabfd0f8","PASS","2026-08-16T00:00:00.000Z","j-60c2cabfd0f8","","","","NONE","PROVEN","DECISION_PRESENT_ONLY_HISTORICALLY"
"hist_dec_425","j-fec7f24a63cd","PURSUE","2026-08-16T00:00:00.000Z","j-fec7f24a63cd","","","","NONE","PROVEN","DECISION_PRESENT_ONLY_HISTORICALLY"
"hist_dec_426","j-52df9be93b1b","PASS","2026-08-16T00:00:00.000Z","j-52df9be93b1b","","","","NONE","PROVEN","DECISION_PRESENT_ONLY_HISTORICALLY"
"hist_dec_427","j-f6548cb394b9","CONSIDER","2026-08-16T00:00:00.000Z","j-f6548cb394b9","","","","NONE","PROVEN","DECISION_PRESENT_ONLY_HISTORICALLY"
"hist_dec_428","j-9d33d865e07d","PASS","2026-08-16T00:00:00.000Z","j-9d33d865e07d","","","","NONE","PROVEN","DECISION_PRESENT_ONLY_HISTORICALLY"
"hist_dec_429","j-cc7e3d50b7cc","PURSUE","2026-08-16T00:00:00.000Z","j-cc7e3d50b7cc","","","","NONE","PROVEN","DECISION_PRESENT_ONLY_HISTORICALLY"
"hist_dec_430","j-69dcbd89fcfe","PASS","2026-08-16T00:00:00.000Z","j-69dcbd89fcfe","","","","NONE","PROVEN","DECISION_PRESENT_ONLY_HISTORICALLY"
"hist_dec_431","j-38d520c47716","PASS","2026-08-16T00:00:00.000Z","j-38d520c47716","","","","NONE","PROVEN","DECISION_PRESENT_ONLY_HISTORICALLY"
"hist_dec_432","j-79e118ae8472","PASS","2026-08-16T00:00:00.000Z","j-79e118ae8472","","","","NONE","PROVEN","DECISION_PRESENT_ONLY_HISTORICALLY"
"hist_dec_433","j-220e4e1e7d18","CONSIDER","2026-08-16T00:00:00.000Z","j-220e4e1e7d18","","","","NONE","PROVEN","DECISION_PRESENT_ONLY_HISTORICALLY"
"hist_dec_434","j-7b09f4c70cbc","PASS","2026-08-16T00:00:00.000Z","j-7b09f4c70cbc","","","","NONE","PROVEN","DECISION_PRESENT_ONLY_HISTORICALLY"
"hist_dec_435","j-60909d723bc9","PURSUE","2026-08-16T00:00:00.000Z","j-60909d723bc9","","","","NONE","PROVEN","DECISION_PRESENT_ONLY_HISTORICALLY"
"hist_dec_436","j-5ee8d504c85f","PURSUE","2026-08-16T00:00:00.000Z","j-5ee8d504c85f","","","","NONE","PROVEN","DECISION_PRESENT_ONLY_HISTORICALLY"
"hist_dec_437","j-dde4a64ef66d","PASS","2026-08-16T00:00:00.000Z","j-dde4a64ef66d","","","","NONE","PROVEN","DECISION_PRESENT_ONLY_HISTORICALLY"
"hist_dec_438","j-ddd34a6ec193","PASS","2026-08-16T00:00:00.000Z","j-ddd34a6ec193","","","","NONE","PROVEN","DECISION_PRESENT_ONLY_HISTORICALLY"
"hist_dec_439","j-4baffba29bf8","PASS","2026-08-16T00:00:00.000Z","j-4baffba29bf8","","","","NONE","PROVEN","DECISION_PRESENT_ONLY_HISTORICALLY"
"hist_dec_440","j-4b2a6a8c9adc","PURSUE","2026-08-16T00:00:00.000Z","j-4b2a6a8c9adc","","","","NONE","PROVEN","DECISION_PRESENT_ONLY_HISTORICALLY"
"hist_dec_441","j-47ddb6ea53c1","PASS","2026-08-16T00:00:00.000Z","j-47ddb6ea53c1","","","","NONE","PROVEN","DECISION_PRESENT_ONLY_HISTORICALLY"
"hist_dec_442","j-76658b686fee","PURSUE","2026-08-16T00:00:00.000Z","j-76658b686fee","","","","NONE","PROVEN","DECISION_PRESENT_ONLY_HISTORICALLY"
"hist_dec_443","j-66cde4dc88ff","SPARSE_SPEC","2026-08-16T00:00:00.000Z","j-66cde4dc88ff","","","","NONE","PROVEN","DECISION_PRESENT_ONLY_HISTORICALLY"
"hist_dec_444","j-ba834977baa6","PASS","2026-08-16T00:00:00.000Z","j-ba834977baa6","","","","NONE","PROVEN","DECISION_PRESENT_ONLY_HISTORICALLY"
"hist_dec_445","j-e8c8e59e4f81","PURSUE","2026-08-16T00:00:00.000Z","j-e8c8e59e4f81","","","","NONE","PROVEN","DECISION_PRESENT_ONLY_HISTORICALLY"
"hist_dec_446","j-84a9db262ff5","PASS","2026-08-16T00:00:00.000Z","j-84a9db262ff5","","","","NONE","PROVEN","DECISION_PRESENT_ONLY_HISTORICALLY"
"hist_dec_447","j-5388817962dc","CONSIDER","2026-08-16T00:00:00.000Z","j-5388817962dc","","","","NONE","PROVEN","DECISION_PRESENT_ONLY_HISTORICALLY"
"hist_dec_448","j-095382ebd1ee","PASS","2026-08-16T00:00:00.000Z","j-095382ebd1ee","","","","NONE","PROVEN","DECISION_PRESENT_ONLY_HISTORICALLY"
"hist_dec_449","j-1cf9bca82d84","PASS","2026-08-16T00:00:00.000Z","j-1cf9bca82d84","","","","NONE","PROVEN","DECISION_PRESENT_ONLY_HISTORICALLY"
"hist_dec_450","j-a4eff2e52990","PASS","2026-08-16T00:00:00.000Z","j-a4eff2e52990","","","","NONE","PROVEN","DECISION_PRESENT_ONLY_HISTORICALLY"
"hist_dec_451","j-1b5ac503e396","PURSUE","2026-08-16T00:00:00.000Z","j-1b5ac503e396","","","","NONE","PROVEN","DECISION_PRESENT_ONLY_HISTORICALLY"
"hist_dec_452","j-55d9adef727d","PASS","2026-08-16T00:00:00.000Z","j-55d9adef727d","","","","NONE","PROVEN","DECISION_PRESENT_ONLY_HISTORICALLY"
"hist_dec_453","j-86255a72e4fc","PASS","2026-08-16T00:00:00.000Z","j-86255a72e4fc","","","","NONE","PROVEN","DECISION_PRESENT_ONLY_HISTORICALLY"
"hist_dec_454","j-60df39899eab","PASS","2026-08-16T00:00:00.000Z","j-60df39899eab","","","","NONE","PROVEN","DECISION_PRESENT_ONLY_HISTORICALLY"
"hist_dec_455","j-dbca1470322a","CONSIDER","2026-08-16T00:00:00.000Z","j-dbca1470322a","","","","NONE","PROVEN","DECISION_PRESENT_ONLY_HISTORICALLY"
"hist_dec_456","j-dc09e4ff162d","PURSUE","2026-08-16T00:00:00.000Z","j-dc09e4ff162d","","","","NONE","PROVEN","DECISION_PRESENT_ONLY_HISTORICALLY"
"hist_dec_457","j-6e879733c337","PASS","2026-08-16T00:00:00.000Z","j-6e879733c337","","","","NONE","PROVEN","DECISION_PRESENT_ONLY_HISTORICALLY"
"hist_dec_458","j-0ad1c5574494","PASS","2026-08-16T00:00:00.000Z","j-0ad1c5574494","","","","NONE","PROVEN","DECISION_PRESENT_ONLY_HISTORICALLY"
"hist_dec_459","j-b8a0bcdcd78e","PASS","2026-08-16T00:00:00.000Z","j-b8a0bcdcd78e","","","","NONE","PROVEN","DECISION_PRESENT_ONLY_HISTORICALLY"
"hist_dec_460","j-88231d0dec13","PASS","2026-08-16T00:00:00.000Z","j-88231d0dec13","","","","NONE","PROVEN","DECISION_PRESENT_ONLY_HISTORICALLY"
"hist_dec_461","j-0ef1e62d1865","PURSUE","2026-08-16T00:00:00.000Z","j-0ef1e62d1865","","","","NONE","PROVEN","DECISION_PRESENT_ONLY_HISTORICALLY"
"hist_dec_462","j-d87bdfb32989","PURSUE","2026-08-16T00:00:00.000Z","j-d87bdfb32989","","","","NONE","PROVEN","DECISION_PRESENT_ONLY_HISTORICALLY"
"hist_dec_463","j-81b096b9a3d8","PURSUE","2026-08-16T00:00:00.000Z","j-81b096b9a3d8","","","","NONE","PROVEN","DECISION_PRESENT_ONLY_HISTORICALLY"
"hist_dec_464","j-f169f45d3d7e","PASS","2026-08-16T00:00:00.000Z","j-f169f45d3d7e","","","","NONE","PROVEN","DECISION_PRESENT_ONLY_HISTORICALLY"
"hist_dec_465","j-c1344b703432","PURSUE","2026-08-16T00:00:00.000Z","j-c1344b703432","","","","NONE","PROVEN","DECISION_PRESENT_ONLY_HISTORICALLY"
"hist_dec_466","j-36d580bbf59d","PASS","2026-08-16T00:00:00.000Z","j-36d580bbf59d","","","","NONE","PROVEN","DECISION_PRESENT_ONLY_HISTORICALLY"
"hist_dec_467","j-c7d24281985a","PURSUE","2026-08-16T00:00:00.000Z","j-c7d24281985a","","","","NONE","PROVEN","DECISION_PRESENT_ONLY_HISTORICALLY"
"hist_dec_468","j-67554db472e5","PASS","2026-08-16T00:00:00.000Z","j-67554db472e5","","","","NONE","PROVEN","DECISION_PRESENT_ONLY_HISTORICALLY"
"hist_dec_469","j-12574257480a","PURSUE","2026-08-16T00:00:00.000Z","j-12574257480a","","","","NONE","PROVEN","DECISION_PRESENT_ONLY_HISTORICALLY"
"hist_dec_470","j-fe270fe37076","PURSUE","2026-08-16T00:00:00.000Z","j-fe270fe37076","","","","NONE","PROVEN","DECISION_PRESENT_ONLY_HISTORICALLY"
"hist_dec_471","j-93b7e0e051b6","PASS","2026-08-16T00:00:00.000Z","j-93b7e0e051b6","","","","NONE","PROVEN","DECISION_PRESENT_ONLY_HISTORICALLY"
"hist_dec_472","j-d08e50ebb121","PASS","2026-08-16T00:00:00.000Z","j-d08e50ebb121","","","","NONE","PROVEN","DECISION_PRESENT_ONLY_HISTORICALLY"
"hist_dec_473","j-3e695f3d84f5","PASS","2026-08-16T00:00:00.000Z","j-3e695f3d84f5","","","","NONE","PROVEN","DECISION_PRESENT_ONLY_HISTORICALLY"
"hist_dec_474","j-85229c7d5039","PASS","2026-08-16T00:00:00.000Z","j-85229c7d5039","","","","NONE","PROVEN","DECISION_PRESENT_ONLY_HISTORICALLY"
"hist_dec_475","j-dda133877af2","PURSUE","2026-08-16T00:00:00.000Z","j-dda133877af2","","","","NONE","PROVEN","DECISION_PRESENT_ONLY_HISTORICALLY"
"hist_dec_476","j-7df407cf7d16","PASS","2026-08-16T00:00:00.000Z","j-7df407cf7d16","","","","NONE","PROVEN","DECISION_PRESENT_ONLY_HISTORICALLY"
"hist_dec_477","j-dc0c8b083c17","PURSUE","2026-08-16T00:00:00.000Z","j-dc0c8b083c17","","","","NONE","PROVEN","DECISION_PRESENT_ONLY_HISTORICALLY"
"hist_dec_478","j-2fd0734146bf","PASS","2026-08-16T00:00:00.000Z","j-2fd0734146bf","","","","NONE","PROVEN","DECISION_PRESENT_ONLY_HISTORICALLY"
"hist_dec_479","j-1e2302480d71","PASS","2026-08-16T00:00:00.000Z","j-1e2302480d71","","","","NONE","PROVEN","DECISION_PRESENT_ONLY_HISTORICALLY"
"hist_dec_480","j-7c79bc5abfbc","PASS","2026-08-16T00:00:00.000Z","j-7c79bc5abfbc","","","","NONE","PROVEN","DECISION_PRESENT_ONLY_HISTORICALLY"
"hist_dec_481","j-cd002e463748","PASS","2026-08-16T00:00:00.000Z","j-cd002e463748","","","","NONE","PROVEN","DECISION_PRESENT_ONLY_HISTORICALLY"
"hist_dec_482","j-85ad63c90d71","PASS","2026-08-16T00:00:00.000Z","j-85ad63c90d71","","","","NONE","PROVEN","DECISION_PRESENT_ONLY_HISTORICALLY"
"hist_dec_483","j-fe75c532a32c","PASS","2026-08-16T00:00:00.000Z","j-fe75c532a32c","","","","NONE","PROVEN","DECISION_PRESENT_ONLY_HISTORICALLY"
"hist_dec_484","j-ff9ce99c8db9","PASS","2026-08-16T00:00:00.000Z","j-ff9ce99c8db9","","","","NONE","PROVEN","DECISION_PRESENT_ONLY_HISTORICALLY"
"hist_dec_485","j-bdd9b6202fab","PASS","2026-08-16T00:00:00.000Z","j-bdd9b6202fab","","","","NONE","PROVEN","DECISION_PRESENT_ONLY_HISTORICALLY"
"hist_dec_486","j-d3ccdc5eecbf","PASS","2026-08-16T00:00:00.000Z","j-d3ccdc5eecbf","","","","NONE","PROVEN","DECISION_PRESENT_ONLY_HISTORICALLY"
"hist_dec_487","j-37771e58db4b","PASS","2026-08-16T00:00:00.000Z","j-37771e58db4b","","","","NONE","PROVEN","DECISION_PRESENT_ONLY_HISTORICALLY"
"hist_dec_488","j-c33e0c05d71c","PASS","2026-08-16T00:00:00.000Z","j-c33e0c05d71c","","","","NONE","PROVEN","DECISION_PRESENT_ONLY_HISTORICALLY"
"hist_dec_489","j-cfea4acd1870","PASS","2026-08-16T00:00:00.000Z","j-cfea4acd1870","","","","NONE","PROVEN","DECISION_PRESENT_ONLY_HISTORICALLY"
"hist_dec_490","j-4a027945d87d","PURSUE","2026-08-16T00:00:00.000Z","j-4a027945d87d","","","","NONE","PROVEN","DECISION_PRESENT_ONLY_HISTORICALLY"
"hist_dec_491","j-439a64a2141d","PASS","2026-08-16T00:00:00.000Z","j-439a64a2141d","","","","NONE","PROVEN","DECISION_PRESENT_ONLY_HISTORICALLY"
"hist_dec_492","j-4a941d485b18","PASS","2026-08-16T00:00:00.000Z","j-4a941d485b18","","","","NONE","PROVEN","DECISION_PRESENT_ONLY_HISTORICALLY"
"hist_dec_493","j-f6dbf9f43691","PASS","2026-08-16T00:00:00.000Z","j-f6dbf9f43691","","","","NONE","PROVEN","DECISION_PRESENT_ONLY_HISTORICALLY"
"hist_dec_494","j-69178c58848f","PASS","2026-08-16T00:00:00.000Z","j-69178c58848f","","","","NONE","PROVEN","DECISION_PRESENT_ONLY_HISTORICALLY"
"hist_dec_495","j-d076d8319912","PURSUE","2026-08-16T00:00:00.000Z","j-d076d8319912","","","","NONE","PROVEN","DECISION_PRESENT_ONLY_HISTORICALLY"
"hist_dec_496","j-82942b5ece8f","PASS","2026-08-16T00:00:00.000Z","j-82942b5ece8f","","","","NONE","PROVEN","DECISION_PRESENT_ONLY_HISTORICALLY"
"hist_dec_497","j-0aa2163a3bb0","PASS","2026-08-16T00:00:00.000Z","j-0aa2163a3bb0","","","","NONE","PROVEN","DECISION_PRESENT_ONLY_HISTORICALLY"
"hist_dec_498","j-f2f460d684e4","PURSUE","2026-08-16T00:00:00.000Z","j-f2f460d684e4","","","","NONE","PROVEN","DECISION_PRESENT_ONLY_HISTORICALLY"
"hist_dec_499","j-04065b3285d4","PASS","2026-08-16T00:00:00.000Z","j-04065b3285d4","","","","NONE","PROVEN","DECISION_PRESENT_ONLY_HISTORICALLY"
"hist_dec_500","j-a73eddcefe6c","CONSIDER","2026-08-16T00:00:00.000Z","j-a73eddcefe6c","","","","NONE","PROVEN","DECISION_PRESENT_ONLY_HISTORICALLY"
"hist_dec_501","j-a72f3b4dfd22","CONSIDER","2026-08-16T00:00:00.000Z","j-a72f3b4dfd22","","","","NONE","PROVEN","DECISION_PRESENT_ONLY_HISTORICALLY"
"hist_dec_502","j-e52869676cf9","PASS","2026-08-16T00:00:00.000Z","j-e52869676cf9","","","","NONE","PROVEN","DECISION_PRESENT_ONLY_HISTORICALLY"
"hist_dec_503","j-cd4dd56f1565","PASS","2026-08-16T00:00:00.000Z","j-cd4dd56f1565","","","","NONE","PROVEN","DECISION_PRESENT_ONLY_HISTORICALLY"
"hist_dec_504","j-c10fe40356a1","PURSUE","2026-08-16T00:00:00.000Z","j-c10fe40356a1","","","","NONE","PROVEN","DECISION_PRESENT_ONLY_HISTORICALLY"
"hist_dec_505","j-2fb3511c6f0c","PASS","2026-08-16T00:00:00.000Z","j-2fb3511c6f0c","","","","NONE","PROVEN","DECISION_PRESENT_ONLY_HISTORICALLY"
"hist_dec_506","j-3c80fb55bff1","PASS","2026-08-16T00:00:00.000Z","j-3c80fb55bff1","","","","NONE","PROVEN","DECISION_PRESENT_ONLY_HISTORICALLY"
"hist_dec_507","j-1a1db3c70c6c","PASS","2026-08-16T00:00:00.000Z","j-1a1db3c70c6c","","","","NONE","PROVEN","DECISION_PRESENT_ONLY_HISTORICALLY"
"hist_dec_508","j-3fb0bb70dc75","PASS","2026-08-16T00:00:00.000Z","j-3fb0bb70dc75","","","","NONE","PROVEN","DECISION_PRESENT_ONLY_HISTORICALLY"
"hist_dec_509","j-5f5e6471ccaa","PASS","2026-08-16T00:00:00.000Z","j-5f5e6471ccaa","","","","NONE","PROVEN","DECISION_PRESENT_ONLY_HISTORICALLY"
"hist_dec_510","j-79ebdc75cde2","PASS","2026-08-16T00:00:00.000Z","j-79ebdc75cde2","","","","NONE","PROVEN","DECISION_PRESENT_ONLY_HISTORICALLY"
"hist_dec_511","j-2d92aa29b16c","PASS","2026-08-16T00:00:00.000Z","j-2d92aa29b16c","","","","NONE","PROVEN","DECISION_PRESENT_ONLY_HISTORICALLY"
"hist_dec_512","j-8b3828648894","PASS","2026-08-16T00:00:00.000Z","j-8b3828648894","","","","NONE","PROVEN","DECISION_PRESENT_ONLY_HISTORICALLY"
"hist_dec_513","j-1bae1941b46c","PURSUE","2026-08-16T00:00:00.000Z","j-1bae1941b46c","","","","NONE","PROVEN","DECISION_PRESENT_ONLY_HISTORICALLY"
"hist_dec_514","j-d84deac27bec","PASS","2026-08-16T00:00:00.000Z","j-d84deac27bec","","","","NONE","PROVEN","DECISION_PRESENT_ONLY_HISTORICALLY"
"hist_dec_515","j-0b61850a1a2b","PASS","2026-08-16T00:00:00.000Z","j-0b61850a1a2b","","","","NONE","PROVEN","DECISION_PRESENT_ONLY_HISTORICALLY"
"hist_dec_516","j-9cdc369e4aad","PASS","2026-08-16T00:00:00.000Z","j-9cdc369e4aad","","","","NONE","PROVEN","DECISION_PRESENT_ONLY_HISTORICALLY"
"hist_dec_517","j-cc6c8147049d","PASS","2026-08-16T00:00:00.000Z","j-cc6c8147049d","","","","NONE","PROVEN","DECISION_PRESENT_ONLY_HISTORICALLY"
"hist_dec_518","j-4df82a565274","CONSIDER","2026-08-16T00:00:00.000Z","j-4df82a565274","","","","NONE","PROVEN","DECISION_PRESENT_ONLY_HISTORICALLY"
"hist_dec_519","j-e9c1c27d959e","PASS","2026-08-16T00:00:00.000Z","j-e9c1c27d959e","","","","NONE","PROVEN","DECISION_PRESENT_ONLY_HISTORICALLY"
"hist_dec_520","j-ab22486ad6d3","PURSUE","2026-08-16T00:00:00.000Z","j-ab22486ad6d3","","","","NONE","PROVEN","DECISION_PRESENT_ONLY_HISTORICALLY"
"hist_dec_521","j-79477dcfc875","PASS","2026-08-16T00:00:00.000Z","j-79477dcfc875","","","","NONE","PROVEN","DECISION_PRESENT_ONLY_HISTORICALLY"
"hist_dec_522","j-bf3c1f6a1faf","PURSUE","2026-08-16T00:00:00.000Z","j-bf3c1f6a1faf","","","","NONE","PROVEN","DECISION_PRESENT_ONLY_HISTORICALLY"
"hist_dec_523","j-f2321a387e97","PASS","2026-08-16T00:00:00.000Z","j-f2321a387e97","","","","NONE","PROVEN","DECISION_PRESENT_ONLY_HISTORICALLY"
"hist_dec_524","j-9a2f752c097d","PASS","2026-08-16T00:00:00.000Z","j-9a2f752c097d","","","","NONE","PROVEN","DECISION_PRESENT_ONLY_HISTORICALLY"
"hist_dec_525","j-6efbc3183a00","PASS","2026-08-16T00:00:00.000Z","j-6efbc3183a00","","","","NONE","PROVEN","DECISION_PRESENT_ONLY_HISTORICALLY"
"hist_dec_526","j-a3b3537e6283","CONSIDER","2026-08-16T00:00:00.000Z","j-a3b3537e6283","","","","NONE","PROVEN","DECISION_PRESENT_ONLY_HISTORICALLY"
"hist_dec_527","j-e54162ca98ef","PASS","2026-08-16T00:00:00.000Z","j-e54162ca98ef","","","","NONE","PROVEN","DECISION_PRESENT_ONLY_HISTORICALLY"
"hist_dec_528","j-5968944c083d","PASS","2026-08-16T00:00:00.000Z","j-5968944c083d","","","","NONE","PROVEN","DECISION_PRESENT_ONLY_HISTORICALLY"
"hist_dec_529","j-db3a3fc9429d","PASS","2026-08-16T00:00:00.000Z","j-db3a3fc9429d","","","","NONE","PROVEN","DECISION_PRESENT_ONLY_HISTORICALLY"
"hist_dec_530","j-c9d4b7980bf8","PASS","2026-08-16T00:00:00.000Z","j-c9d4b7980bf8","","","","NONE","PROVEN","DECISION_PRESENT_ONLY_HISTORICALLY"
"hist_dec_531","j-deb3e23b6ffc","PASS","2026-08-16T00:00:00.000Z","j-deb3e23b6ffc","","","","NONE","PROVEN","DECISION_PRESENT_ONLY_HISTORICALLY"
"hist_dec_532","j-c40ed293928e","PURSUE","2026-08-16T00:00:00.000Z","j-c40ed293928e","","","","NONE","PROVEN","DECISION_PRESENT_ONLY_HISTORICALLY"
"hist_dec_533","j-d4ecd35dff79","PASS","2026-08-16T00:00:00.000Z","j-d4ecd35dff79","","","","NONE","PROVEN","DECISION_PRESENT_ONLY_HISTORICALLY"
"hist_dec_534","j-35e262dfb6a2","CONSIDER","2026-08-16T00:00:00.000Z","j-35e262dfb6a2","","","","NONE","PROVEN","DECISION_PRESENT_ONLY_HISTORICALLY"
"hist_dec_535","j-1ad10d16aa59","CONSIDER","2026-08-16T00:00:00.000Z","j-1ad10d16aa59","","","","NONE","PROVEN","DECISION_PRESENT_ONLY_HISTORICALLY"
"hist_dec_536","j-cb00a32c87e4","PASS","2026-08-16T00:00:00.000Z","j-cb00a32c87e4","","","","NONE","PROVEN","DECISION_PRESENT_ONLY_HISTORICALLY"
"hist_dec_537","j-ef412c48bd41","PASS","2026-08-16T00:00:00.000Z","j-ef412c48bd41","","","","NONE","PROVEN","DECISION_PRESENT_ONLY_HISTORICALLY"
"hist_dec_538","j-9055222071e1","CONSIDER","2026-08-16T00:00:00.000Z","j-9055222071e1","","","","NONE","PROVEN","DECISION_PRESENT_ONLY_HISTORICALLY"
"hist_dec_539","j-988e1398a9bc","PASS","2026-08-16T00:00:00.000Z","j-988e1398a9bc","","","","NONE","PROVEN","DECISION_PRESENT_ONLY_HISTORICALLY"
"hist_dec_540","j-48a2458bac72","PURSUE","2026-08-16T00:00:00.000Z","j-48a2458bac72","","","","NONE","PROVEN","DECISION_PRESENT_ONLY_HISTORICALLY"
"hist_dec_541","j-727bca7d1c10","PASS","2026-08-16T00:00:00.000Z","j-727bca7d1c10","","","","NONE","PROVEN","DECISION_PRESENT_ONLY_HISTORICALLY"
"hist_dec_542","j-046212c61917","PURSUE","2026-08-16T00:00:00.000Z","j-046212c61917","","","","NONE","PROVEN","DECISION_PRESENT_ONLY_HISTORICALLY"
"hist_dec_543","j-943a1d66fd3c","CONSIDER","2026-08-16T00:00:00.000Z","j-943a1d66fd3c","","","","NONE","PROVEN","DECISION_PRESENT_ONLY_HISTORICALLY"
"hist_dec_544","j-cc3e48f6703c","PURSUE","2026-08-16T00:00:00.000Z","j-cc3e48f6703c","","","","NONE","PROVEN","DECISION_PRESENT_ONLY_HISTORICALLY"
"hist_dec_545","j-88541e7a8d88","PASS","2026-08-16T00:00:00.000Z","j-88541e7a8d88","","","","NONE","PROVEN","DECISION_PRESENT_ONLY_HISTORICALLY"
"hist_dec_546","j-e359e7e4394e","PURSUE","2026-08-16T00:00:00.000Z","j-e359e7e4394e","","","","NONE","PROVEN","DECISION_PRESENT_ONLY_HISTORICALLY"
"hist_dec_547","j-4eb8224ad4ff","PURSUE","2026-08-16T00:00:00.000Z","j-4eb8224ad4ff","","","","NONE","PROVEN","DECISION_PRESENT_ONLY_HISTORICALLY"
"hist_dec_548","j-6caad1548cf5","PASS","2026-08-16T00:00:00.000Z","j-6caad1548cf5","","","","NONE","PROVEN","DECISION_PRESENT_ONLY_HISTORICALLY"
"hist_dec_549","j-d4393d3375f4","PASS","2026-08-16T00:00:00.000Z","j-d4393d3375f4","","","","NONE","PROVEN","DECISION_PRESENT_ONLY_HISTORICALLY"
"hist_dec_550","j-49b2f4eb9a01","CONSIDER","2026-08-16T00:00:00.000Z","j-49b2f4eb9a01","","","","NONE","PROVEN","DECISION_PRESENT_ONLY_HISTORICALLY"
"hist_dec_551","j-9393b3822977","PASS","2026-08-16T00:00:00.000Z","j-9393b3822977","","","","NONE","PROVEN","DECISION_PRESENT_ONLY_HISTORICALLY"
"hist_dec_552","j-b164c927e794","PASS","2026-08-16T00:00:00.000Z","j-b164c927e794","","","","NONE","PROVEN","DECISION_PRESENT_ONLY_HISTORICALLY"
"hist_dec_553","j-4c586f864a11","PURSUE","2026-08-16T00:00:00.000Z","j-4c586f864a11","","","","NONE","PROVEN","DECISION_PRESENT_ONLY_HISTORICALLY"
"hist_dec_554","j-841284e90716","PASS","2026-08-16T00:00:00.000Z","j-841284e90716","","","","NONE","PROVEN","DECISION_PRESENT_ONLY_HISTORICALLY"
"hist_dec_555","j-349ca2c7cb84","PASS","2026-08-16T00:00:00.000Z","j-349ca2c7cb84","","","","NONE","PROVEN","DECISION_PRESENT_ONLY_HISTORICALLY"
"hist_dec_556","j-5ad312d6dc96","PASS","2026-08-16T00:00:00.000Z","j-5ad312d6dc96","","","","NONE","PROVEN","DECISION_PRESENT_ONLY_HISTORICALLY"
"hist_dec_557","j-c5dc679bd870","PASS","2026-08-16T00:00:00.000Z","j-c5dc679bd870","","","","NONE","PROVEN","DECISION_PRESENT_ONLY_HISTORICALLY"
"hist_dec_558","j-4f76a3dd8abb","PASS","2026-08-16T00:00:00.000Z","j-4f76a3dd8abb","","","","NONE","PROVEN","DECISION_PRESENT_ONLY_HISTORICALLY"
"hist_dec_559","j-f992ade8b65c","PASS","2026-08-16T00:00:00.000Z","j-f992ade8b65c","","","","NONE","PROVEN","DECISION_PRESENT_ONLY_HISTORICALLY"
"hist_dec_560","j-9c9f6147ba99","PASS","2026-08-16T00:00:00.000Z","j-9c9f6147ba99","","","","NONE","PROVEN","DECISION_PRESENT_ONLY_HISTORICALLY"
"hist_dec_561","j-f12f3d54bde3","CONSIDER","2026-08-16T00:00:00.000Z","j-f12f3d54bde3","","","","NONE","PROVEN","DECISION_PRESENT_ONLY_HISTORICALLY"
"hist_dec_562","j-87679977f529","PURSUE","2026-08-16T00:00:00.000Z","j-87679977f529","","","","NONE","PROVEN","DECISION_PRESENT_ONLY_HISTORICALLY"
"hist_dec_563","j-8ebdfb75edba","PURSUE","2026-08-16T00:00:00.000Z","j-8ebdfb75edba","","","","NONE","PROVEN","DECISION_PRESENT_ONLY_HISTORICALLY"
"hist_dec_564","j-2fec522e4f9c","PASS","2026-08-16T00:00:00.000Z","j-2fec522e4f9c","","","","NONE","PROVEN","DECISION_PRESENT_ONLY_HISTORICALLY"
"hist_dec_565","j-ac89e9eafc5e","PASS","2026-08-16T00:00:00.000Z","j-ac89e9eafc5e","","","","NONE","PROVEN","DECISION_PRESENT_ONLY_HISTORICALLY"
"hist_dec_566","j-37da9dea8dbe","PASS","2026-08-16T00:00:00.000Z","j-37da9dea8dbe","","","","NONE","PROVEN","DECISION_PRESENT_ONLY_HISTORICALLY"
"hist_dec_567","j-0a2fecd94b29","PASS","2026-08-16T00:00:00.000Z","j-0a2fecd94b29","","","","NONE","PROVEN","DECISION_PRESENT_ONLY_HISTORICALLY"
"hist_dec_568","j-a6ca34824ed8","PURSUE","2026-08-16T00:00:00.000Z","j-a6ca34824ed8","","","","NONE","PROVEN","DECISION_PRESENT_ONLY_HISTORICALLY"
"hist_dec_569","j-4d6b9fb61f21","PASS","2026-08-16T00:00:00.000Z","j-4d6b9fb61f21","","","","NONE","PROVEN","DECISION_PRESENT_ONLY_HISTORICALLY"
"hist_dec_570","j-b6e17b220a69","PASS","2026-08-16T00:00:00.000Z","j-b6e17b220a69","","","","NONE","PROVEN","DECISION_PRESENT_ONLY_HISTORICALLY"
"hist_dec_571","j-b9fea5497caf","PASS","2026-08-16T00:00:00.000Z","j-b9fea5497caf","","","","NONE","PROVEN","DECISION_PRESENT_ONLY_HISTORICALLY"
"hist_dec_572","j-ebed6e7b5caa","PURSUE","2026-08-16T00:00:00.000Z","j-ebed6e7b5caa","","","","NONE","PROVEN","DECISION_PRESENT_ONLY_HISTORICALLY"
"hist_dec_573","j-9bc1610fec69","NOT_EVALUABLE","2026-08-16T00:00:00.000Z","j-9bc1610fec69","","","","NONE","PROVEN","DECISION_PRESENT_ONLY_HISTORICALLY"
"hist_dec_574","j-5882937e6ebf","PURSUE","2026-08-16T00:00:00.000Z","j-5882937e6ebf","","","","NONE","PROVEN","DECISION_PRESENT_ONLY_HISTORICALLY"
"hist_dec_575","j-13ab7961d8be","CONSIDER","2026-08-16T00:00:00.000Z","j-13ab7961d8be","","","","NONE","PROVEN","DECISION_PRESENT_ONLY_HISTORICALLY"
"hist_dec_576","j-f1600a85d003","PURSUE","2026-08-16T00:00:00.000Z","j-f1600a85d003","","","","NONE","PROVEN","DECISION_PRESENT_ONLY_HISTORICALLY"
"hist_dec_577","j-89a7c72e9c1a","PASS","2026-08-16T00:00:00.000Z","j-89a7c72e9c1a","","","","NONE","PROVEN","DECISION_PRESENT_ONLY_HISTORICALLY"
"hist_dec_578","j-03ba65eaf7f2","PASS","2026-08-16T00:00:00.000Z","j-03ba65eaf7f2","","","","NONE","PROVEN","DECISION_PRESENT_ONLY_HISTORICALLY"
"hist_dec_579","j-7b7aac5ab489","PURSUE","2026-08-16T00:00:00.000Z","j-7b7aac5ab489","","","","NONE","PROVEN","DECISION_PRESENT_ONLY_HISTORICALLY"
"hist_dec_580","j-ab14e6d7d92a","PASS","2026-08-16T00:00:00.000Z","j-ab14e6d7d92a","","","","NONE","PROVEN","DECISION_PRESENT_ONLY_HISTORICALLY"
"hist_dec_581","j-cf1a4f4661f4","PASS","2026-08-16T00:00:00.000Z","j-cf1a4f4661f4","","","","NONE","PROVEN","DECISION_PRESENT_ONLY_HISTORICALLY"
"hist_dec_582","j-592bec669d9f","PASS","2026-08-16T00:00:00.000Z","j-592bec669d9f","","","","NONE","PROVEN","DECISION_PRESENT_ONLY_HISTORICALLY"
"hist_dec_583","j-093db31b2ee9","PASS","2026-08-16T00:00:00.000Z","j-093db31b2ee9","","","","NONE","PROVEN","DECISION_PRESENT_ONLY_HISTORICALLY"
"hist_dec_584","j-24874986ddf2","PURSUE","2026-08-16T00:00:00.000Z","j-24874986ddf2","","","","NONE","PROVEN","DECISION_PRESENT_ONLY_HISTORICALLY"
"hist_dec_585","j-3149409da708","PASS","2026-08-16T00:00:00.000Z","j-3149409da708","","","","NONE","PROVEN","DECISION_PRESENT_ONLY_HISTORICALLY"
"hist_dec_586","j-7a83602754e8","CONSIDER","2026-08-16T00:00:00.000Z","j-7a83602754e8","","","","NONE","PROVEN","DECISION_PRESENT_ONLY_HISTORICALLY"
"hist_dec_587","j-7b9f0c8dfcb4","PASS","2026-08-16T00:00:00.000Z","j-7b9f0c8dfcb4","","","","NONE","PROVEN","DECISION_PRESENT_ONLY_HISTORICALLY"
"hist_dec_588","j-95d1218a1344","PURSUE","2026-08-16T00:00:00.000Z","j-95d1218a1344","","","","NONE","PROVEN","DECISION_PRESENT_ONLY_HISTORICALLY"
"hist_dec_589","j-6bb1b4d5b90b","PURSUE","2026-08-16T00:00:00.000Z","j-6bb1b4d5b90b","","","","NONE","PROVEN","DECISION_PRESENT_ONLY_HISTORICALLY"
"hist_dec_590","j-4ae4391fcc02","PASS","2026-08-16T00:00:00.000Z","j-4ae4391fcc02","","","","NONE","PROVEN","DECISION_PRESENT_ONLY_HISTORICALLY"
"hist_dec_591","j-730c62a5fdf9","PURSUE","2026-08-16T00:00:00.000Z","j-730c62a5fdf9","","","","NONE","PROVEN","DECISION_PRESENT_ONLY_HISTORICALLY"
"hist_dec_592","j-b048f42fb6bb","PASS","2026-08-16T00:00:00.000Z","j-b048f42fb6bb","","","","NONE","PROVEN","DECISION_PRESENT_ONLY_HISTORICALLY"
"hist_dec_593","j-62373ba87ea0","PASS","2026-08-16T00:00:00.000Z","j-62373ba87ea0","","","","NONE","PROVEN","DECISION_PRESENT_ONLY_HISTORICALLY"
"hist_dec_594","j-3b4ac7c10f0f","PASS","2026-08-16T00:00:00.000Z","j-3b4ac7c10f0f","","","","NONE","PROVEN","DECISION_PRESENT_ONLY_HISTORICALLY"
"hist_dec_595","j-b0a290632f84","PASS","2026-08-16T00:00:00.000Z","j-b0a290632f84","","","","NONE","PROVEN","DECISION_PRESENT_ONLY_HISTORICALLY"
"hist_dec_596","j-8a8b1ff9fe43","PASS","2026-08-16T00:00:00.000Z","j-8a8b1ff9fe43","","","","NONE","PROVEN","DECISION_PRESENT_ONLY_HISTORICALLY"
"hist_dec_597","j-44b690869fe8","PASS","2026-08-16T00:00:00.000Z","j-44b690869fe8","","","","NONE","PROVEN","DECISION_PRESENT_ONLY_HISTORICALLY"
"hist_dec_598","j-8f4813a4b093","PURSUE","2026-08-16T00:00:00.000Z","j-8f4813a4b093","","","","NONE","PROVEN","DECISION_PRESENT_ONLY_HISTORICALLY"
"hist_dec_599","j-78f390217bf2","PASS","2026-08-16T00:00:00.000Z","j-78f390217bf2","","","","NONE","PROVEN","DECISION_PRESENT_ONLY_HISTORICALLY"
"hist_dec_600","j-f18ec574618d","PURSUE","2026-08-16T00:00:00.000Z","j-f18ec574618d","","","","NONE","PROVEN","DECISION_PRESENT_ONLY_HISTORICALLY"
"hist_dec_601","j-d306a461e34c","PASS","2026-08-16T00:00:00.000Z","j-d306a461e34c","","","","NONE","PROVEN","DECISION_PRESENT_ONLY_HISTORICALLY"
"hist_dec_602","j-9ba0e7990a8e","PURSUE","2026-08-16T00:00:00.000Z","j-9ba0e7990a8e","","","","NONE","PROVEN","DECISION_PRESENT_ONLY_HISTORICALLY"
"hist_dec_603","j-4765ca803741","CONSIDER","2026-08-16T00:00:00.000Z","j-4765ca803741","","","","NONE","PROVEN","DECISION_PRESENT_ONLY_HISTORICALLY"
"hist_dec_604","j-8a2114cfd250","PASS","2026-08-16T00:00:00.000Z","j-8a2114cfd250","","","","NONE","PROVEN","DECISION_PRESENT_ONLY_HISTORICALLY"
"hist_dec_605","j-f9a77bbfb897","PASS","2026-08-16T00:00:00.000Z","j-f9a77bbfb897","","","","NONE","PROVEN","DECISION_PRESENT_ONLY_HISTORICALLY"
"hist_dec_606","j-244591619fa9","PASS","2026-08-16T00:00:00.000Z","j-244591619fa9","","","","NONE","PROVEN","DECISION_PRESENT_ONLY_HISTORICALLY"
"hist_dec_607","j-dfc52df1ed6d","PASS","2026-08-16T00:00:00.000Z","j-dfc52df1ed6d","","","","NONE","PROVEN","DECISION_PRESENT_ONLY_HISTORICALLY"
"hist_dec_608","j-12adae9ea552","PURSUE","2026-08-16T00:00:00.000Z","j-12adae9ea552","","","","NONE","PROVEN","DECISION_PRESENT_ONLY_HISTORICALLY"
"hist_dec_609","j-45277340cedf","PASS","2026-08-16T00:00:00.000Z","j-45277340cedf","","","","NONE","PROVEN","DECISION_PRESENT_ONLY_HISTORICALLY"
"hist_dec_610","j-4f48071cd703","PURSUE","2026-08-16T00:00:00.000Z","j-4f48071cd703","","","","NONE","PROVEN","DECISION_PRESENT_ONLY_HISTORICALLY"
"hist_dec_611","j-292f20afc5fc","PASS","2026-08-16T00:00:00.000Z","j-292f20afc5fc","","","","NONE","PROVEN","DECISION_PRESENT_ONLY_HISTORICALLY"
"hist_dec_612","j-2a28b45fb0be","PURSUE","2026-08-16T00:00:00.000Z","j-2a28b45fb0be","","","","NONE","PROVEN","DECISION_PRESENT_ONLY_HISTORICALLY"
"hist_dec_613","j-813911307445","PASS","2026-08-16T00:00:00.000Z","j-813911307445","","","","NONE","PROVEN","DECISION_PRESENT_ONLY_HISTORICALLY"
"hist_dec_614","j-832b99b11058","PASS","2026-08-16T00:00:00.000Z","j-832b99b11058","","","","NONE","PROVEN","DECISION_PRESENT_ONLY_HISTORICALLY"
"hist_dec_615","j-cc222b05ee62","CONSIDER","2026-08-16T00:00:00.000Z","j-cc222b05ee62","","","","NONE","PROVEN","DECISION_PRESENT_ONLY_HISTORICALLY"
"hist_dec_616","j-493de4cd2755","PASS","2026-08-16T00:00:00.000Z","j-493de4cd2755","","","","NONE","PROVEN","DECISION_PRESENT_ONLY_HISTORICALLY"
"hist_dec_617","j-b10c2c4240c0","PASS","2026-08-16T00:00:00.000Z","j-b10c2c4240c0","","","","NONE","PROVEN","DECISION_PRESENT_ONLY_HISTORICALLY"
"hist_dec_618","j-6772654bf9c8","PASS","2026-08-16T00:00:00.000Z","j-6772654bf9c8","","","","NONE","PROVEN","DECISION_PRESENT_ONLY_HISTORICALLY"
"hist_dec_619","j-4abe4bf28be7","PASS","2026-08-16T00:00:00.000Z","j-4abe4bf28be7","","","","NONE","PROVEN","DECISION_PRESENT_ONLY_HISTORICALLY"
"hist_dec_620","j-d3ba046f9517","PASS","2026-08-16T00:00:00.000Z","j-d3ba046f9517","","","","NONE","PROVEN","DECISION_PRESENT_ONLY_HISTORICALLY"
"hist_dec_621","j-620038322773","PASS","2026-08-16T00:00:00.000Z","j-620038322773","","","","NONE","PROVEN","DECISION_PRESENT_ONLY_HISTORICALLY"
"hist_dec_622","j-6165a9392e51","CONSIDER","2026-08-16T00:00:00.000Z","j-6165a9392e51","","","","NONE","PROVEN","DECISION_PRESENT_ONLY_HISTORICALLY"
"hist_dec_623","j-8c2841940e12","PASS","2026-08-16T00:00:00.000Z","j-8c2841940e12","","","","NONE","PROVEN","DECISION_PRESENT_ONLY_HISTORICALLY"
"hist_dec_624","j-2408dcb490c0","PASS","2026-08-16T00:00:00.000Z","j-2408dcb490c0","","","","NONE","PROVEN","DECISION_PRESENT_ONLY_HISTORICALLY"
"hist_dec_625","j-746985ad31b5","PASS","2026-08-16T00:00:00.000Z","j-746985ad31b5","","","","NONE","PROVEN","DECISION_PRESENT_ONLY_HISTORICALLY"
"hist_dec_626","j-3dca4a80bfb4","PASS","2026-08-16T00:00:00.000Z","j-3dca4a80bfb4","","","","NONE","PROVEN","DECISION_PRESENT_ONLY_HISTORICALLY"
"hist_dec_627","j-ef6b97deede9","PASS","2026-08-16T00:00:00.000Z","j-ef6b97deede9","","","","NONE","PROVEN","DECISION_PRESENT_ONLY_HISTORICALLY"
"hist_dec_628","j-2f8c7aba270d","CONSIDER","2026-08-16T00:00:00.000Z","j-2f8c7aba270d","","","","NONE","PROVEN","DECISION_PRESENT_ONLY_HISTORICALLY"
"hist_dec_629","j-6b661f5bb576","PASS","2026-08-16T00:00:00.000Z","j-6b661f5bb576","","","","NONE","PROVEN","DECISION_PRESENT_ONLY_HISTORICALLY"
"hist_dec_630","j-3ae18aa4d681","PASS","2026-08-16T00:00:00.000Z","j-3ae18aa4d681","","","","NONE","PROVEN","DECISION_PRESENT_ONLY_HISTORICALLY"
"hist_dec_631","j-b74d7f4c43f2","PASS","2026-08-16T00:00:00.000Z","j-b74d7f4c43f2","","","","NONE","PROVEN","DECISION_PRESENT_ONLY_HISTORICALLY"
"hist_dec_632","j-b19c7fd466fd","PASS","2026-08-16T00:00:00.000Z","j-b19c7fd466fd","","","","NONE","PROVEN","DECISION_PRESENT_ONLY_HISTORICALLY"
"hist_dec_633","j-e77480b638fe","PASS","2026-08-16T00:00:00.000Z","j-e77480b638fe","","","","NONE","PROVEN","DECISION_PRESENT_ONLY_HISTORICALLY"
"hist_dec_634","j-09d0fd6f3242","PURSUE","2026-08-16T00:00:00.000Z","j-09d0fd6f3242","","","","NONE","PROVEN","DECISION_PRESENT_ONLY_HISTORICALLY"
"hist_dec_635","j-c30a1548ded0","PURSUE","2026-08-16T00:00:00.000Z","j-c30a1548ded0","","","","NONE","PROVEN","DECISION_PRESENT_ONLY_HISTORICALLY"
"hist_dec_636","j-54ac981686af","PASS","2026-08-16T00:00:00.000Z","j-54ac981686af","","","","NONE","PROVEN","DECISION_PRESENT_ONLY_HISTORICALLY"
"hist_dec_637","j-85785d40e823","PURSUE","2026-08-16T00:00:00.000Z","j-85785d40e823","","","","NONE","PROVEN","DECISION_PRESENT_ONLY_HISTORICALLY"
"hist_dec_638","j-0f9b3cdb0a23","PASS","2026-08-16T00:00:00.000Z","j-0f9b3cdb0a23","","","","NONE","PROVEN","DECISION_PRESENT_ONLY_HISTORICALLY"
"hist_dec_639","j-9cf745244185","PASS","2026-08-16T00:00:00.000Z","j-9cf745244185","","","","NONE","PROVEN","DECISION_PRESENT_ONLY_HISTORICALLY"
"hist_dec_640","j-7fe095c505ca","PASS","2026-08-16T00:00:00.000Z","j-7fe095c505ca","","","","NONE","PROVEN","DECISION_PRESENT_ONLY_HISTORICALLY"
"hist_dec_641","j-5f50984f630e","PASS","2026-08-16T00:00:00.000Z","j-5f50984f630e","","","","NONE","PROVEN","DECISION_PRESENT_ONLY_HISTORICALLY"
"hist_dec_642","j-854f693c4288","PURSUE","2026-08-16T00:00:00.000Z","j-854f693c4288","","","","NONE","PROVEN","DECISION_PRESENT_ONLY_HISTORICALLY"
"hist_dec_643","j-e33336c44bd2","PASS","2026-08-16T00:00:00.000Z","j-e33336c44bd2","","","","NONE","PROVEN","DECISION_PRESENT_ONLY_HISTORICALLY"
"hist_dec_644","j-726da9900c1d","CONSIDER","2026-08-16T00:00:00.000Z","j-726da9900c1d","","","","NONE","PROVEN","DECISION_PRESENT_ONLY_HISTORICALLY"
"hist_dec_645","j-5e6611c879da","CONSIDER","2026-08-16T00:00:00.000Z","j-5e6611c879da","","","","NONE","PROVEN","DECISION_PRESENT_ONLY_HISTORICALLY"
"hist_dec_646","j-c6603da5db4b","PASS","2026-08-16T00:00:00.000Z","j-c6603da5db4b","","","","NONE","PROVEN","DECISION_PRESENT_ONLY_HISTORICALLY"
"hist_dec_647","j-b981900f8dab","PASS","2026-08-16T00:00:00.000Z","j-b981900f8dab","","","","NONE","PROVEN","DECISION_PRESENT_ONLY_HISTORICALLY"
"hist_dec_648","j-607824516e39","PURSUE","2026-08-16T00:00:00.000Z","j-607824516e39","","","","NONE","PROVEN","DECISION_PRESENT_ONLY_HISTORICALLY"
"hist_dec_649","j-342962696b63","PASS","2026-08-16T00:00:00.000Z","j-342962696b63","","","","NONE","PROVEN","DECISION_PRESENT_ONLY_HISTORICALLY"
"hist_dec_650","j-83b58b97f54f","PASS","2026-08-16T00:00:00.000Z","j-83b58b97f54f","","","","NONE","PROVEN","DECISION_PRESENT_ONLY_HISTORICALLY"
"hist_dec_651","j-3751562ffcc9","PASS","2026-08-16T00:00:00.000Z","j-3751562ffcc9","","","","NONE","PROVEN","DECISION_PRESENT_ONLY_HISTORICALLY"
"hist_dec_652","j-b626e80ce3c0","PURSUE","2026-08-16T00:00:00.000Z","j-b626e80ce3c0","","","","NONE","PROVEN","DECISION_PRESENT_ONLY_HISTORICALLY"
"hist_dec_653","j-669f9f6f2612","PASS","2026-08-16T00:00:00.000Z","j-669f9f6f2612","","","","NONE","PROVEN","DECISION_PRESENT_ONLY_HISTORICALLY"
"hist_dec_654","j-54ccee9cecb4","PURSUE","2026-08-16T00:00:00.000Z","j-54ccee9cecb4","","","","NONE","PROVEN","DECISION_PRESENT_ONLY_HISTORICALLY"
"hist_dec_655","j-431a806daba2","PASS","2026-08-16T00:00:00.000Z","j-431a806daba2","","","","NONE","PROVEN","DECISION_PRESENT_ONLY_HISTORICALLY"
"hist_dec_656","j-f1e5d88109ff","PASS","2026-08-16T00:00:00.000Z","j-f1e5d88109ff","","","","NONE","PROVEN","DECISION_PRESENT_ONLY_HISTORICALLY"
"hist_dec_657","j-3bd6612b974a","PASS","2026-08-16T00:00:00.000Z","j-3bd6612b974a","","","","NONE","PROVEN","DECISION_PRESENT_ONLY_HISTORICALLY"
"hist_dec_658","j-83db5f73244f","PURSUE","2026-08-16T00:00:00.000Z","j-83db5f73244f","","","","NONE","PROVEN","DECISION_PRESENT_ONLY_HISTORICALLY"
"hist_dec_659","j-dc787ec0b2d9","CONSIDER","2026-08-16T00:00:00.000Z","j-dc787ec0b2d9","","","","NONE","PROVEN","DECISION_PRESENT_ONLY_HISTORICALLY"
"hist_dec_660","j-befdc618854f","PASS","2026-08-16T00:00:00.000Z","j-befdc618854f","","","","NONE","PROVEN","DECISION_PRESENT_ONLY_HISTORICALLY"
"hist_dec_661","j-922fdb8e53f3","PURSUE","2026-08-16T00:00:00.000Z","j-922fdb8e53f3","","","","NONE","PROVEN","DECISION_PRESENT_ONLY_HISTORICALLY"
"hist_dec_662","j-4c65f48bdc0f","PASS","2026-08-16T00:00:00.000Z","j-4c65f48bdc0f","","","","NONE","PROVEN","DECISION_PRESENT_ONLY_HISTORICALLY"
"hist_dec_663","j-319934b8c168","PURSUE","2026-08-16T00:00:00.000Z","j-319934b8c168","","","","NONE","PROVEN","DECISION_PRESENT_ONLY_HISTORICALLY"
"hist_dec_664","j-de4f2d40561c","PURSUE","2026-08-16T00:00:00.000Z","j-de4f2d40561c","","","","NONE","PROVEN","DECISION_PRESENT_ONLY_HISTORICALLY"
"hist_dec_665","j-815d672395d7","CONSIDER","2026-08-16T00:00:00.000Z","j-815d672395d7","","","","NONE","PROVEN","DECISION_PRESENT_ONLY_HISTORICALLY"
"hist_dec_666","j-232a5607069e","PASS","2026-08-16T00:00:00.000Z","j-232a5607069e","","","","NONE","PROVEN","DECISION_PRESENT_ONLY_HISTORICALLY"
"hist_dec_667","j-1680a54f593a","PASS","2026-08-16T00:00:00.000Z","j-1680a54f593a","","","","NONE","PROVEN","DECISION_PRESENT_ONLY_HISTORICALLY"
"hist_dec_668","j-b53dc96dbbc1","PASS","2026-08-16T00:00:00.000Z","j-b53dc96dbbc1","","","","NONE","PROVEN","DECISION_PRESENT_ONLY_HISTORICALLY"
"hist_dec_669","j-1ba60adaafa9","PASS","2026-08-16T00:00:00.000Z","j-1ba60adaafa9","","","","NONE","PROVEN","DECISION_PRESENT_ONLY_HISTORICALLY"
"hist_dec_670","j-68ebe7699820","PASS","2026-08-16T00:00:00.000Z","j-68ebe7699820","","","","NONE","PROVEN","DECISION_PRESENT_ONLY_HISTORICALLY"
"hist_dec_671","j-ace16540d5a4","PASS","2026-08-16T00:00:00.000Z","j-ace16540d5a4","","","","NONE","PROVEN","DECISION_PRESENT_ONLY_HISTORICALLY"
"hist_dec_672","j-d81c3cfc4e85","PASS","2026-08-16T00:00:00.000Z","j-d81c3cfc4e85","","","","NONE","PROVEN","DECISION_PRESENT_ONLY_HISTORICALLY"
"hist_dec_673","j-a6fe2ab1a584","PASS","2026-08-16T00:00:00.000Z","j-a6fe2ab1a584","","","","NONE","PROVEN","DECISION_PRESENT_ONLY_HISTORICALLY"
"hist_dec_674","j-a554d0b559f2","PURSUE","2026-08-16T00:00:00.000Z","j-a554d0b559f2","","","","NONE","PROVEN","DECISION_PRESENT_ONLY_HISTORICALLY"
"hist_dec_675","j-2570118dab32","PASS","2026-08-16T00:00:00.000Z","j-2570118dab32","","","","NONE","PROVEN","DECISION_PRESENT_ONLY_HISTORICALLY"
"hist_dec_676","j-af13f813645e","CONSIDER","2026-08-16T00:00:00.000Z","j-af13f813645e","","","","NONE","PROVEN","DECISION_PRESENT_ONLY_HISTORICALLY"
"hist_dec_677","j-1a0e3f0f3ecb","SPARSE_SPEC","2026-08-16T00:00:00.000Z","j-1a0e3f0f3ecb","","","","NONE","PROVEN","DECISION_PRESENT_ONLY_HISTORICALLY"
"hist_dec_678","j-7d384d00a05e","PURSUE","2026-08-16T00:00:00.000Z","j-7d384d00a05e","","","","NONE","PROVEN","DECISION_PRESENT_ONLY_HISTORICALLY"
"hist_dec_679","j-9b97b5cd3480","PASS","2026-08-16T00:00:00.000Z","j-9b97b5cd3480","","","","NONE","PROVEN","DECISION_PRESENT_ONLY_HISTORICALLY"
"hist_dec_680","j-4334bfb62ea0","PASS","2026-08-16T00:00:00.000Z","j-4334bfb62ea0","","","","NONE","PROVEN","DECISION_PRESENT_ONLY_HISTORICALLY"
"hist_dec_681","j-68516355e1aa","PASS","2026-08-16T00:00:00.000Z","j-68516355e1aa","","","","NONE","PROVEN","DECISION_PRESENT_ONLY_HISTORICALLY"
"hist_dec_682","j-85e94324b2c2","PURSUE","2026-08-16T00:00:00.000Z","j-85e94324b2c2","","","","NONE","PROVEN","DECISION_PRESENT_ONLY_HISTORICALLY"
"hist_dec_683","j-7af130c8a97b","CONSIDER","2026-08-16T00:00:00.000Z","j-7af130c8a97b","","","","NONE","PROVEN","DECISION_PRESENT_ONLY_HISTORICALLY"
"hist_dec_684","j-e68299ccddb2","PURSUE","2026-08-16T00:00:00.000Z","j-e68299ccddb2","","","","NONE","PROVEN","DECISION_PRESENT_ONLY_HISTORICALLY"
"hist_dec_685","j-c22e8fbdeacd","PASS","2026-08-16T00:00:00.000Z","j-c22e8fbdeacd","","","","NONE","PROVEN","DECISION_PRESENT_ONLY_HISTORICALLY"
"hist_dec_686","j-7a54cd0c5d2a","PURSUE","2026-08-16T00:00:00.000Z","j-7a54cd0c5d2a","","","","NONE","PROVEN","DECISION_PRESENT_ONLY_HISTORICALLY"
"hist_dec_687","j-3689fa09765a","PURSUE","2026-08-16T00:00:00.000Z","j-3689fa09765a","","","","NONE","PROVEN","DECISION_PRESENT_ONLY_HISTORICALLY"
"hist_dec_688","j-cbfded0de58a","PASS","2026-08-16T00:00:00.000Z","j-cbfded0de58a","","","","NONE","PROVEN","DECISION_PRESENT_ONLY_HISTORICALLY"
"hist_dec_689","j-804bb2287cdc","PURSUE","2026-08-16T00:00:00.000Z","j-804bb2287cdc","","","","NONE","PROVEN","DECISION_PRESENT_ONLY_HISTORICALLY"
"hist_dec_690","j-f81f5eeae204","PASS","2026-08-16T00:00:00.000Z","j-f81f5eeae204","","","","NONE","PROVEN","DECISION_PRESENT_ONLY_HISTORICALLY"
"hist_dec_691","j-69df202bac2c","PASS","2026-08-16T00:00:00.000Z","j-69df202bac2c","","","","NONE","PROVEN","DECISION_PRESENT_ONLY_HISTORICALLY"
"hist_dec_692","j-8f960ad8bbbe","PURSUE","2026-08-16T00:00:00.000Z","j-8f960ad8bbbe","","","","NONE","PROVEN","DECISION_PRESENT_ONLY_HISTORICALLY"
"hist_dec_693","j-91004f14fb2f","PURSUE","2026-08-16T00:00:00.000Z","j-91004f14fb2f","","","","NONE","PROVEN","DECISION_PRESENT_ONLY_HISTORICALLY"
"hist_dec_694","j-f05f1ddd2e9b","PURSUE","2026-08-16T00:00:00.000Z","j-f05f1ddd2e9b","","","","NONE","PROVEN","DECISION_PRESENT_ONLY_HISTORICALLY"
"hist_dec_695","j-a3db4b937518","PASS","2026-08-16T00:00:00.000Z","j-a3db4b937518","","","","NONE","PROVEN","DECISION_PRESENT_ONLY_HISTORICALLY"
"hist_dec_696","j-67c3ecc1e572","PASS","2026-08-16T00:00:00.000Z","j-67c3ecc1e572","","","","NONE","PROVEN","DECISION_PRESENT_ONLY_HISTORICALLY"
"hist_dec_697","j-01360b4c63f5","SPARSE_SPEC","2026-08-16T00:00:00.000Z","j-01360b4c63f5","","","","NONE","PROVEN","DECISION_PRESENT_ONLY_HISTORICALLY"
"hist_dec_698","j-0f992fe5707c","PASS","2026-08-16T00:00:00.000Z","j-0f992fe5707c","","","","NONE","PROVEN","DECISION_PRESENT_ONLY_HISTORICALLY"
"hist_dec_699","j-03bbdb643124","CONSIDER","2026-08-16T00:00:00.000Z","j-03bbdb643124","","","","NONE","PROVEN","DECISION_PRESENT_ONLY_HISTORICALLY"
"hist_dec_700","j-207aadf1d884","PURSUE","2026-08-16T00:00:00.000Z","j-207aadf1d884","","","","NONE","PROVEN","DECISION_PRESENT_ONLY_HISTORICALLY"
"hist_dec_701","j-2fff2094f880","PASS","2026-08-16T00:00:00.000Z","j-2fff2094f880","","","","NONE","PROVEN","DECISION_PRESENT_ONLY_HISTORICALLY"
"hist_dec_702","j-a8308176992d","PURSUE","2026-08-16T00:00:00.000Z","j-a8308176992d","","","","NONE","PROVEN","DECISION_PRESENT_ONLY_HISTORICALLY"
"hist_dec_703","j-0af53f765225","PASS","2026-08-16T00:00:00.000Z","j-0af53f765225","","","","NONE","PROVEN","DECISION_PRESENT_ONLY_HISTORICALLY"
"hist_dec_704","j-d241db4e9687","PURSUE","2026-08-16T00:00:00.000Z","j-d241db4e9687","","","","NONE","PROVEN","DECISION_PRESENT_ONLY_HISTORICALLY"
"hist_dec_705","j-1e0e3f742752","PASS","2026-08-16T00:00:00.000Z","j-1e0e3f742752","","","","NONE","PROVEN","DECISION_PRESENT_ONLY_HISTORICALLY"
"hist_dec_706","j-e71a9b715e5d","PASS","2026-08-16T00:00:00.000Z","j-e71a9b715e5d","","","","NONE","PROVEN","DECISION_PRESENT_ONLY_HISTORICALLY"
"hist_dec_707","j-609170c0eaa1","PURSUE","2026-08-16T00:00:00.000Z","j-609170c0eaa1","","","","NONE","PROVEN","DECISION_PRESENT_ONLY_HISTORICALLY"
"hist_dec_708","j-6c1868b4d2da","PURSUE","2026-08-16T00:00:00.000Z","j-6c1868b4d2da","","","","NONE","PROVEN","DECISION_PRESENT_ONLY_HISTORICALLY"
"hist_dec_709","j-2f505e4150ba","PASS","2026-08-16T00:00:00.000Z","j-2f505e4150ba","","","","NONE","PROVEN","DECISION_PRESENT_ONLY_HISTORICALLY"
"hist_dec_710","j-f0820e9eb8f1","PASS","2026-08-16T00:00:00.000Z","j-f0820e9eb8f1","","","","NONE","PROVEN","DECISION_PRESENT_ONLY_HISTORICALLY"
"hist_dec_711","j-f3af73a006e9","PASS","2026-08-16T00:00:00.000Z","j-f3af73a006e9","","","","NONE","PROVEN","DECISION_PRESENT_ONLY_HISTORICALLY"
"hist_dec_712","j-d1d896dd8b5d","PURSUE","2026-08-16T00:00:00.000Z","j-d1d896dd8b5d","","","","NONE","PROVEN","DECISION_PRESENT_ONLY_HISTORICALLY"
"hist_dec_713","j-5d7fc93c998e","CONSIDER","2026-08-16T00:00:00.000Z","j-5d7fc93c998e","","","","NONE","PROVEN","DECISION_PRESENT_ONLY_HISTORICALLY"
"hist_dec_714","j-3110e3aad02d","PASS","2026-08-16T00:00:00.000Z","j-3110e3aad02d","","","","NONE","PROVEN","DECISION_PRESENT_ONLY_HISTORICALLY"
"hist_dec_715","j-7afc7a22e483","PASS","2026-08-16T00:00:00.000Z","j-7afc7a22e483","","","","NONE","PROVEN","DECISION_PRESENT_ONLY_HISTORICALLY"
"hist_dec_716","j-69675b2e5d34","PASS","2026-08-16T00:00:00.000Z","j-69675b2e5d34","","","","NONE","PROVEN","DECISION_PRESENT_ONLY_HISTORICALLY"
"hist_dec_717","j-008f74870e2a","PURSUE","2026-08-16T00:00:00.000Z","j-008f74870e2a","","","","NONE","PROVEN","DECISION_PRESENT_ONLY_HISTORICALLY"
"hist_dec_718","j-b79e8cb71627","CONSIDER","2026-08-16T00:00:00.000Z","j-b79e8cb71627","","","","NONE","PROVEN","DECISION_PRESENT_ONLY_HISTORICALLY"
"hist_dec_719","j-0a15815c8907","PASS","2026-08-16T00:00:00.000Z","j-0a15815c8907","","","","NONE","PROVEN","DECISION_PRESENT_ONLY_HISTORICALLY"
"hist_dec_720","j-eaa70637cf54","PASS","2026-08-16T00:00:00.000Z","j-eaa70637cf54","","","","NONE","PROVEN","DECISION_PRESENT_ONLY_HISTORICALLY"
"hist_dec_721","j-9dd9d3ab47ed","PASS","2026-08-16T00:00:00.000Z","j-9dd9d3ab47ed","","","","NONE","PROVEN","DECISION_PRESENT_ONLY_HISTORICALLY"
"hist_dec_722","j-4ca5aa81d6c0","PASS","2026-08-16T00:00:00.000Z","j-4ca5aa81d6c0","","","","NONE","PROVEN","DECISION_PRESENT_ONLY_HISTORICALLY"
"hist_dec_723","j-cd355c2ba6f9","PASS","2026-08-16T00:00:00.000Z","j-cd355c2ba6f9","","","","NONE","PROVEN","DECISION_PRESENT_ONLY_HISTORICALLY"
"hist_dec_724","j-e6b66443b9a0","PASS","2026-08-16T00:00:00.000Z","j-e6b66443b9a0","","","","NONE","PROVEN","DECISION_PRESENT_ONLY_HISTORICALLY"
"hist_dec_725","j-7c23b47b933b","CONSIDER","2026-08-16T00:00:00.000Z","j-7c23b47b933b","","","","NONE","PROVEN","DECISION_PRESENT_ONLY_HISTORICALLY"
"hist_dec_726","j-b2927fc2731c","PURSUE","2026-08-16T00:00:00.000Z","j-b2927fc2731c","","","","NONE","PROVEN","DECISION_PRESENT_ONLY_HISTORICALLY"
"hist_dec_727","j-20f419abc487","PURSUE","2026-08-16T00:00:00.000Z","j-20f419abc487","","","","NONE","PROVEN","DECISION_PRESENT_ONLY_HISTORICALLY"
"hist_dec_728","j-b43132e08ad1","PASS","2026-08-16T00:00:00.000Z","j-b43132e08ad1","","","","NONE","PROVEN","DECISION_PRESENT_ONLY_HISTORICALLY"
"hist_dec_729","j-a2dc8e802cb1","PASS","2026-08-16T00:00:00.000Z","j-a2dc8e802cb1","","","","NONE","PROVEN","DECISION_PRESENT_ONLY_HISTORICALLY"
"hist_dec_730","j-e1fa61d633bb","PASS","2026-08-16T00:00:00.000Z","j-e1fa61d633bb","","","","NONE","PROVEN","DECISION_PRESENT_ONLY_HISTORICALLY"
"hist_dec_731","j-f41833af80b5","SPARSE_SPEC","2026-08-16T00:00:00.000Z","j-f41833af80b5","","","","NONE","PROVEN","DECISION_PRESENT_ONLY_HISTORICALLY"
"hist_dec_732","j-065119d26888","CONSIDER","2026-08-16T00:00:00.000Z","j-065119d26888","","","","NONE","PROVEN","DECISION_PRESENT_ONLY_HISTORICALLY"
"hist_dec_733","j-3f1c853b5d43","PURSUE","2026-08-16T00:00:00.000Z","j-3f1c853b5d43","","","","NONE","PROVEN","DECISION_PRESENT_ONLY_HISTORICALLY"
"hist_dec_734","j-3f070d70869c","PASS","2026-08-16T00:00:00.000Z","j-3f070d70869c","","","","NONE","PROVEN","DECISION_PRESENT_ONLY_HISTORICALLY"
"hist_dec_735","j-94519b9f728b","PASS","2026-08-16T00:00:00.000Z","j-94519b9f728b","","","","NONE","PROVEN","DECISION_PRESENT_ONLY_HISTORICALLY"
"hist_dec_736","j-b6bf79eeccb9","PURSUE","2026-08-16T00:00:00.000Z","j-b6bf79eeccb9","","","","NONE","PROVEN","DECISION_PRESENT_ONLY_HISTORICALLY"
"hist_dec_737","j-1c85a2a9f57c","PASS","2026-08-16T00:00:00.000Z","j-1c85a2a9f57c","","","","NONE","PROVEN","DECISION_PRESENT_ONLY_HISTORICALLY"
"hist_dec_738","j-30ef2c9fec1d","PASS","2026-08-16T00:00:00.000Z","j-30ef2c9fec1d","","","","NONE","PROVEN","DECISION_PRESENT_ONLY_HISTORICALLY"
"hist_dec_739","j-4e475cbf7b92","PASS","2026-08-16T00:00:00.000Z","j-4e475cbf7b92","","","","NONE","PROVEN","DECISION_PRESENT_ONLY_HISTORICALLY"
"hist_dec_740","j-ab448f939e52","PURSUE","2026-08-16T00:00:00.000Z","j-ab448f939e52","","","","NONE","PROVEN","DECISION_PRESENT_ONLY_HISTORICALLY"
"hist_dec_741","j-14d1616a2464","PURSUE","2026-08-16T00:00:00.000Z","j-14d1616a2464","","","","NONE","PROVEN","DECISION_PRESENT_ONLY_HISTORICALLY"
"hist_dec_742","j-c3531c193616","CONSIDER","2026-08-16T00:00:00.000Z","j-c3531c193616","","","","NONE","PROVEN","DECISION_PRESENT_ONLY_HISTORICALLY"
"hist_dec_743","j-36decbd0dd15","PASS","2026-08-16T00:00:00.000Z","j-36decbd0dd15","","","","NONE","PROVEN","DECISION_PRESENT_ONLY_HISTORICALLY"
"hist_dec_744","j-796c62a49528","PASS","2026-08-16T00:00:00.000Z","j-796c62a49528","","","","NONE","PROVEN","DECISION_PRESENT_ONLY_HISTORICALLY"
"hist_dec_745","j-302befb2d1a1","CONSIDER","2026-08-16T00:00:00.000Z","j-302befb2d1a1","","","","NONE","PROVEN","DECISION_PRESENT_ONLY_HISTORICALLY"
"hist_dec_746","j-cc51b129daa0","CONSIDER","2026-08-16T00:00:00.000Z","j-cc51b129daa0","","","","NONE","PROVEN","DECISION_PRESENT_ONLY_HISTORICALLY"
"hist_dec_747","j-9c7fddbd1639","PASS","2026-08-16T00:00:00.000Z","j-9c7fddbd1639","","","","NONE","PROVEN","DECISION_PRESENT_ONLY_HISTORICALLY"
"hist_dec_748","j-4bb5ed438336","PASS","2026-08-16T00:00:00.000Z","j-4bb5ed438336","","","","NONE","PROVEN","DECISION_PRESENT_ONLY_HISTORICALLY"
"hist_dec_749","j-1ee5ac616e1e","PASS","2026-08-16T00:00:00.000Z","j-1ee5ac616e1e","","","","NONE","PROVEN","DECISION_PRESENT_ONLY_HISTORICALLY"
"hist_dec_750","j-24d9765b6903","PASS","2026-08-16T00:00:00.000Z","j-24d9765b6903","","","","NONE","PROVEN","DECISION_PRESENT_ONLY_HISTORICALLY"
"hist_dec_751","j-c18a0d5face8","PASS","2026-08-16T00:00:00.000Z","j-c18a0d5face8","","","","NONE","PROVEN","DECISION_PRESENT_ONLY_HISTORICALLY"
"hist_dec_752","j-217575cc3c12","PASS","2026-08-16T00:00:00.000Z","j-217575cc3c12","","","","NONE","PROVEN","DECISION_PRESENT_ONLY_HISTORICALLY"
"hist_dec_753","j-17392035863f","PASS","2026-08-16T00:00:00.000Z","j-17392035863f","","","","NONE","PROVEN","DECISION_PRESENT_ONLY_HISTORICALLY"
"hist_dec_754","j-bde1ee4b23f5","PURSUE","2026-08-16T00:00:00.000Z","j-bde1ee4b23f5","","","","NONE","PROVEN","DECISION_PRESENT_ONLY_HISTORICALLY"
"hist_dec_755","j-3b27e432c205","PASS","2026-08-16T00:00:00.000Z","j-3b27e432c205","","","","NONE","PROVEN","DECISION_PRESENT_ONLY_HISTORICALLY"
"hist_dec_756","j-0bbaddc1f331","PASS","2026-08-16T00:00:00.000Z","j-0bbaddc1f331","","","","NONE","PROVEN","DECISION_PRESENT_ONLY_HISTORICALLY"
"hist_dec_757","j-80c3be3b424e","PURSUE","2026-08-16T00:00:00.000Z","j-80c3be3b424e","","","","NONE","PROVEN","DECISION_PRESENT_ONLY_HISTORICALLY"
"hist_dec_758","j-370074e3ced8","PASS","2026-08-16T00:00:00.000Z","j-370074e3ced8","","","","NONE","PROVEN","DECISION_PRESENT_ONLY_HISTORICALLY"
"hist_dec_759","j-9357daeefb9a","PURSUE","2026-08-16T00:00:00.000Z","j-9357daeefb9a","","","","NONE","PROVEN","DECISION_PRESENT_ONLY_HISTORICALLY"
"hist_dec_760","j-66abc5f5c3ab","PASS","2026-08-16T00:00:00.000Z","j-66abc5f5c3ab","","","","NONE","PROVEN","DECISION_PRESENT_ONLY_HISTORICALLY"
"hist_dec_761","j-fa9a064fb83f","PURSUE","2026-08-16T00:00:00.000Z","j-fa9a064fb83f","","","","NONE","PROVEN","DECISION_PRESENT_ONLY_HISTORICALLY"
"hist_dec_762","j-bbc00912a941","PASS","2026-08-16T00:00:00.000Z","j-bbc00912a941","","","","NONE","PROVEN","DECISION_PRESENT_ONLY_HISTORICALLY"
"hist_dec_763","j-d9dd37b719c1","PASS","2026-08-16T00:00:00.000Z","j-d9dd37b719c1","","","","NONE","PROVEN","DECISION_PRESENT_ONLY_HISTORICALLY"
"hist_dec_764","j-7ff499012280","PASS","2026-08-16T00:00:00.000Z","j-7ff499012280","","","","NONE","PROVEN","DECISION_PRESENT_ONLY_HISTORICALLY"
"hist_dec_765","j-108e242abc52","PASS","2026-08-16T00:00:00.000Z","j-108e242abc52","","","","NONE","PROVEN","DECISION_PRESENT_ONLY_HISTORICALLY"
"hist_dec_766","j-fec954ac04ca","PASS","2026-08-16T00:00:00.000Z","j-fec954ac04ca","","","","NONE","PROVEN","DECISION_PRESENT_ONLY_HISTORICALLY"
"hist_dec_767","j-dbc2275f50eb","PASS","2026-08-16T00:00:00.000Z","j-dbc2275f50eb","","","","NONE","PROVEN","DECISION_PRESENT_ONLY_HISTORICALLY"
"hist_dec_768","j-03e3424cebd1","PASS","2026-08-16T00:00:00.000Z","j-03e3424cebd1","","","","NONE","PROVEN","DECISION_PRESENT_ONLY_HISTORICALLY"
"hist_dec_769","j-cb93f749bf15","PASS","2026-08-16T00:00:00.000Z","j-cb93f749bf15","","","","NONE","PROVEN","DECISION_PRESENT_ONLY_HISTORICALLY"
"hist_dec_770","j-63d18840ef17","PASS","2026-08-16T00:00:00.000Z","j-63d18840ef17","","","","NONE","PROVEN","DECISION_PRESENT_ONLY_HISTORICALLY"
"hist_dec_771","j-16500691c726","PASS","2026-08-16T00:00:00.000Z","j-16500691c726","","","","NONE","PROVEN","DECISION_PRESENT_ONLY_HISTORICALLY"
"hist_dec_772","j-abe2cf7449f7","PASS","2026-08-16T00:00:00.000Z","j-abe2cf7449f7","","","","NONE","PROVEN","DECISION_PRESENT_ONLY_HISTORICALLY"
"hist_dec_773","j-c69cd9c7542a","PASS","2026-08-16T00:00:00.000Z","j-c69cd9c7542a","","","","NONE","PROVEN","DECISION_PRESENT_ONLY_HISTORICALLY"
"hist_dec_774","j-affa25251c95","PASS","2026-08-16T00:00:00.000Z","j-affa25251c95","","","","NONE","PROVEN","DECISION_PRESENT_ONLY_HISTORICALLY"
"hist_dec_775","j-d102e2505c26","PASS","2026-08-16T00:00:00.000Z","j-d102e2505c26","","","","NONE","PROVEN","DECISION_PRESENT_ONLY_HISTORICALLY"
"hist_dec_776","j-014ed3a0898b","CONSIDER","2026-08-16T00:00:00.000Z","j-014ed3a0898b","","","","NONE","PROVEN","DECISION_PRESENT_ONLY_HISTORICALLY"
"hist_dec_777","j-e55c4ea3dbc0","PURSUE","2026-08-16T00:00:00.000Z","j-e55c4ea3dbc0","","","","NONE","PROVEN","DECISION_PRESENT_ONLY_HISTORICALLY"
"hist_dec_778","j-00bb63c88638","PASS","2026-08-16T00:00:00.000Z","j-00bb63c88638","","","","NONE","PROVEN","DECISION_PRESENT_ONLY_HISTORICALLY"
"hist_dec_779","j-3eab4a2460f4","PURSUE","2026-08-16T00:00:00.000Z","j-3eab4a2460f4","","","","NONE","PROVEN","DECISION_PRESENT_ONLY_HISTORICALLY"
"hist_dec_780","j-4b50f8b9c519","PURSUE","2026-08-16T00:00:00.000Z","j-4b50f8b9c519","","","","NONE","PROVEN","DECISION_PRESENT_ONLY_HISTORICALLY"
"hist_dec_781","j-3318be43d60c","SPARSE_SPEC","2026-08-16T00:00:00.000Z","j-3318be43d60c","","","","NONE","PROVEN","DECISION_PRESENT_ONLY_HISTORICALLY"
"hist_dec_782","j-3d3cb4bc5b58","PASS","2026-08-16T00:00:00.000Z","j-3d3cb4bc5b58","","","","NONE","PROVEN","DECISION_PRESENT_ONLY_HISTORICALLY"
"hist_dec_783","j-8dbf462fb787","PASS","2026-08-16T00:00:00.000Z","j-8dbf462fb787","","","","NONE","PROVEN","DECISION_PRESENT_ONLY_HISTORICALLY"
"hist_dec_784","j-a90188ab87a0","CONSIDER","2026-08-16T00:00:00.000Z","j-a90188ab87a0","","","","NONE","PROVEN","DECISION_PRESENT_ONLY_HISTORICALLY"
"hist_dec_785","j-0df09d121a67","PURSUE","2026-08-16T00:00:00.000Z","j-0df09d121a67","","","","NONE","PROVEN","DECISION_PRESENT_ONLY_HISTORICALLY"
"hist_dec_786","j-57e849c491d0","PURSUE","2026-08-16T00:00:00.000Z","j-57e849c491d0","","","","NONE","PROVEN","DECISION_PRESENT_ONLY_HISTORICALLY"
"hist_dec_787","j-bc4f88e2dd8b","PASS","2026-08-16T00:00:00.000Z","j-bc4f88e2dd8b","","","","NONE","PROVEN","DECISION_PRESENT_ONLY_HISTORICALLY"
"hist_dec_788","j-ca1bb1f43be1","PASS","2026-08-16T00:00:00.000Z","j-ca1bb1f43be1","","","","NONE","PROVEN","DECISION_PRESENT_ONLY_HISTORICALLY"
"hist_dec_789","j-401770eeb158","PASS","2026-08-16T00:00:00.000Z","j-401770eeb158","","","","NONE","PROVEN","DECISION_PRESENT_ONLY_HISTORICALLY"
"hist_dec_790","j-038063687cec","PASS","2026-08-16T00:00:00.000Z","j-038063687cec","","","","NONE","PROVEN","DECISION_PRESENT_ONLY_HISTORICALLY"
"hist_dec_791","j-bc0570777668","PASS","2026-08-16T00:00:00.000Z","j-bc0570777668","","","","NONE","PROVEN","DECISION_PRESENT_ONLY_HISTORICALLY"
"hist_dec_792","j-1d84f75798e3","PASS","2026-08-16T00:00:00.000Z","j-1d84f75798e3","","","","NONE","PROVEN","DECISION_PRESENT_ONLY_HISTORICALLY"
"hist_dec_793","j-58cabbb6c8a7","PASS","2026-08-16T00:00:00.000Z","j-58cabbb6c8a7","","","","NONE","PROVEN","DECISION_PRESENT_ONLY_HISTORICALLY"
"hist_dec_794","j-70fea2f40f09","PASS","2026-08-16T00:00:00.000Z","j-70fea2f40f09","","","","NONE","PROVEN","DECISION_PRESENT_ONLY_HISTORICALLY"
"hist_dec_795","j-fe11de9ee61c","CONSIDER","2026-08-16T00:00:00.000Z","j-fe11de9ee61c","","","","NONE","PROVEN","DECISION_PRESENT_ONLY_HISTORICALLY"
"hist_dec_796","j-681bdb9d12a6","CONSIDER","2026-08-16T00:00:00.000Z","j-681bdb9d12a6","","","","NONE","PROVEN","DECISION_PRESENT_ONLY_HISTORICALLY"
"hist_dec_797","j-d4eaacb0a6bf","PASS","2026-08-16T00:00:00.000Z","j-d4eaacb0a6bf","","","","NONE","PROVEN","DECISION_PRESENT_ONLY_HISTORICALLY"
"hist_dec_798","j-8ca50197d045","PASS","2026-08-16T00:00:00.000Z","j-8ca50197d045","","","","NONE","PROVEN","DECISION_PRESENT_ONLY_HISTORICALLY"
"hist_dec_799","j-b0e096308673","PASS","2026-08-16T00:00:00.000Z","j-b0e096308673","","","","NONE","PROVEN","DECISION_PRESENT_ONLY_HISTORICALLY"
"hist_dec_800","j-f0c4ac0b0c03","PASS","2026-08-16T00:00:00.000Z","j-f0c4ac0b0c03","","","","NONE","PROVEN","DECISION_PRESENT_ONLY_HISTORICALLY"
"hist_dec_801","j-066180afd525","PURSUE","2026-08-16T00:00:00.000Z","j-066180afd525","","","","NONE","PROVEN","DECISION_PRESENT_ONLY_HISTORICALLY"
"hist_dec_802","j-de9f4ef73c04","PURSUE","2026-08-16T00:00:00.000Z","j-de9f4ef73c04","","","","NONE","PROVEN","DECISION_PRESENT_ONLY_HISTORICALLY"
"hist_dec_803","j-8c53406fc418","PURSUE","2026-08-16T00:00:00.000Z","j-8c53406fc418","","","","NONE","PROVEN","DECISION_PRESENT_ONLY_HISTORICALLY"
"hist_dec_804","j-3dca40496624","PASS","2026-08-16T00:00:00.000Z","j-3dca40496624","","","","NONE","PROVEN","DECISION_PRESENT_ONLY_HISTORICALLY"
"hist_dec_805","j-9448c3cc2a36","PASS","2026-08-16T00:00:00.000Z","j-9448c3cc2a36","","","","NONE","PROVEN","DECISION_PRESENT_ONLY_HISTORICALLY"
"hist_dec_806","j-f0f5867bc17f","PASS","2026-08-16T00:00:00.000Z","j-f0f5867bc17f","","","","NONE","PROVEN","DECISION_PRESENT_ONLY_HISTORICALLY"
"hist_dec_807","j-736ab9bcf5a5","PASS","2026-08-16T00:00:00.000Z","j-736ab9bcf5a5","","","","NONE","PROVEN","DECISION_PRESENT_ONLY_HISTORICALLY"
"hist_dec_808","j-848712e9af49","PURSUE","2026-08-16T00:00:00.000Z","j-848712e9af49","","","","NONE","PROVEN","DECISION_PRESENT_ONLY_HISTORICALLY"
"hist_dec_809","j-8ffd7feb358f","PASS","2026-08-16T00:00:00.000Z","j-8ffd7feb358f","","","","NONE","PROVEN","DECISION_PRESENT_ONLY_HISTORICALLY"
"hist_dec_810","j-a99bf48d89f9","PURSUE","2026-08-16T00:00:00.000Z","j-a99bf48d89f9","","","","NONE","PROVEN","DECISION_PRESENT_ONLY_HISTORICALLY"
"hist_dec_811","j-fadd62243030","PURSUE","2026-08-16T00:00:00.000Z","j-fadd62243030","","","","NONE","PROVEN","DECISION_PRESENT_ONLY_HISTORICALLY"
"hist_dec_812","j-98595bc9f452","PURSUE","2026-08-16T00:00:00.000Z","j-98595bc9f452","","","","NONE","PROVEN","DECISION_PRESENT_ONLY_HISTORICALLY"
"hist_dec_813","j-3c7a0573de05","PASS","2026-08-16T00:00:00.000Z","j-3c7a0573de05","","","","NONE","PROVEN","DECISION_PRESENT_ONLY_HISTORICALLY"
"hist_dec_814","j-0b6614794439","PASS","2026-08-16T00:00:00.000Z","j-0b6614794439","","","","NONE","PROVEN","DECISION_PRESENT_ONLY_HISTORICALLY"
"hist_dec_815","j-a94d3b3ba620","PASS","2026-08-16T00:00:00.000Z","j-a94d3b3ba620","","","","NONE","PROVEN","DECISION_PRESENT_ONLY_HISTORICALLY"
"hist_dec_816","j-5e95daf3511f","PASS","2026-08-16T00:00:00.000Z","j-5e95daf3511f","","","","NONE","PROVEN","DECISION_PRESENT_ONLY_HISTORICALLY"
"hist_dec_817","j-92db9e341ca0","PASS","2026-08-16T00:00:00.000Z","j-92db9e341ca0","","","","NONE","PROVEN","DECISION_PRESENT_ONLY_HISTORICALLY"
"hist_dec_818","j-924e7e3ed63d","PASS","2026-08-16T00:00:00.000Z","j-924e7e3ed63d","","","","NONE","PROVEN","DECISION_PRESENT_ONLY_HISTORICALLY"
"hist_dec_819","j-5ec1f4e09aa7","PURSUE","2026-08-16T00:00:00.000Z","j-5ec1f4e09aa7","","","","NONE","PROVEN","DECISION_PRESENT_ONLY_HISTORICALLY"
"hist_dec_820","j-38c4a709af93","PURSUE","2026-08-16T00:00:00.000Z","j-38c4a709af93","","","","NONE","PROVEN","DECISION_PRESENT_ONLY_HISTORICALLY"
"hist_dec_821","j-2935124c9312","PASS","2026-08-16T00:00:00.000Z","j-2935124c9312","","","","NONE","PROVEN","DECISION_PRESENT_ONLY_HISTORICALLY"
"hist_dec_822","j-947a0fb1b6b9","PASS","2026-08-16T00:00:00.000Z","j-947a0fb1b6b9","","","","NONE","PROVEN","DECISION_PRESENT_ONLY_HISTORICALLY"
"hist_dec_823","j-fdfab11f36f2","PASS","2026-08-16T00:00:00.000Z","j-fdfab11f36f2","","","","NONE","PROVEN","DECISION_PRESENT_ONLY_HISTORICALLY"
"hist_dec_824","j-46bc3d47d1da","PURSUE","2026-08-16T00:00:00.000Z","j-46bc3d47d1da","","","","NONE","PROVEN","DECISION_PRESENT_ONLY_HISTORICALLY"
"hist_dec_825","j-53edbb6d56c1","PASS","2026-08-16T00:00:00.000Z","j-53edbb6d56c1","","","","NONE","PROVEN","DECISION_PRESENT_ONLY_HISTORICALLY"
"hist_dec_826","j-3f255d9b8e80","PASS","2026-08-16T00:00:00.000Z","j-3f255d9b8e80","","","","NONE","PROVEN","DECISION_PRESENT_ONLY_HISTORICALLY"
"hist_dec_827","j-51a3a24d46b9","PASS","2026-08-16T00:00:00.000Z","j-51a3a24d46b9","","","","NONE","PROVEN","DECISION_PRESENT_ONLY_HISTORICALLY"
"hist_dec_828","j-20dda3c8afc4","PASS","2026-08-16T00:00:00.000Z","j-20dda3c8afc4","","","","NONE","PROVEN","DECISION_PRESENT_ONLY_HISTORICALLY"
"hist_dec_829","j-1f7d62f644f5","PURSUE","2026-08-16T00:00:00.000Z","j-1f7d62f644f5","","","","NONE","PROVEN","DECISION_PRESENT_ONLY_HISTORICALLY"
"hist_dec_830","j-32757276f295","PASS","2026-08-16T00:00:00.000Z","j-32757276f295","","","","NONE","PROVEN","DECISION_PRESENT_ONLY_HISTORICALLY"
"hist_dec_831","j-b81919ee904d","PASS","2026-08-16T00:00:00.000Z","j-b81919ee904d","","","","NONE","PROVEN","DECISION_PRESENT_ONLY_HISTORICALLY"
"hist_dec_832","j-5a67bb421cff","CONSIDER","2026-08-16T00:00:00.000Z","j-5a67bb421cff","","","","NONE","PROVEN","DECISION_PRESENT_ONLY_HISTORICALLY"
"hist_dec_833","j-d0fd84cadc85","CONSIDER","2026-08-16T00:00:00.000Z","j-d0fd84cadc85","","","","NONE","PROVEN","DECISION_PRESENT_ONLY_HISTORICALLY"
"hist_dec_834","j-e6c67a7d4ba5","CONSIDER","2026-08-16T00:00:00.000Z","j-e6c67a7d4ba5","","","","NONE","PROVEN","DECISION_PRESENT_ONLY_HISTORICALLY"
"hist_dec_835","j-6e0d09a613a6","PASS","2026-08-16T00:00:00.000Z","j-6e0d09a613a6","","","","NONE","PROVEN","DECISION_PRESENT_ONLY_HISTORICALLY"
"hist_dec_836","j-efa71476ca05","PASS","2026-08-16T00:00:00.000Z","j-efa71476ca05","","","","NONE","PROVEN","DECISION_PRESENT_ONLY_HISTORICALLY"
"hist_dec_837","j-f8d173b77173","PASS","2026-08-16T00:00:00.000Z","j-f8d173b77173","","","","NONE","PROVEN","DECISION_PRESENT_ONLY_HISTORICALLY"
"hist_dec_838","j-41a5635097e0","PASS","2026-08-16T00:00:00.000Z","j-41a5635097e0","","","","NONE","PROVEN","DECISION_PRESENT_ONLY_HISTORICALLY"
"hist_dec_839","j-a57f8a0d99c9","PASS","2026-08-16T00:00:00.000Z","j-a57f8a0d99c9","","","","NONE","PROVEN","DECISION_PRESENT_ONLY_HISTORICALLY"
"hist_dec_840","j-3eb439de57ff","PASS","2026-08-16T00:00:00.000Z","j-3eb439de57ff","","","","NONE","PROVEN","DECISION_PRESENT_ONLY_HISTORICALLY"
"hist_dec_841","j-cd46b7dfabea","PURSUE","2026-08-16T00:00:00.000Z","j-cd46b7dfabea","","","","NONE","PROVEN","DECISION_PRESENT_ONLY_HISTORICALLY"
"hist_dec_842","j-45a86e54e78c","PASS","2026-08-16T00:00:00.000Z","j-45a86e54e78c","","","","NONE","PROVEN","DECISION_PRESENT_ONLY_HISTORICALLY"
"hist_dec_843","j-10258fd79ffa","PURSUE","2026-08-16T00:00:00.000Z","j-10258fd79ffa","","","","NONE","PROVEN","DECISION_PRESENT_ONLY_HISTORICALLY"
"hist_dec_844","j-925016ebff73","CONSIDER","2026-08-16T00:00:00.000Z","j-925016ebff73","","","","NONE","PROVEN","DECISION_PRESENT_ONLY_HISTORICALLY"
"hist_dec_845","j-0ccfad06138e","CONSIDER","2026-08-16T00:00:00.000Z","j-0ccfad06138e","","","","NONE","PROVEN","DECISION_PRESENT_ONLY_HISTORICALLY"
"hist_dec_846","j-37697248dc8d","PASS","2026-08-16T00:00:00.000Z","j-37697248dc8d","","","","NONE","PROVEN","DECISION_PRESENT_ONLY_HISTORICALLY"
"hist_dec_847","j-34f5fa163a16","PASS","2026-08-16T00:00:00.000Z","j-34f5fa163a16","","","","NONE","PROVEN","DECISION_PRESENT_ONLY_HISTORICALLY"
"hist_dec_848","j-1df4d09bdd69","PURSUE","2026-08-16T00:00:00.000Z","j-1df4d09bdd69","","","","NONE","PROVEN","DECISION_PRESENT_ONLY_HISTORICALLY"
"hist_dec_849","j-69095fadb3eb","PASS","2026-08-16T00:00:00.000Z","j-69095fadb3eb","","","","NONE","PROVEN","DECISION_PRESENT_ONLY_HISTORICALLY"
"hist_dec_850","j-5774df989b48","CONSIDER","2026-08-16T00:00:00.000Z","j-5774df989b48","","","","NONE","PROVEN","DECISION_PRESENT_ONLY_HISTORICALLY"
"hist_dec_851","j-1f735501af51","PASS","2026-08-16T00:00:00.000Z","j-1f735501af51","","","","NONE","PROVEN","DECISION_PRESENT_ONLY_HISTORICALLY"
"hist_dec_852","j-a6a6c1d321c3","PURSUE","2026-08-16T00:00:00.000Z","j-a6a6c1d321c3","","","","NONE","PROVEN","DECISION_PRESENT_ONLY_HISTORICALLY"
"hist_dec_853","j-740f8d04a7b0","PASS","2026-08-16T00:00:00.000Z","j-740f8d04a7b0","","","","NONE","PROVEN","DECISION_PRESENT_ONLY_HISTORICALLY"
"hist_dec_854","j-be138786f405","CONSIDER","2026-08-16T00:00:00.000Z","j-be138786f405","","","","NONE","PROVEN","DECISION_PRESENT_ONLY_HISTORICALLY"
"hist_dec_855","j-7c0e3f50d2d3","CONSIDER","2026-08-16T00:00:00.000Z","j-7c0e3f50d2d3","","","","NONE","PROVEN","DECISION_PRESENT_ONLY_HISTORICALLY"
"hist_dec_856","j-c2ae0d53c5f1","CONSIDER","2026-08-16T00:00:00.000Z","j-c2ae0d53c5f1","","","","NONE","PROVEN","DECISION_PRESENT_ONLY_HISTORICALLY"
"hist_dec_857","j-4484bb39b795","PASS","2026-08-16T00:00:00.000Z","j-4484bb39b795","","","","NONE","PROVEN","DECISION_PRESENT_ONLY_HISTORICALLY"
"hist_dec_858","j-edc1954bd3d6","CONSIDER","2026-08-16T00:00:00.000Z","j-edc1954bd3d6","","","","NONE","PROVEN","DECISION_PRESENT_ONLY_HISTORICALLY"
"hist_dec_859","j-89d0ca44e5c3","PURSUE","2026-08-16T00:00:00.000Z","j-89d0ca44e5c3","","","","NONE","PROVEN","DECISION_PRESENT_ONLY_HISTORICALLY"
"hist_dec_860","j-30f8797d5249","PURSUE","2026-08-16T00:00:00.000Z","j-30f8797d5249","","","","NONE","PROVEN","DECISION_PRESENT_ONLY_HISTORICALLY"
"hist_dec_861","j-f64fcf33d72c","PASS","2026-08-16T00:00:00.000Z","j-f64fcf33d72c","","","","NONE","PROVEN","DECISION_PRESENT_ONLY_HISTORICALLY"
"hist_dec_862","j-6304e6da87d2","PASS","2026-08-16T00:00:00.000Z","j-6304e6da87d2","","","","NONE","PROVEN","DECISION_PRESENT_ONLY_HISTORICALLY"
"hist_dec_863","j-e34542bbed7b","PURSUE","2026-08-16T00:00:00.000Z","j-e34542bbed7b","","","","NONE","PROVEN","DECISION_PRESENT_ONLY_HISTORICALLY"
"hist_dec_864","j-b1871834d592","PASS","2026-08-16T00:00:00.000Z","j-b1871834d592","","","","NONE","PROVEN","DECISION_PRESENT_ONLY_HISTORICALLY"
"hist_dec_865","j-de5ee1410c98","PASS","2026-08-16T00:00:00.000Z","j-de5ee1410c98","","","","NONE","PROVEN","DECISION_PRESENT_ONLY_HISTORICALLY"
"hist_dec_866","j-438af0e57ad9","PASS","2026-08-16T00:00:00.000Z","j-438af0e57ad9","","","","NONE","PROVEN","DECISION_PRESENT_ONLY_HISTORICALLY"
"hist_dec_867","j-c753aafad1f6","PASS","2026-08-16T00:00:00.000Z","j-c753aafad1f6","","","","NONE","PROVEN","DECISION_PRESENT_ONLY_HISTORICALLY"
"hist_dec_868","j-40f0093be9d5","PASS","2026-08-16T00:00:00.000Z","j-40f0093be9d5","","","","NONE","PROVEN","DECISION_PRESENT_ONLY_HISTORICALLY"
"hist_dec_869","j-0f899e62275a","PASS","2026-08-16T00:00:00.000Z","j-0f899e62275a","","","","NONE","PROVEN","DECISION_PRESENT_ONLY_HISTORICALLY"
"hist_dec_870","j-c549b921297d","PASS","2026-08-16T00:00:00.000Z","j-c549b921297d","","","","NONE","PROVEN","DECISION_PRESENT_ONLY_HISTORICALLY"
"hist_dec_871","j-e900540f349a","PASS","2026-08-16T00:00:00.000Z","j-e900540f349a","","","","NONE","PROVEN","DECISION_PRESENT_ONLY_HISTORICALLY"
"hist_dec_872","j-b99eb36287a2","PASS","2026-08-16T00:00:00.000Z","j-b99eb36287a2","","","","NONE","PROVEN","DECISION_PRESENT_ONLY_HISTORICALLY"
"hist_dec_873","j-00cd2feb62eb","PURSUE","2026-08-16T00:00:00.000Z","j-00cd2feb62eb","","","","NONE","PROVEN","DECISION_PRESENT_ONLY_HISTORICALLY"
"hist_dec_874","j-2e7cdcae53cb","PURSUE","2026-08-16T00:00:00.000Z","j-2e7cdcae53cb","","","","NONE","PROVEN","DECISION_PRESENT_ONLY_HISTORICALLY"
"hist_dec_875","j-df2f94b00663","PASS","2026-08-16T00:00:00.000Z","j-df2f94b00663","","","","NONE","PROVEN","DECISION_PRESENT_ONLY_HISTORICALLY"
"hist_dec_876","j-ad0d0f96ab99","CONSIDER","2026-08-16T00:00:00.000Z","j-ad0d0f96ab99","","","","NONE","PROVEN","DECISION_PRESENT_ONLY_HISTORICALLY"
"hist_dec_877","j-d4ec994aa0f0","PASS","2026-08-16T00:00:00.000Z","j-d4ec994aa0f0","","","","NONE","PROVEN","DECISION_PRESENT_ONLY_HISTORICALLY"
"hist_dec_878","j-d8bf9a71c24a","PURSUE","2026-08-16T00:00:00.000Z","j-d8bf9a71c24a","","","","NONE","PROVEN","DECISION_PRESENT_ONLY_HISTORICALLY"
"hist_dec_879","j-6aa932bb0bcf","PASS","2026-08-16T00:00:00.000Z","j-6aa932bb0bcf","","","","NONE","PROVEN","DECISION_PRESENT_ONLY_HISTORICALLY"
"hist_dec_880","j-785f88c4de33","PURSUE","2026-08-16T00:00:00.000Z","j-785f88c4de33","","","","NONE","PROVEN","DECISION_PRESENT_ONLY_HISTORICALLY"
"hist_dec_881","j-fea868e5b174","CONSIDER","2026-08-16T00:00:00.000Z","j-fea868e5b174","","","","NONE","PROVEN","DECISION_PRESENT_ONLY_HISTORICALLY"
"hist_dec_882","j-a81d74f5c7a3","PURSUE","2026-08-16T00:00:00.000Z","j-a81d74f5c7a3","","","","NONE","PROVEN","DECISION_PRESENT_ONLY_HISTORICALLY"
"hist_dec_883","j-6bfc6b664b0f","PURSUE","2026-08-16T00:00:00.000Z","j-6bfc6b664b0f","","","","NONE","PROVEN","DECISION_PRESENT_ONLY_HISTORICALLY"
"hist_dec_884","j-f8580a5ad993","PASS","2026-08-16T00:00:00.000Z","j-f8580a5ad993","","","","NONE","PROVEN","DECISION_PRESENT_ONLY_HISTORICALLY"
"hist_dec_885","j-25b2012d8f93","PASS","2026-08-16T00:00:00.000Z","j-25b2012d8f93","","","","NONE","PROVEN","DECISION_PRESENT_ONLY_HISTORICALLY"
"hist_dec_886","j-795432d8734d","PURSUE","2026-08-16T00:00:00.000Z","j-795432d8734d","","","","NONE","PROVEN","DECISION_PRESENT_ONLY_HISTORICALLY"
"hist_dec_887","j-ebf98592d76d","PASS","2026-08-16T00:00:00.000Z","j-ebf98592d76d","","","","NONE","PROVEN","DECISION_PRESENT_ONLY_HISTORICALLY"
"hist_dec_888","j-c0389698d72a","PASS","2026-08-16T00:00:00.000Z","j-c0389698d72a","","","","NONE","PROVEN","DECISION_PRESENT_ONLY_HISTORICALLY"
"hist_dec_889","j-b32283a9f5da","PASS","2026-08-16T00:00:00.000Z","j-b32283a9f5da","","","","NONE","PROVEN","DECISION_PRESENT_ONLY_HISTORICALLY"
"hist_dec_890","j-6136bc21d036","PURSUE","2026-08-16T00:00:00.000Z","j-6136bc21d036","","","","NONE","PROVEN","DECISION_PRESENT_ONLY_HISTORICALLY"
"hist_dec_891","j-9e3036350248","CONSIDER","2026-08-16T00:00:00.000Z","j-9e3036350248","","","","NONE","PROVEN","DECISION_PRESENT_ONLY_HISTORICALLY"
"hist_dec_892","j-fa2b06337d58","PASS","2026-08-16T00:00:00.000Z","j-fa2b06337d58","","","","NONE","PROVEN","DECISION_PRESENT_ONLY_HISTORICALLY"
"hist_dec_893","j-5ac90b7d901c","PASS","2026-08-16T00:00:00.000Z","j-5ac90b7d901c","","","","NONE","PROVEN","DECISION_PRESENT_ONLY_HISTORICALLY"
"hist_dec_894","j-9f467fcd1e5e","PASS","2026-08-16T00:00:00.000Z","j-9f467fcd1e5e","","","","NONE","PROVEN","DECISION_PRESENT_ONLY_HISTORICALLY"
"hist_dec_895","j-87667c497023","PASS","2026-08-16T00:00:00.000Z","j-87667c497023","","","","NONE","PROVEN","DECISION_PRESENT_ONLY_HISTORICALLY"
"hist_dec_896","j-51006c7bd7cb","PURSUE","2026-08-16T00:00:00.000Z","j-51006c7bd7cb","","","","NONE","PROVEN","DECISION_PRESENT_ONLY_HISTORICALLY"
"hist_dec_897","j-0d6122cf43eb","PASS","2026-08-16T00:00:00.000Z","j-0d6122cf43eb","","","","NONE","PROVEN","DECISION_PRESENT_ONLY_HISTORICALLY"
"hist_dec_898","j-884176d7be6f","PASS","2026-08-16T00:00:00.000Z","j-884176d7be6f","","","","NONE","PROVEN","DECISION_PRESENT_ONLY_HISTORICALLY"
"hist_dec_899","j-8eda303fbcf7","PURSUE","2026-08-16T00:00:00.000Z","j-8eda303fbcf7","","","","NONE","PROVEN","DECISION_PRESENT_ONLY_HISTORICALLY"
"hist_dec_900","j-42d3c49ef1eb","PASS","2026-08-16T00:00:00.000Z","j-42d3c49ef1eb","","","","NONE","PROVEN","DECISION_PRESENT_ONLY_HISTORICALLY"
"hist_dec_901","j-b7a23baa5536","PASS","2026-08-16T00:00:00.000Z","j-b7a23baa5536","","","","NONE","PROVEN","DECISION_PRESENT_ONLY_HISTORICALLY"
"hist_dec_902","j-fc3a2c6c9a76","CONSIDER","2026-08-16T00:00:00.000Z","j-fc3a2c6c9a76","","","","NONE","PROVEN","DECISION_PRESENT_ONLY_HISTORICALLY"
"hist_dec_903","j-476f1dab8b57","PASS","2026-08-16T00:00:00.000Z","j-476f1dab8b57","","","","NONE","PROVEN","DECISION_PRESENT_ONLY_HISTORICALLY"
"hist_dec_904","j-0fb7629fdd59","PASS","2026-08-16T00:00:00.000Z","j-0fb7629fdd59","","","","NONE","PROVEN","DECISION_PRESENT_ONLY_HISTORICALLY"
"hist_dec_905","j-ff23fb19468a","CONSIDER","2026-08-16T00:00:00.000Z","j-ff23fb19468a","","","","NONE","PROVEN","DECISION_PRESENT_ONLY_HISTORICALLY"
"hist_dec_906","j-47407c433607","CONSIDER","2026-08-16T00:00:00.000Z","j-47407c433607","","","","NONE","PROVEN","DECISION_PRESENT_ONLY_HISTORICALLY"
"hist_dec_907","j-8dc95376dd76","CONSIDER","2026-08-16T00:00:00.000Z","j-8dc95376dd76","","","","NONE","PROVEN","DECISION_PRESENT_ONLY_HISTORICALLY"
"hist_dec_908","j-f8731793b38f","CONSIDER","2026-08-16T00:00:00.000Z","j-f8731793b38f","","","","NONE","PROVEN","DECISION_PRESENT_ONLY_HISTORICALLY"
"hist_dec_909","j-8958e8d1ded7","PASS","2026-08-16T00:00:00.000Z","j-8958e8d1ded7","","","","NONE","PROVEN","DECISION_PRESENT_ONLY_HISTORICALLY"
"hist_dec_910","j-7fa2a614b068","PASS","2026-08-16T00:00:00.000Z","j-7fa2a614b068","","","","NONE","PROVEN","DECISION_PRESENT_ONLY_HISTORICALLY"
"hist_dec_911","j-1c2bd6dd5280","PASS","2026-08-16T00:00:00.000Z","j-1c2bd6dd5280","","","","NONE","PROVEN","DECISION_PRESENT_ONLY_HISTORICALLY"
"hist_dec_912","j-6c1791ff12d8","PASS","2026-08-16T00:00:00.000Z","j-6c1791ff12d8","","","","NONE","PROVEN","DECISION_PRESENT_ONLY_HISTORICALLY"
"hist_dec_913","j-50fb579e13f6","PASS","2026-08-16T00:00:00.000Z","j-50fb579e13f6","","","","NONE","PROVEN","DECISION_PRESENT_ONLY_HISTORICALLY"
"hist_dec_914","j-48f265d2d7b3","CONSIDER","2026-08-16T00:00:00.000Z","j-48f265d2d7b3","","","","NONE","PROVEN","DECISION_PRESENT_ONLY_HISTORICALLY"
"hist_dec_915","j-bcec50d71222","PASS","2026-08-16T00:00:00.000Z","j-bcec50d71222","","","","NONE","PROVEN","DECISION_PRESENT_ONLY_HISTORICALLY"
"hist_dec_916","j-40f24bfb5e1c","PURSUE","2026-08-16T00:00:00.000Z","j-40f24bfb5e1c","","","","NONE","PROVEN","DECISION_PRESENT_ONLY_HISTORICALLY"
"hist_dec_917","j-cd2253c8f55f","PASS","2026-08-16T00:00:00.000Z","j-cd2253c8f55f","","","","NONE","PROVEN","DECISION_PRESENT_ONLY_HISTORICALLY"
"hist_dec_918","j-d410367644e4","PURSUE","2026-08-16T00:00:00.000Z","j-d410367644e4","","","","NONE","PROVEN","DECISION_PRESENT_ONLY_HISTORICALLY"
"hist_dec_919","j-74128cf58d9f","PASS","2026-08-16T00:00:00.000Z","j-74128cf58d9f","","","","NONE","PROVEN","DECISION_PRESENT_ONLY_HISTORICALLY"
"hist_dec_920","j-3163623cdfd4","PASS","2026-08-16T00:00:00.000Z","j-3163623cdfd4","","","","NONE","PROVEN","DECISION_PRESENT_ONLY_HISTORICALLY"
"hist_dec_921","j-60f9bde054ab","PASS","2026-08-16T00:00:00.000Z","j-60f9bde054ab","","","","NONE","PROVEN","DECISION_PRESENT_ONLY_HISTORICALLY"
"hist_dec_922","j-76dbb34454fb","CONSIDER","2026-08-16T00:00:00.000Z","j-76dbb34454fb","","","","NONE","PROVEN","DECISION_PRESENT_ONLY_HISTORICALLY"
"hist_dec_923","j-ecdf9b4dc5a3","PASS","2026-08-16T00:00:00.000Z","j-ecdf9b4dc5a3","","","","NONE","PROVEN","DECISION_PRESENT_ONLY_HISTORICALLY"
"hist_dec_924","j-28737e927b65","PASS","2026-08-16T00:00:00.000Z","j-28737e927b65","","","","NONE","PROVEN","DECISION_PRESENT_ONLY_HISTORICALLY"
"hist_dec_925","j-0244b3725314","PASS","2026-08-16T00:00:00.000Z","j-0244b3725314","","","","NONE","PROVEN","DECISION_PRESENT_ONLY_HISTORICALLY"
"hist_dec_926","j-7e15618c690d","PASS","2026-08-16T00:00:00.000Z","j-7e15618c690d","","","","NONE","PROVEN","DECISION_PRESENT_ONLY_HISTORICALLY"
"hist_dec_927","j-8a11c574dcaa","PASS","2026-08-16T00:00:00.000Z","j-8a11c574dcaa","","","","NONE","PROVEN","DECISION_PRESENT_ONLY_HISTORICALLY"
"hist_dec_928","j-bf3b445c2533","PURSUE","2026-08-16T00:00:00.000Z","j-bf3b445c2533","","","","NONE","PROVEN","DECISION_PRESENT_ONLY_HISTORICALLY"
"hist_dec_929","j-4ebca2fda4f5","PASS","2026-08-16T00:00:00.000Z","j-4ebca2fda4f5","","","","NONE","PROVEN","DECISION_PRESENT_ONLY_HISTORICALLY"
"hist_dec_930","j-4458d2aea93a","PURSUE","2026-08-16T00:00:00.000Z","j-4458d2aea93a","","","","NONE","PROVEN","DECISION_PRESENT_ONLY_HISTORICALLY"
"hist_dec_931","j-7297fc395cc8","PASS","2026-08-16T00:00:00.000Z","j-7297fc395cc8","","","","NONE","PROVEN","DECISION_PRESENT_ONLY_HISTORICALLY"
"hist_dec_932","j-e3877eeda0c2","PURSUE","2026-08-16T00:00:00.000Z","j-e3877eeda0c2","","","","NONE","PROVEN","DECISION_PRESENT_ONLY_HISTORICALLY"
"hist_dec_933","j-a8ae1f242b81","PURSUE","2026-08-16T00:00:00.000Z","j-a8ae1f242b81","","","","NONE","PROVEN","DECISION_PRESENT_ONLY_HISTORICALLY"
"hist_dec_934","j-c71bad515867","PURSUE","2026-08-16T00:00:00.000Z","j-c71bad515867","","","","NONE","PROVEN","DECISION_PRESENT_ONLY_HISTORICALLY"
"hist_dec_935","j-740142d35ebe","PURSUE","2026-08-16T00:00:00.000Z","j-740142d35ebe","","","","NONE","PROVEN","DECISION_PRESENT_ONLY_HISTORICALLY"
"hist_dec_936","j-efa5ed813cb9","PASS","2026-08-16T00:00:00.000Z","j-efa5ed813cb9","","","","NONE","PROVEN","DECISION_PRESENT_ONLY_HISTORICALLY"
"hist_dec_937","j-7a6d7f1df928","PURSUE","2026-08-16T00:00:00.000Z","j-7a6d7f1df928","","","","NONE","PROVEN","DECISION_PRESENT_ONLY_HISTORICALLY"
"hist_dec_938","j-9f6a8d0cf5c4","PASS","2026-08-16T00:00:00.000Z","j-9f6a8d0cf5c4","","","","NONE","PROVEN","DECISION_PRESENT_ONLY_HISTORICALLY"
"hist_dec_939","j-256e965e8ca0","PASS","2026-08-16T00:00:00.000Z","j-256e965e8ca0","","","","NONE","PROVEN","DECISION_PRESENT_ONLY_HISTORICALLY"
"hist_dec_940","j-bb52b0a8c4f9","PURSUE","2026-08-16T00:00:00.000Z","j-bb52b0a8c4f9","","","","NONE","PROVEN","DECISION_PRESENT_ONLY_HISTORICALLY"
"hist_dec_941","j-95efd18cb279","PASS","2026-08-16T00:00:00.000Z","j-95efd18cb279","","","","NONE","PROVEN","DECISION_PRESENT_ONLY_HISTORICALLY"
"hist_dec_942","j-570849acdea0","CONSIDER","2026-08-16T00:00:00.000Z","j-570849acdea0","","","","NONE","PROVEN","DECISION_PRESENT_ONLY_HISTORICALLY"
"hist_dec_943","j-1ba2f5df02d8","PASS","2026-08-16T00:00:00.000Z","j-1ba2f5df02d8","","","","NONE","PROVEN","DECISION_PRESENT_ONLY_HISTORICALLY"
"hist_dec_944","j-ea6d2852ec59","PASS","2026-08-16T00:00:00.000Z","j-ea6d2852ec59","","","","NONE","PROVEN","DECISION_PRESENT_ONLY_HISTORICALLY"
"hist_dec_945","j-caba6a4f1821","PASS","2026-08-16T00:00:00.000Z","j-caba6a4f1821","","","","NONE","PROVEN","DECISION_PRESENT_ONLY_HISTORICALLY"
"hist_dec_946","j-84f3b3e9600f","PURSUE","2026-08-16T00:00:00.000Z","j-84f3b3e9600f","","","","NONE","PROVEN","DECISION_PRESENT_ONLY_HISTORICALLY"
"hist_dec_947","j-b7229fd440e3","PASS","2026-08-16T00:00:00.000Z","j-b7229fd440e3","","","","NONE","PROVEN","DECISION_PRESENT_ONLY_HISTORICALLY"
"hist_dec_948","j-10a73e10f00a","PASS","2026-08-16T00:00:00.000Z","j-10a73e10f00a","","","","NONE","PROVEN","DECISION_PRESENT_ONLY_HISTORICALLY"
"hist_dec_949","j-eae2d9ece9e4","PASS","2026-08-16T00:00:00.000Z","j-eae2d9ece9e4","","","","NONE","PROVEN","DECISION_PRESENT_ONLY_HISTORICALLY"
"hist_dec_950","j-516757e51115","PURSUE","2026-08-16T00:00:00.000Z","j-516757e51115","","","","NONE","PROVEN","DECISION_PRESENT_ONLY_HISTORICALLY"
"hist_dec_951","j-21502d6c228f","PASS","2026-08-16T00:00:00.000Z","j-21502d6c228f","","","","NONE","PROVEN","DECISION_PRESENT_ONLY_HISTORICALLY"
"hist_dec_952","j-82514161c899","PASS","2026-08-16T00:00:00.000Z","j-82514161c899","","","","NONE","PROVEN","DECISION_PRESENT_ONLY_HISTORICALLY"
"hist_dec_953","j-def354158e6a","PASS","2026-08-16T00:00:00.000Z","j-def354158e6a","","","","NONE","PROVEN","DECISION_PRESENT_ONLY_HISTORICALLY"
"hist_dec_954","j-0d4018de78e8","PURSUE","2026-08-16T00:00:00.000Z","j-0d4018de78e8","","","","NONE","PROVEN","DECISION_PRESENT_ONLY_HISTORICALLY"
"hist_dec_955","j-cdefa0ed7bd2","PASS","2026-08-16T00:00:00.000Z","j-cdefa0ed7bd2","","","","NONE","PROVEN","DECISION_PRESENT_ONLY_HISTORICALLY"
"hist_dec_956","j-8c1a93d6d4e0","PASS","2026-08-16T00:00:00.000Z","j-8c1a93d6d4e0","","","","NONE","PROVEN","DECISION_PRESENT_ONLY_HISTORICALLY"
"hist_dec_957","j-26092c721863","CONSIDER","2026-08-16T00:00:00.000Z","j-26092c721863","","","","NONE","PROVEN","DECISION_PRESENT_ONLY_HISTORICALLY"
"hist_dec_958","j-54a9c32d5aac","PASS","2026-08-16T00:00:00.000Z","j-54a9c32d5aac","","","","NONE","PROVEN","DECISION_PRESENT_ONLY_HISTORICALLY"
"hist_dec_959","j-5b20abbb7f09","PASS","2026-08-16T00:00:00.000Z","j-5b20abbb7f09","","","","NONE","PROVEN","DECISION_PRESENT_ONLY_HISTORICALLY"
"hist_dec_960","j-6468a2c4c613","PASS","2026-08-16T00:00:00.000Z","j-6468a2c4c613","","","","NONE","PROVEN","DECISION_PRESENT_ONLY_HISTORICALLY"
"hist_dec_961","j-597bb6fd35a5","PURSUE","2026-08-16T00:00:00.000Z","j-597bb6fd35a5","","","","NONE","PROVEN","DECISION_PRESENT_ONLY_HISTORICALLY"
"hist_dec_962","j-a28aab866a78","PURSUE","2026-08-16T00:00:00.000Z","j-a28aab866a78","","","","NONE","PROVEN","DECISION_PRESENT_ONLY_HISTORICALLY"
"hist_dec_963","j-f7f6168ae96e","PURSUE","2026-08-16T00:00:00.000Z","j-f7f6168ae96e","","","","NONE","PROVEN","DECISION_PRESENT_ONLY_HISTORICALLY"
"hist_dec_964","j-bfca12f197de","PASS","2026-08-16T00:00:00.000Z","j-bfca12f197de","","","","NONE","PROVEN","DECISION_PRESENT_ONLY_HISTORICALLY"
"hist_dec_965","j-1cef3011fa4d","PURSUE","2026-08-16T00:00:00.000Z","j-1cef3011fa4d","","","","NONE","PROVEN","DECISION_PRESENT_ONLY_HISTORICALLY"
"hist_dec_966","j-acb19e1c7505","CONSIDER","2026-08-16T00:00:00.000Z","j-acb19e1c7505","","","","NONE","PROVEN","DECISION_PRESENT_ONLY_HISTORICALLY"
"hist_dec_967","j-ac9b7b2783e8","PASS","2026-08-16T00:00:00.000Z","j-ac9b7b2783e8","","","","NONE","PROVEN","DECISION_PRESENT_ONLY_HISTORICALLY"
"hist_dec_968","j-26920f6e7ce7","PASS","2026-08-16T00:00:00.000Z","j-26920f6e7ce7","","","","NONE","PROVEN","DECISION_PRESENT_ONLY_HISTORICALLY"
"hist_dec_969","j-2c710841aa5a","PURSUE","2026-08-16T00:00:00.000Z","j-2c710841aa5a","","","","NONE","PROVEN","DECISION_PRESENT_ONLY_HISTORICALLY"
"hist_dec_970","j-a381221f7985","PASS","2026-08-16T00:00:00.000Z","j-a381221f7985","","","","NONE","PROVEN","DECISION_PRESENT_ONLY_HISTORICALLY"
"hist_dec_971","j-6fdadf1cf9f6","PURSUE","2026-08-16T00:00:00.000Z","j-6fdadf1cf9f6","","","","NONE","PROVEN","DECISION_PRESENT_ONLY_HISTORICALLY"
"hist_dec_972","j-736a97ed3c5a","PASS","2026-08-16T00:00:00.000Z","j-736a97ed3c5a","","","","NONE","PROVEN","DECISION_PRESENT_ONLY_HISTORICALLY"
"hist_dec_973","j-cb772a9c6056","CONSIDER","2026-08-16T00:00:00.000Z","j-cb772a9c6056","","","","NONE","PROVEN","DECISION_PRESENT_ONLY_HISTORICALLY"
"hist_dec_974","j-dadc0054198a","PASS","2026-08-16T00:00:00.000Z","j-dadc0054198a","","","","NONE","PROVEN","DECISION_PRESENT_ONLY_HISTORICALLY"
"hist_dec_975","j-ec80fb9bb755","PASS","2026-08-16T00:00:00.000Z","j-ec80fb9bb755","","","","NONE","PROVEN","DECISION_PRESENT_ONLY_HISTORICALLY"
"hist_dec_976","j-f4cea159889e","PASS","2026-08-16T00:00:00.000Z","j-f4cea159889e","","","","NONE","PROVEN","DECISION_PRESENT_ONLY_HISTORICALLY"
"hist_dec_977","j-379df43cbbaf","CONSIDER","2026-08-16T00:00:00.000Z","j-379df43cbbaf","","","","NONE","PROVEN","DECISION_PRESENT_ONLY_HISTORICALLY"
"hist_dec_978","j-81ece1b55566","PURSUE","2026-08-16T00:00:00.000Z","j-81ece1b55566","","","","NONE","PROVEN","DECISION_PRESENT_ONLY_HISTORICALLY"
"hist_dec_979","j-67822765d7f7","PASS","2026-08-16T00:00:00.000Z","j-67822765d7f7","","","","NONE","PROVEN","DECISION_PRESENT_ONLY_HISTORICALLY"
"hist_dec_980","j-3c596dcb7532","PASS","2026-08-16T00:00:00.000Z","j-3c596dcb7532","","","","NONE","PROVEN","DECISION_PRESENT_ONLY_HISTORICALLY"
"hist_dec_981","j-e1342c5f5713","CONSIDER","2026-08-16T00:00:00.000Z","j-e1342c5f5713","","","","NONE","PROVEN","DECISION_PRESENT_ONLY_HISTORICALLY"
"hist_dec_982","j-d3f2ddffb1ab","PASS","2026-08-16T00:00:00.000Z","j-d3f2ddffb1ab","","","","NONE","PROVEN","DECISION_PRESENT_ONLY_HISTORICALLY"
"hist_dec_983","j-42be7d840b1c","PASS","2026-08-16T00:00:00.000Z","j-42be7d840b1c","","","","NONE","PROVEN","DECISION_PRESENT_ONLY_HISTORICALLY"
"hist_dec_984","j-c8df85b0f5e6","PASS","2026-08-16T00:00:00.000Z","j-c8df85b0f5e6","","","","NONE","PROVEN","DECISION_PRESENT_ONLY_HISTORICALLY"
"hist_dec_985","j-eaa77d3423f7","PASS","2026-08-16T00:00:00.000Z","j-eaa77d3423f7","","","","NONE","PROVEN","DECISION_PRESENT_ONLY_HISTORICALLY"
"hist_dec_986","j-1d305304a086","PASS","2026-08-16T00:00:00.000Z","j-1d305304a086","","","","NONE","PROVEN","DECISION_PRESENT_ONLY_HISTORICALLY"
"hist_dec_987","j-036d5f614b58","PASS","2026-08-16T00:00:00.000Z","j-036d5f614b58","","","","NONE","PROVEN","DECISION_PRESENT_ONLY_HISTORICALLY"
"hist_dec_988","j-52f260bada9c","PASS","2026-08-16T00:00:00.000Z","j-52f260bada9c","","","","NONE","PROVEN","DECISION_PRESENT_ONLY_HISTORICALLY"
"hist_dec_989","j-405b2193d2d0","CONSIDER","2026-08-16T00:00:00.000Z","j-405b2193d2d0","","","","NONE","PROVEN","DECISION_PRESENT_ONLY_HISTORICALLY"
"hist_dec_990","j-8e29c2462aff","CONSIDER","2026-08-16T00:00:00.000Z","j-8e29c2462aff","","","","NONE","PROVEN","DECISION_PRESENT_ONLY_HISTORICALLY"
"hist_dec_991","j-7028a6f21917","PASS","2026-08-16T00:00:00.000Z","j-7028a6f21917","","","","NONE","PROVEN","DECISION_PRESENT_ONLY_HISTORICALLY"
"hist_dec_992","j-594b1785067f","PASS","2026-08-16T00:00:00.000Z","j-594b1785067f","","","","NONE","PROVEN","DECISION_PRESENT_ONLY_HISTORICALLY"
"hist_dec_993","j-dcb9764a3111","PASS","2026-08-16T00:00:00.000Z","j-dcb9764a3111","","","","NONE","PROVEN","DECISION_PRESENT_ONLY_HISTORICALLY"
"hist_dec_994","j-4a326ceeb0cb","PURSUE","2026-08-16T00:00:00.000Z","j-4a326ceeb0cb","","","","NONE","PROVEN","DECISION_PRESENT_ONLY_HISTORICALLY"
"hist_dec_995","j-93cc9ccae8bc","PURSUE","2026-08-16T00:00:00.000Z","j-93cc9ccae8bc","","","","NONE","PROVEN","DECISION_PRESENT_ONLY_HISTORICALLY"
"hist_dec_996","j-8c8c7da71ad9","PASS","2026-08-16T00:00:00.000Z","j-8c8c7da71ad9","","","","NONE","PROVEN","DECISION_PRESENT_ONLY_HISTORICALLY"
"hist_dec_997","j-a22dd1f70ab7","PASS","2026-08-16T00:00:00.000Z","j-a22dd1f70ab7","","","","NONE","PROVEN","DECISION_PRESENT_ONLY_HISTORICALLY"
"hist_dec_998","j-c86b1856e561","CONSIDER","2026-08-16T00:00:00.000Z","j-c86b1856e561","","","","NONE","PROVEN","DECISION_PRESENT_ONLY_HISTORICALLY"
"hist_dec_999","j-e2c9981f4367","CONSIDER","2026-08-16T00:00:00.000Z","j-e2c9981f4367","","","","NONE","PROVEN","DECISION_PRESENT_ONLY_HISTORICALLY"
"hist_dec_1000","j-210dbe4f4df8","PASS","2026-08-16T00:00:00.000Z","j-210dbe4f4df8","","","","NONE","PROVEN","DECISION_PRESENT_ONLY_HISTORICALLY"
"hist_dec_1001","j-598e18033b8b","PASS","2026-08-16T00:00:00.000Z","j-598e18033b8b","","","","NONE","PROVEN","DECISION_PRESENT_ONLY_HISTORICALLY"
"hist_dec_1002","j-906ffb8d26bf","PASS","2026-08-16T00:00:00.000Z","j-906ffb8d26bf","","","","NONE","PROVEN","DECISION_PRESENT_ONLY_HISTORICALLY"
"hist_dec_1003","j-753296224096","CONSIDER","2026-08-16T00:00:00.000Z","j-753296224096","","","","NONE","PROVEN","DECISION_PRESENT_ONLY_HISTORICALLY"
"hist_dec_1004","j-7ccdb67f6a56","PASS","2026-08-16T00:00:00.000Z","j-7ccdb67f6a56","","","","NONE","PROVEN","DECISION_PRESENT_ONLY_HISTORICALLY"
"hist_dec_1005","j-18af3680d618","PASS","2026-08-16T00:00:00.000Z","j-18af3680d618","","","","NONE","PROVEN","DECISION_PRESENT_ONLY_HISTORICALLY"
"hist_dec_1006","j-d088f21168de","PASS","2026-08-16T00:00:00.000Z","j-d088f21168de","","","","NONE","PROVEN","DECISION_PRESENT_ONLY_HISTORICALLY"
"hist_dec_1007","j-13dea63e0ab7","PASS","2026-08-16T00:00:00.000Z","j-13dea63e0ab7","","","","NONE","PROVEN","DECISION_PRESENT_ONLY_HISTORICALLY"
"hist_dec_1008","j-b6b5175bd5a8","PASS","2026-08-16T00:00:00.000Z","j-b6b5175bd5a8","","","","NONE","PROVEN","DECISION_PRESENT_ONLY_HISTORICALLY"
"hist_dec_1009","j-d9e933295990","PASS","2026-08-16T00:00:00.000Z","j-d9e933295990","","","","NONE","PROVEN","DECISION_PRESENT_ONLY_HISTORICALLY"
"hist_dec_1010","j-3af5d9de8f5b","PASS","2026-08-16T00:00:00.000Z","j-3af5d9de8f5b","","","","NONE","PROVEN","DECISION_PRESENT_ONLY_HISTORICALLY"
"hist_dec_1011","j-609a81be6878","PURSUE","2026-08-16T00:00:00.000Z","j-609a81be6878","","","","NONE","PROVEN","DECISION_PRESENT_ONLY_HISTORICALLY"
"hist_dec_1012","j-86a6f30c4fcc","PASS","2026-08-16T00:00:00.000Z","j-86a6f30c4fcc","","","","NONE","PROVEN","DECISION_PRESENT_ONLY_HISTORICALLY"
"hist_dec_1013","j-f14364fd6eb2","PURSUE","2026-08-16T00:00:00.000Z","j-f14364fd6eb2","","","","NONE","PROVEN","DECISION_PRESENT_ONLY_HISTORICALLY"
"hist_dec_1014","j-5671e94a834c","PASS","2026-08-16T00:00:00.000Z","j-5671e94a834c","","","","NONE","PROVEN","DECISION_PRESENT_ONLY_HISTORICALLY"
"hist_dec_1015","j-c0a7afb45f78","PASS","2026-08-16T00:00:00.000Z","j-c0a7afb45f78","","","","NONE","PROVEN","DECISION_PRESENT_ONLY_HISTORICALLY"
"hist_dec_1016","j-89076d0da96a","PASS","2026-08-16T00:00:00.000Z","j-89076d0da96a","","","","NONE","PROVEN","DECISION_PRESENT_ONLY_HISTORICALLY"
"hist_dec_1017","j-5a2769562ba0","PASS","2026-08-16T00:00:00.000Z","j-5a2769562ba0","","","","NONE","PROVEN","DECISION_PRESENT_ONLY_HISTORICALLY"
"hist_dec_1018","j-dfc41512d198","PURSUE","2026-08-16T00:00:00.000Z","j-dfc41512d198","","","","NONE","PROVEN","DECISION_PRESENT_ONLY_HISTORICALLY"
"hist_dec_1019","j-0bbbebfd8058","PASS","2026-08-16T00:00:00.000Z","j-0bbbebfd8058","","","","NONE","PROVEN","DECISION_PRESENT_ONLY_HISTORICALLY"
"hist_dec_1020","j-7c2efce1621b","PASS","2026-08-16T00:00:00.000Z","j-7c2efce1621b","","","","NONE","PROVEN","DECISION_PRESENT_ONLY_HISTORICALLY"
"hist_dec_1021","j-81535621093d","PASS","2026-08-16T00:00:00.000Z","j-81535621093d","","","","NONE","PROVEN","DECISION_PRESENT_ONLY_HISTORICALLY"
"hist_dec_1022","j-24ee436d56c5","CONSIDER","2026-08-16T00:00:00.000Z","j-24ee436d56c5","","","","NONE","PROVEN","DECISION_PRESENT_ONLY_HISTORICALLY"
"hist_dec_1023","j-af5f8d5bbc7d","PURSUE","2026-08-16T00:00:00.000Z","j-af5f8d5bbc7d","","","","NONE","PROVEN","DECISION_PRESENT_ONLY_HISTORICALLY"
"hist_dec_1024","j-421b5070ebd4","CONSIDER","2026-08-16T00:00:00.000Z","j-421b5070ebd4","","","","NONE","PROVEN","DECISION_PRESENT_ONLY_HISTORICALLY"
"hist_dec_1025","j-82820dcd61e6","PASS","2026-08-16T00:00:00.000Z","j-82820dcd61e6","","","","NONE","PROVEN","DECISION_PRESENT_ONLY_HISTORICALLY"
"hist_dec_1026","j-6366e17dabcf","PURSUE","2026-08-16T00:00:00.000Z","j-6366e17dabcf","","","","NONE","PROVEN","DECISION_PRESENT_ONLY_HISTORICALLY"
"hist_dec_1027","j-912c11ec8624","PASS","2026-08-16T00:00:00.000Z","j-912c11ec8624","","","","NONE","PROVEN","DECISION_PRESENT_ONLY_HISTORICALLY"
"hist_dec_1028","j-bddd01ff5041","PASS","2026-08-16T00:00:00.000Z","j-bddd01ff5041","","","","NONE","PROVEN","DECISION_PRESENT_ONLY_HISTORICALLY"
"hist_dec_1029","j-4883872c49ea","PASS","2026-08-16T00:00:00.000Z","j-4883872c49ea","","","","NONE","PROVEN","DECISION_PRESENT_ONLY_HISTORICALLY"
"hist_dec_1030","j-947bf3823685","PASS","2026-08-16T00:00:00.000Z","j-947bf3823685","","","","NONE","PROVEN","DECISION_PRESENT_ONLY_HISTORICALLY"
"hist_dec_1031","j-3b290e0b41e1","PASS","2026-08-16T00:00:00.000Z","j-3b290e0b41e1","","","","NONE","PROVEN","DECISION_PRESENT_ONLY_HISTORICALLY"
"hist_dec_1032","j-86b2cb8c6c36","PASS","2026-08-16T00:00:00.000Z","j-86b2cb8c6c36","","","","NONE","PROVEN","DECISION_PRESENT_ONLY_HISTORICALLY"
"hist_dec_1033","j-59d66d180aaf","PASS","2026-08-16T00:00:00.000Z","j-59d66d180aaf","","","","NONE","PROVEN","DECISION_PRESENT_ONLY_HISTORICALLY"
"hist_dec_1034","j-497fd906ad04","PASS","2026-08-16T00:00:00.000Z","j-497fd906ad04","","","","NONE","PROVEN","DECISION_PRESENT_ONLY_HISTORICALLY"
"hist_dec_1035","j-ccf6e227b06f","CONSIDER","2026-08-16T00:00:00.000Z","j-ccf6e227b06f","","","","NONE","PROVEN","DECISION_PRESENT_ONLY_HISTORICALLY"
"hist_dec_1036","j-34af52141cfe","PASS","2026-08-16T00:00:00.000Z","j-34af52141cfe","","","","NONE","PROVEN","DECISION_PRESENT_ONLY_HISTORICALLY"
"hist_dec_1037","j-708756042459","PURSUE","2026-08-16T00:00:00.000Z","j-708756042459","","","","NONE","PROVEN","DECISION_PRESENT_ONLY_HISTORICALLY"
"hist_dec_1038","j-b5bc93b7bf39","CONSIDER","2026-08-16T00:00:00.000Z","j-b5bc93b7bf39","","","","NONE","PROVEN","DECISION_PRESENT_ONLY_HISTORICALLY"
"hist_dec_1039","j-5c3bbeceb99d","PASS","2026-08-16T00:00:00.000Z","j-5c3bbeceb99d","","","","NONE","PROVEN","DECISION_PRESENT_ONLY_HISTORICALLY"
"hist_dec_1040","j-a418ef70be3e","PURSUE","2026-08-16T00:00:00.000Z","j-a418ef70be3e","","","","NONE","PROVEN","DECISION_PRESENT_ONLY_HISTORICALLY"
"hist_dec_1041","j-b5c58c3f3cc9","PASS","2026-08-16T00:00:00.000Z","j-b5c58c3f3cc9","","","","NONE","PROVEN","DECISION_PRESENT_ONLY_HISTORICALLY"
"hist_dec_1042","j-77e462ab47ef","PURSUE","2026-08-16T00:00:00.000Z","j-77e462ab47ef","","","","NONE","PROVEN","DECISION_PRESENT_ONLY_HISTORICALLY"
"hist_dec_1043","j-bb2d3ade7d89","PURSUE","2026-08-16T00:00:00.000Z","j-bb2d3ade7d89","","","","NONE","PROVEN","DECISION_PRESENT_ONLY_HISTORICALLY"
"hist_dec_1044","j-186de17d67d0","PASS","2026-08-16T00:00:00.000Z","j-186de17d67d0","","","","NONE","PROVEN","DECISION_PRESENT_ONLY_HISTORICALLY"
"hist_dec_1045","j-6f7962137faf","PASS","2026-08-16T00:00:00.000Z","j-6f7962137faf","","","","NONE","PROVEN","DECISION_PRESENT_ONLY_HISTORICALLY"
"hist_dec_1046","j-511d89940ed2","PASS","2026-08-16T00:00:00.000Z","j-511d89940ed2","","","","NONE","PROVEN","DECISION_PRESENT_ONLY_HISTORICALLY"
"hist_dec_1047","j-78a7b3a39a1f","PASS","2026-08-16T00:00:00.000Z","j-78a7b3a39a1f","","","","NONE","PROVEN","DECISION_PRESENT_ONLY_HISTORICALLY"
"hist_dec_1048","j-d91f99ed7799","PASS","2026-08-16T00:00:00.000Z","j-d91f99ed7799","","","","NONE","PROVEN","DECISION_PRESENT_ONLY_HISTORICALLY"
"hist_dec_1049","j-d9176c367a9b","PASS","2026-08-16T00:00:00.000Z","j-d9176c367a9b","","","","NONE","PROVEN","DECISION_PRESENT_ONLY_HISTORICALLY"
"hist_dec_1050","j-9381fe52adc1","PASS","2026-08-16T00:00:00.000Z","j-9381fe52adc1","","","","NONE","PROVEN","DECISION_PRESENT_ONLY_HISTORICALLY"
"hist_dec_1051","j-a59d5dda8037","PASS","2026-08-16T00:00:00.000Z","j-a59d5dda8037","","","","NONE","PROVEN","DECISION_PRESENT_ONLY_HISTORICALLY"
"hist_dec_1052","j-9d2006e16aba","PURSUE","2026-08-16T00:00:00.000Z","j-9d2006e16aba","","","","NONE","PROVEN","DECISION_PRESENT_ONLY_HISTORICALLY"
"hist_dec_1053","j-8431bcece2cb","PASS","2026-08-16T00:00:00.000Z","j-8431bcece2cb","","","","NONE","PROVEN","DECISION_PRESENT_ONLY_HISTORICALLY"
"hist_dec_1054","j-abec6db4ee5c","PASS","2026-08-16T00:00:00.000Z","j-abec6db4ee5c","","","","NONE","PROVEN","DECISION_PRESENT_ONLY_HISTORICALLY"
"hist_dec_1055","j-28ec12ecb398","PASS","2026-08-16T00:00:00.000Z","j-28ec12ecb398","","","","NONE","PROVEN","DECISION_PRESENT_ONLY_HISTORICALLY"
"hist_dec_1056","j-b8dd97dd2b82","PASS","2026-08-16T00:00:00.000Z","j-b8dd97dd2b82","","","","NONE","PROVEN","DECISION_PRESENT_ONLY_HISTORICALLY"
"hist_dec_1057","j-ed8f35aed8c9","PASS","2026-08-16T00:00:00.000Z","j-ed8f35aed8c9","","","","NONE","PROVEN","DECISION_PRESENT_ONLY_HISTORICALLY"
"hist_dec_1058","j-f4bf8c23d4ae","PURSUE","2026-08-16T00:00:00.000Z","j-f4bf8c23d4ae","","","","NONE","PROVEN","DECISION_PRESENT_ONLY_HISTORICALLY"
"hist_dec_1059","j-97cfbaa9ab6f","SPARSE_SPEC","2026-08-16T00:00:00.000Z","j-97cfbaa9ab6f","","","","NONE","PROVEN","DECISION_PRESENT_ONLY_HISTORICALLY"
"hist_dec_1060","j-28abefcf710e","PASS","2026-08-16T00:00:00.000Z","j-28abefcf710e","","","","NONE","PROVEN","DECISION_PRESENT_ONLY_HISTORICALLY"
"hist_dec_1061","j-5e931867254a","PURSUE","2026-08-16T00:00:00.000Z","j-5e931867254a","","","","NONE","PROVEN","DECISION_PRESENT_ONLY_HISTORICALLY"
"hist_dec_1062","j-22a232ad06d4","PURSUE","2026-08-16T00:00:00.000Z","j-22a232ad06d4","","","","NONE","PROVEN","DECISION_PRESENT_ONLY_HISTORICALLY"
"hist_dec_1063","j-43134ed195ea","CONSIDER","2026-08-16T00:00:00.000Z","j-43134ed195ea","","","","NONE","PROVEN","DECISION_PRESENT_ONLY_HISTORICALLY"
"hist_dec_1064","j-e110251f00c4","PASS","2026-08-16T00:00:00.000Z","j-e110251f00c4","","","","NONE","PROVEN","DECISION_PRESENT_ONLY_HISTORICALLY"
"hist_dec_1065","j-ace70a732427","PASS","2026-08-16T00:00:00.000Z","j-ace70a732427","","","","NONE","PROVEN","DECISION_PRESENT_ONLY_HISTORICALLY"
"hist_dec_1066","j-ef387626f6bb","PASS","2026-08-16T00:00:00.000Z","j-ef387626f6bb","","","","NONE","PROVEN","DECISION_PRESENT_ONLY_HISTORICALLY"
"hist_dec_1067","j-979d31ea02fe","PURSUE","2026-08-16T00:00:00.000Z","j-979d31ea02fe","","","","NONE","PROVEN","DECISION_PRESENT_ONLY_HISTORICALLY"
"hist_dec_1068","j-fec327813c54","PASS","2026-08-16T00:00:00.000Z","j-fec327813c54","","","","NONE","PROVEN","DECISION_PRESENT_ONLY_HISTORICALLY"
"hist_dec_1069","j-3e56a8651a89","PASS","2026-08-16T00:00:00.000Z","j-3e56a8651a89","","","","NONE","PROVEN","DECISION_PRESENT_ONLY_HISTORICALLY"
"hist_dec_1070","j-58bac6d16b0b","PASS","2026-08-16T00:00:00.000Z","j-58bac6d16b0b","","","","NONE","PROVEN","DECISION_PRESENT_ONLY_HISTORICALLY"
"hist_dec_1071","j-165d061d03b1","PASS","2026-08-16T00:00:00.000Z","j-165d061d03b1","","","","NONE","PROVEN","DECISION_PRESENT_ONLY_HISTORICALLY"
"hist_dec_1072","j-337b586e0042","PASS","2026-08-16T00:00:00.000Z","j-337b586e0042","","","","NONE","PROVEN","DECISION_PRESENT_ONLY_HISTORICALLY"
"hist_dec_1073","j-a4dee297900c","PASS","2026-08-16T00:00:00.000Z","j-a4dee297900c","","","","NONE","PROVEN","DECISION_PRESENT_ONLY_HISTORICALLY"
"hist_dec_1074","j-f2441ca4d38f","SPARSE_SPEC","2026-08-16T00:00:00.000Z","j-f2441ca4d38f","","","","NONE","PROVEN","DECISION_PRESENT_ONLY_HISTORICALLY"
"hist_dec_1075","j-e265162ead6c","PASS","2026-08-16T00:00:00.000Z","j-e265162ead6c","","","","NONE","PROVEN","DECISION_PRESENT_ONLY_HISTORICALLY"
"hist_dec_1076","j-8809a163947a","CONSIDER","2026-08-16T00:00:00.000Z","j-8809a163947a","","","","NONE","PROVEN","DECISION_PRESENT_ONLY_HISTORICALLY"
"hist_dec_1077","j-eb4b7425c30c","PASS","2026-08-16T00:00:00.000Z","j-eb4b7425c30c","","","","NONE","PROVEN","DECISION_PRESENT_ONLY_HISTORICALLY"
"hist_dec_1078","j-235eb9e9922e","PURSUE","2026-08-16T00:00:00.000Z","j-235eb9e9922e","","","","NONE","PROVEN","DECISION_PRESENT_ONLY_HISTORICALLY"
"hist_dec_1079","j-ed07b046e7c3","CONSIDER","2026-08-16T00:00:00.000Z","j-ed07b046e7c3","","","","NONE","PROVEN","DECISION_PRESENT_ONLY_HISTORICALLY"
"hist_dec_1080","j-48435cc69e82","PASS","2026-08-16T00:00:00.000Z","j-48435cc69e82","","","","NONE","PROVEN","DECISION_PRESENT_ONLY_HISTORICALLY"
"hist_dec_1081","j-a0695dc725ec","PURSUE","2026-08-16T00:00:00.000Z","j-a0695dc725ec","","","","NONE","PROVEN","DECISION_PRESENT_ONLY_HISTORICALLY"
"hist_dec_1082","j-3ccea37e7773","PASS","2026-08-16T00:00:00.000Z","j-3ccea37e7773","","","","NONE","PROVEN","DECISION_PRESENT_ONLY_HISTORICALLY"
"hist_dec_1083","j-119e07444ebe","PASS","2026-08-16T00:00:00.000Z","j-119e07444ebe","","","","NONE","PROVEN","DECISION_PRESENT_ONLY_HISTORICALLY"
"hist_dec_1084","j-9708b19029b8","PASS","2026-08-16T00:00:00.000Z","j-9708b19029b8","","","","NONE","PROVEN","DECISION_PRESENT_ONLY_HISTORICALLY"
"hist_dec_1085","j-8e2d8e0409a4","CONSIDER","2026-08-16T00:00:00.000Z","j-8e2d8e0409a4","","","","NONE","PROVEN","DECISION_PRESENT_ONLY_HISTORICALLY"
"hist_dec_1086","j-c90e6ae97113","PURSUE","2026-08-16T00:00:00.000Z","j-c90e6ae97113","","","","NONE","PROVEN","DECISION_PRESENT_ONLY_HISTORICALLY"
"hist_dec_1087","j-8eb54c0e477d","PASS","2026-08-16T00:00:00.000Z","j-8eb54c0e477d","","","","NONE","PROVEN","DECISION_PRESENT_ONLY_HISTORICALLY"
"hist_dec_1088","j-a46162017ee5","PASS","2026-08-16T00:00:00.000Z","j-a46162017ee5","","","","NONE","PROVEN","DECISION_PRESENT_ONLY_HISTORICALLY"
"hist_dec_1089","j-b5aff0d378c1","PURSUE","2026-08-16T00:00:00.000Z","j-b5aff0d378c1","","","","NONE","PROVEN","DECISION_PRESENT_ONLY_HISTORICALLY"
"hist_dec_1090","j-9fcc747ef973","PASS","2026-08-16T00:00:00.000Z","j-9fcc747ef973","","","","NONE","PROVEN","DECISION_PRESENT_ONLY_HISTORICALLY"
"hist_dec_1091","j-af45b71ed545","PASS","2026-08-16T00:00:00.000Z","j-af45b71ed545","","","","NONE","PROVEN","DECISION_PRESENT_ONLY_HISTORICALLY"
"hist_dec_1092","j-d3ee5b56d204","CONSIDER","2026-08-16T00:00:00.000Z","j-d3ee5b56d204","","","","NONE","PROVEN","DECISION_PRESENT_ONLY_HISTORICALLY"
"hist_dec_1093","j-8ec0ec4535a2","PASS","2026-08-16T00:00:00.000Z","j-8ec0ec4535a2","","","","NONE","PROVEN","DECISION_PRESENT_ONLY_HISTORICALLY"
"hist_dec_1094","j-2626a49bc59d","PASS","2026-08-16T00:00:00.000Z","j-2626a49bc59d","","","","NONE","PROVEN","DECISION_PRESENT_ONLY_HISTORICALLY"
"hist_dec_1095","j-0f125978bd6f","PASS","2026-08-16T00:00:00.000Z","j-0f125978bd6f","","","","NONE","PROVEN","DECISION_PRESENT_ONLY_HISTORICALLY"
"hist_dec_1096","j-4dea20cafde0","PURSUE","2026-08-16T00:00:00.000Z","j-4dea20cafde0","","","","NONE","PROVEN","DECISION_PRESENT_ONLY_HISTORICALLY"
"hist_dec_1097","j-4207e6893ea3","PASS","2026-08-16T00:00:00.000Z","j-4207e6893ea3","","","","NONE","PROVEN","DECISION_PRESENT_ONLY_HISTORICALLY"
"hist_dec_1098","j-bf7207e89ee6","PASS","2026-08-16T00:00:00.000Z","j-bf7207e89ee6","","","","NONE","PROVEN","DECISION_PRESENT_ONLY_HISTORICALLY"
"hist_dec_1099","j-6c3a890a7857","CONSIDER","2026-08-16T00:00:00.000Z","j-6c3a890a7857","","","","NONE","PROVEN","DECISION_PRESENT_ONLY_HISTORICALLY"
"hist_dec_1100","j-211589d13d07","PURSUE","2026-08-16T00:00:00.000Z","j-211589d13d07","","","","NONE","PROVEN","DECISION_PRESENT_ONLY_HISTORICALLY"
"hist_dec_1101","j-4e861945a872","PURSUE","2026-08-16T00:00:00.000Z","j-4e861945a872","","","","NONE","PROVEN","DECISION_PRESENT_ONLY_HISTORICALLY"
"hist_dec_1102","j-f8a6e8c2e84d","CONSIDER","2026-08-16T00:00:00.000Z","j-f8a6e8c2e84d","","","","NONE","PROVEN","DECISION_PRESENT_ONLY_HISTORICALLY"
"hist_dec_1103","j-c26379a3bc09","PASS","2026-08-16T00:00:00.000Z","j-c26379a3bc09","","","","NONE","PROVEN","DECISION_PRESENT_ONLY_HISTORICALLY"
"hist_dec_1104","j-73b61dfc46e8","PASS","2026-08-16T00:00:00.000Z","j-73b61dfc46e8","","","","NONE","PROVEN","DECISION_PRESENT_ONLY_HISTORICALLY"
"hist_dec_1105","j-3908bb57940d","CONSIDER","2026-08-16T00:00:00.000Z","j-3908bb57940d","","","","NONE","PROVEN","DECISION_PRESENT_ONLY_HISTORICALLY"
"hist_dec_1106","j-0c07cb428299","PASS","2026-08-16T00:00:00.000Z","j-0c07cb428299","","","","NONE","PROVEN","DECISION_PRESENT_ONLY_HISTORICALLY"
"hist_dec_1107","j-0bed232c1434","PASS","2026-08-16T00:00:00.000Z","j-0bed232c1434","","","","NONE","PROVEN","DECISION_PRESENT_ONLY_HISTORICALLY"
"hist_dec_1108","j-da1dfea00fe3","PURSUE","2026-08-16T00:00:00.000Z","j-da1dfea00fe3","","","","NONE","PROVEN","DECISION_PRESENT_ONLY_HISTORICALLY"
"hist_dec_1109","j-d6c25c4a03b3","PASS","2026-08-16T00:00:00.000Z","j-d6c25c4a03b3","","","","NONE","PROVEN","DECISION_PRESENT_ONLY_HISTORICALLY"
"hist_dec_1110","j-172ffd0b6c5d","PASS","2026-08-16T00:00:00.000Z","j-172ffd0b6c5d","","","","NONE","PROVEN","DECISION_PRESENT_ONLY_HISTORICALLY"
"hist_dec_1111","j-57100ad3fbba","PASS","2026-08-16T00:00:00.000Z","j-57100ad3fbba","","","","NONE","PROVEN","DECISION_PRESENT_ONLY_HISTORICALLY"
"hist_dec_1112","j-566d4c85e709","CONSIDER","2026-08-16T00:00:00.000Z","j-566d4c85e709","","","","NONE","PROVEN","DECISION_PRESENT_ONLY_HISTORICALLY"
"hist_dec_1113","j-d0742b41fc90","PURSUE","2026-08-16T00:00:00.000Z","j-d0742b41fc90","","","","NONE","PROVEN","DECISION_PRESENT_ONLY_HISTORICALLY"
"hist_dec_1114","j-d713f920ce68","PASS","2026-08-16T00:00:00.000Z","j-d713f920ce68","","","","NONE","PROVEN","DECISION_PRESENT_ONLY_HISTORICALLY"
"hist_dec_1115","j-905de3538d6e","PASS","2026-08-16T00:00:00.000Z","j-905de3538d6e","","","","NONE","PROVEN","DECISION_PRESENT_ONLY_HISTORICALLY"
"hist_dec_1116","j-29abec726b5b","PURSUE","2026-08-16T00:00:00.000Z","j-29abec726b5b","","","","NONE","PROVEN","DECISION_PRESENT_ONLY_HISTORICALLY"
"hist_dec_1117","j-285407fad2b5","PASS","2026-08-16T00:00:00.000Z","j-285407fad2b5","","","","NONE","PROVEN","DECISION_PRESENT_ONLY_HISTORICALLY"
"hist_dec_1118","j-827b875d2176","PASS","2026-08-16T00:00:00.000Z","j-827b875d2176","","","","NONE","PROVEN","DECISION_PRESENT_ONLY_HISTORICALLY"
"hist_dec_1119","j-8fe425d6d67d","PURSUE","2026-08-16T00:00:00.000Z","j-8fe425d6d67d","","","","NONE","PROVEN","DECISION_PRESENT_ONLY_HISTORICALLY"
"hist_dec_1120","j-954609137dc7","PASS","2026-08-16T00:00:00.000Z","j-954609137dc7","","","","NONE","PROVEN","DECISION_PRESENT_ONLY_HISTORICALLY"
"hist_dec_1121","j-76e1692fc269","PASS","2026-08-16T00:00:00.000Z","j-76e1692fc269","","","","NONE","PROVEN","DECISION_PRESENT_ONLY_HISTORICALLY"
"hist_dec_1122","j-02fd4717e968","PASS","2026-08-16T00:00:00.000Z","j-02fd4717e968","","","","NONE","PROVEN","DECISION_PRESENT_ONLY_HISTORICALLY"
"hist_dec_1123","j-07859a3ef1f3","PASS","2026-08-16T00:00:00.000Z","j-07859a3ef1f3","","","","NONE","PROVEN","DECISION_PRESENT_ONLY_HISTORICALLY"
"hist_dec_1124","j-ab2abd02f712","PURSUE","2026-08-16T00:00:00.000Z","j-ab2abd02f712","","","","NONE","PROVEN","DECISION_PRESENT_ONLY_HISTORICALLY"
"hist_dec_1125","j-af05a9d1e687","PASS","2026-08-16T00:00:00.000Z","j-af05a9d1e687","","","","NONE","PROVEN","DECISION_PRESENT_ONLY_HISTORICALLY"
"hist_dec_1126","j-3641505ca047","PURSUE","2026-08-16T00:00:00.000Z","j-3641505ca047","","","","NONE","PROVEN","DECISION_PRESENT_ONLY_HISTORICALLY"
"hist_dec_1127","j-2dd64f1fcdeb","PASS","2026-08-16T00:00:00.000Z","j-2dd64f1fcdeb","","","","NONE","PROVEN","DECISION_PRESENT_ONLY_HISTORICALLY"
"hist_dec_1128","j-b6e749c126c0","PURSUE","2026-08-16T00:00:00.000Z","j-b6e749c126c0","","","","NONE","PROVEN","DECISION_PRESENT_ONLY_HISTORICALLY"
"hist_dec_1129","j-7bb932e83fdb","CONSIDER","2026-08-16T00:00:00.000Z","j-7bb932e83fdb","","","","NONE","PROVEN","DECISION_PRESENT_ONLY_HISTORICALLY"
"hist_dec_1130","j-4b85b8718243","PASS","2026-08-16T00:00:00.000Z","j-4b85b8718243","","","","NONE","PROVEN","DECISION_PRESENT_ONLY_HISTORICALLY"
"hist_dec_1131","j-168fa00a8aee","PASS","2026-08-16T00:00:00.000Z","j-168fa00a8aee","","","","NONE","PROVEN","DECISION_PRESENT_ONLY_HISTORICALLY"
"hist_dec_1132","j-8243f65d3a33","PURSUE","2026-08-16T00:00:00.000Z","j-8243f65d3a33","","","","NONE","PROVEN","DECISION_PRESENT_ONLY_HISTORICALLY"
"hist_dec_1133","j-168af18173fd","PURSUE","2026-08-16T00:00:00.000Z","j-168af18173fd","","","","NONE","PROVEN","DECISION_PRESENT_ONLY_HISTORICALLY"
"hist_dec_1134","j-525e1318e8ac","PASS","2026-08-16T00:00:00.000Z","j-525e1318e8ac","","","","NONE","PROVEN","DECISION_PRESENT_ONLY_HISTORICALLY"
"hist_dec_1135","j-8476eb4b5bc3","PURSUE","2026-08-16T00:00:00.000Z","j-8476eb4b5bc3","","","","NONE","PROVEN","DECISION_PRESENT_ONLY_HISTORICALLY"
"hist_dec_1136","j-892a1377061f","PASS","2026-08-16T00:00:00.000Z","j-892a1377061f","","","","NONE","PROVEN","DECISION_PRESENT_ONLY_HISTORICALLY"
"hist_dec_1137","j-61d7f757d2ab","CONSIDER","2026-08-16T00:00:00.000Z","j-61d7f757d2ab","","","","NONE","PROVEN","DECISION_PRESENT_ONLY_HISTORICALLY"
"hist_dec_1138","j-bd8ec692305a","PURSUE","2026-08-16T00:00:00.000Z","j-bd8ec692305a","","","","NONE","PROVEN","DECISION_PRESENT_ONLY_HISTORICALLY"
"hist_dec_1139","j-422a7682da38","PASS","2026-08-16T00:00:00.000Z","j-422a7682da38","","","","NONE","PROVEN","DECISION_PRESENT_ONLY_HISTORICALLY"
"hist_dec_1140","j-2287435f9a6a","PASS","2026-08-16T00:00:00.000Z","j-2287435f9a6a","","","","NONE","PROVEN","DECISION_PRESENT_ONLY_HISTORICALLY"
"hist_dec_1141","j-3bf1afc811c4","PURSUE","2026-08-16T00:00:00.000Z","j-3bf1afc811c4","","","","NONE","PROVEN","DECISION_PRESENT_ONLY_HISTORICALLY"
"hist_dec_1142","j-ef996b358f50","PASS","2026-08-16T00:00:00.000Z","j-ef996b358f50","","","","NONE","PROVEN","DECISION_PRESENT_ONLY_HISTORICALLY"
"hist_dec_1143","j-61356784ba6a","PURSUE","2026-08-16T00:00:00.000Z","j-61356784ba6a","","","","NONE","PROVEN","DECISION_PRESENT_ONLY_HISTORICALLY"
"hist_dec_1144","j-0379479f0b86","CONSIDER","2026-08-16T00:00:00.000Z","j-0379479f0b86","","","","NONE","PROVEN","DECISION_PRESENT_ONLY_HISTORICALLY"
"hist_dec_1145","j-8bd345a80659","CONSIDER","2026-08-16T00:00:00.000Z","j-8bd345a80659","","","","NONE","PROVEN","DECISION_PRESENT_ONLY_HISTORICALLY"
"hist_dec_1146","j-c2e4bdf633b7","CONSIDER","2026-08-16T00:00:00.000Z","j-c2e4bdf633b7","","","","NONE","PROVEN","DECISION_PRESENT_ONLY_HISTORICALLY"
"hist_dec_1147","j-1dd616f3e070","CONSIDER","2026-08-16T00:00:00.000Z","j-1dd616f3e070","","","","NONE","PROVEN","DECISION_PRESENT_ONLY_HISTORICALLY"
"hist_dec_1148","j-4f6f762688d9","PASS","2026-08-16T00:00:00.000Z","j-4f6f762688d9","","","","NONE","PROVEN","DECISION_PRESENT_ONLY_HISTORICALLY"
"hist_dec_1149","j-95b7222b768f","PASS","2026-08-16T00:00:00.000Z","j-95b7222b768f","","","","NONE","PROVEN","DECISION_PRESENT_ONLY_HISTORICALLY"
"hist_dec_1150","j-cb9bf5faf8cb","PASS","2026-08-16T00:00:00.000Z","j-cb9bf5faf8cb","","","","NONE","PROVEN","DECISION_PRESENT_ONLY_HISTORICALLY"
"hist_dec_1151","j-0fda95b64b1c","CONSIDER","2026-08-16T00:00:00.000Z","j-0fda95b64b1c","","","","NONE","PROVEN","DECISION_PRESENT_ONLY_HISTORICALLY"
"hist_dec_1152","j-b5eba191da48","CONSIDER","2026-08-16T00:00:00.000Z","j-b5eba191da48","","","","NONE","PROVEN","DECISION_PRESENT_ONLY_HISTORICALLY"
"hist_dec_1153","j-ae86ad8d4d91","PURSUE","2026-08-16T00:00:00.000Z","j-ae86ad8d4d91","","","","NONE","PROVEN","DECISION_PRESENT_ONLY_HISTORICALLY"
"hist_dec_1154","j-f499e92b76e0","PASS","2026-08-16T00:00:00.000Z","j-f499e92b76e0","","","","NONE","PROVEN","DECISION_PRESENT_ONLY_HISTORICALLY"
"hist_dec_1155","j-b9ff6f768737","CONSIDER","2026-08-16T00:00:00.000Z","j-b9ff6f768737","","","","NONE","PROVEN","DECISION_PRESENT_ONLY_HISTORICALLY"
"hist_dec_1156","j-3af740c98311","CONSIDER","2026-08-16T00:00:00.000Z","j-3af740c98311","","","","NONE","PROVEN","DECISION_PRESENT_ONLY_HISTORICALLY"
"hist_dec_1157","j-0b7b1681d757","PURSUE","2026-08-16T00:00:00.000Z","j-0b7b1681d757","","","","NONE","PROVEN","DECISION_PRESENT_ONLY_HISTORICALLY"
"hist_dec_1158","j-ac2757039caf","PURSUE","2026-08-16T00:00:00.000Z","j-ac2757039caf","","","","NONE","PROVEN","DECISION_PRESENT_ONLY_HISTORICALLY"
"hist_dec_1159","j-72fa8c571237","PURSUE","2026-08-16T00:00:00.000Z","j-72fa8c571237","","","","NONE","PROVEN","DECISION_PRESENT_ONLY_HISTORICALLY"
"hist_dec_1160","j-956a38278264","PASS","2026-08-16T00:00:00.000Z","j-956a38278264","","","","NONE","PROVEN","DECISION_PRESENT_ONLY_HISTORICALLY"
"hist_dec_1161","j-e27e7773324c","PASS","2026-08-16T00:00:00.000Z","j-e27e7773324c","","","","NONE","PROVEN","DECISION_PRESENT_ONLY_HISTORICALLY"
"hist_dec_1162","j-03b75f450eb3","CONSIDER","2026-08-16T00:00:00.000Z","j-03b75f450eb3","","","","NONE","PROVEN","DECISION_PRESENT_ONLY_HISTORICALLY"
"hist_dec_1163","j-d51bd2728bcb","PASS","2026-08-16T00:00:00.000Z","j-d51bd2728bcb","","","","NONE","PROVEN","DECISION_PRESENT_ONLY_HISTORICALLY"
"hist_dec_1164","j-96a00cdaa89c","PURSUE","2026-08-16T00:00:00.000Z","j-96a00cdaa89c","","","","NONE","PROVEN","DECISION_PRESENT_ONLY_HISTORICALLY"
"hist_dec_1165","j-bec443025637","PASS","2026-08-16T00:00:00.000Z","j-bec443025637","","","","NONE","PROVEN","DECISION_PRESENT_ONLY_HISTORICALLY"
"hist_dec_1166","j-ff7dc0c9a51a","PURSUE","2026-08-16T00:00:00.000Z","j-ff7dc0c9a51a","","","","NONE","PROVEN","DECISION_PRESENT_ONLY_HISTORICALLY"
"hist_dec_1167","j-ed405d5d0e79","PASS","2026-08-16T00:00:00.000Z","j-ed405d5d0e79","","","","NONE","PROVEN","DECISION_PRESENT_ONLY_HISTORICALLY"
"hist_dec_1168","j-c972a756ffdd","CONSIDER","2026-08-16T00:00:00.000Z","j-c972a756ffdd","","","","NONE","PROVEN","DECISION_PRESENT_ONLY_HISTORICALLY"
"hist_dec_1169","j-d71f6fb2ea66","PASS","2026-08-16T00:00:00.000Z","j-d71f6fb2ea66","","","","NONE","PROVEN","DECISION_PRESENT_ONLY_HISTORICALLY"
"hist_dec_1170","j-c63151a25fcd","PURSUE","2026-08-16T00:00:00.000Z","j-c63151a25fcd","","","","NONE","PROVEN","DECISION_PRESENT_ONLY_HISTORICALLY"
"hist_dec_1171","j-50b31135f736","CONSIDER","2026-08-16T00:00:00.000Z","j-50b31135f736","","","","NONE","PROVEN","DECISION_PRESENT_ONLY_HISTORICALLY"
"hist_dec_1172","j-e7204275e69b","PASS","2026-08-16T00:00:00.000Z","j-e7204275e69b","","","","NONE","PROVEN","DECISION_PRESENT_ONLY_HISTORICALLY"
"hist_dec_1173","j-80a97e69983e","PASS","2026-08-16T00:00:00.000Z","j-80a97e69983e","","","","NONE","PROVEN","DECISION_PRESENT_ONLY_HISTORICALLY"
"hist_dec_1174","j-64138f18021f","PASS","2026-08-16T00:00:00.000Z","j-64138f18021f","","","","NONE","PROVEN","DECISION_PRESENT_ONLY_HISTORICALLY"
"hist_dec_1175","j-c767d6466340","PASS","2026-08-16T00:00:00.000Z","j-c767d6466340","","","","NONE","PROVEN","DECISION_PRESENT_ONLY_HISTORICALLY"
"hist_dec_1176","j-202b2c45252a","PURSUE","2026-08-16T00:00:00.000Z","j-202b2c45252a","","","","NONE","PROVEN","DECISION_PRESENT_ONLY_HISTORICALLY"
"hist_dec_1177","j-555c13a9e1eb","PASS","2026-08-16T00:00:00.000Z","j-555c13a9e1eb","","","","NONE","PROVEN","DECISION_PRESENT_ONLY_HISTORICALLY"
"hist_dec_1178","j-6bfcef2eb039","PASS","2026-08-16T00:00:00.000Z","j-6bfcef2eb039","","","","NONE","PROVEN","DECISION_PRESENT_ONLY_HISTORICALLY"
"hist_dec_1179","j-521f42d7e96d","PASS","2026-08-16T00:00:00.000Z","j-521f42d7e96d","","","","NONE","PROVEN","DECISION_PRESENT_ONLY_HISTORICALLY"
"hist_dec_1180","j-4e8ec67585cb","PASS","2026-08-16T00:00:00.000Z","j-4e8ec67585cb","","","","NONE","PROVEN","DECISION_PRESENT_ONLY_HISTORICALLY"
"hist_dec_1181","j-c8ddc4e582f6","PURSUE","2026-08-16T00:00:00.000Z","j-c8ddc4e582f6","","","","NONE","PROVEN","DECISION_PRESENT_ONLY_HISTORICALLY"
"hist_dec_1182","j-0d52153b4cb4","PURSUE","2026-08-16T00:00:00.000Z","j-0d52153b4cb4","","","","NONE","PROVEN","DECISION_PRESENT_ONLY_HISTORICALLY"
"hist_dec_1183","j-76b870d3514a","PASS","2026-08-16T00:00:00.000Z","j-76b870d3514a","","","","NONE","PROVEN","DECISION_PRESENT_ONLY_HISTORICALLY"
"hist_dec_1184","j-5a784368f7c0","PURSUE","2026-08-16T00:00:00.000Z","j-5a784368f7c0","","","","NONE","PROVEN","DECISION_PRESENT_ONLY_HISTORICALLY"
"hist_dec_1185","j-3fe0bfad657d","PASS","2026-08-16T00:00:00.000Z","j-3fe0bfad657d","","","","NONE","PROVEN","DECISION_PRESENT_ONLY_HISTORICALLY"
"hist_dec_1186","j-d2c54f33ee3b","PASS","2026-08-16T00:00:00.000Z","j-d2c54f33ee3b","","","","NONE","PROVEN","DECISION_PRESENT_ONLY_HISTORICALLY"
"hist_dec_1187","j-bfbb5e2daa31","PASS","2026-08-16T00:00:00.000Z","j-bfbb5e2daa31","","","","NONE","PROVEN","DECISION_PRESENT_ONLY_HISTORICALLY"
"hist_dec_1188","j-5faad7347b00","PASS","2026-08-16T00:00:00.000Z","j-5faad7347b00","","","","NONE","PROVEN","DECISION_PRESENT_ONLY_HISTORICALLY"
"hist_dec_1189","j-36cc7d04688a","CONSIDER","2026-08-16T00:00:00.000Z","j-36cc7d04688a","","","","NONE","PROVEN","DECISION_PRESENT_ONLY_HISTORICALLY"
"hist_dec_1190","j-bade299845e2","PURSUE","2026-08-16T00:00:00.000Z","j-bade299845e2","","","","NONE","PROVEN","DECISION_PRESENT_ONLY_HISTORICALLY"
"hist_dec_1191","j-3a5c505434e7","PASS","2026-08-16T00:00:00.000Z","j-3a5c505434e7","","","","NONE","PROVEN","DECISION_PRESENT_ONLY_HISTORICALLY"
"hist_dec_1192","j-741daef85d7d","PASS","2026-08-16T00:00:00.000Z","j-741daef85d7d","","","","NONE","PROVEN","DECISION_PRESENT_ONLY_HISTORICALLY"
"hist_dec_1193","j-ef2137bead94","PURSUE","2026-08-16T00:00:00.000Z","j-ef2137bead94","","","","NONE","PROVEN","DECISION_PRESENT_ONLY_HISTORICALLY"
"hist_dec_1194","j-a4d8c13f2e52","CONSIDER","2026-08-16T00:00:00.000Z","j-a4d8c13f2e52","","","","NONE","PROVEN","DECISION_PRESENT_ONLY_HISTORICALLY"
"hist_dec_1195","j-f3115841c0f7","PASS","2026-08-16T00:00:00.000Z","j-f3115841c0f7","","","","NONE","PROVEN","DECISION_PRESENT_ONLY_HISTORICALLY"
"hist_dec_1196","j-9756071fa4f3","CONSIDER","2026-08-16T00:00:00.000Z","j-9756071fa4f3","","","","NONE","PROVEN","DECISION_PRESENT_ONLY_HISTORICALLY"
"hist_dec_1197","j-7e3d36abbe81","PURSUE","2026-08-16T00:00:00.000Z","j-7e3d36abbe81","","","","NONE","PROVEN","DECISION_PRESENT_ONLY_HISTORICALLY"
"hist_dec_1198","j-bf9dbcb065a5","PURSUE","2026-08-16T00:00:00.000Z","j-bf9dbcb065a5","","","","NONE","PROVEN","DECISION_PRESENT_ONLY_HISTORICALLY"
"hist_dec_1199","j-3c0607860a7a","PASS","2026-08-16T00:00:00.000Z","j-3c0607860a7a","","","","NONE","PROVEN","DECISION_PRESENT_ONLY_HISTORICALLY"
"hist_dec_1200","j-ab8f2a2cb7d7","PURSUE","2026-08-16T00:00:00.000Z","j-ab8f2a2cb7d7","","","","NONE","PROVEN","DECISION_PRESENT_ONLY_HISTORICALLY"
"hist_dec_1201","j-b78a03b263b8","PASS","2026-08-16T00:00:00.000Z","j-b78a03b263b8","","","","NONE","PROVEN","DECISION_PRESENT_ONLY_HISTORICALLY"
"hist_dec_1202","j-234cb111df5a","PURSUE","2026-08-16T00:00:00.000Z","j-234cb111df5a","","","","NONE","PROVEN","DECISION_PRESENT_ONLY_HISTORICALLY"
"hist_dec_1203","j-f6e5002d02db","PASS","2026-08-16T00:00:00.000Z","j-f6e5002d02db","","","","NONE","PROVEN","DECISION_PRESENT_ONLY_HISTORICALLY"
"hist_dec_1204","j-3a34e8fdfe37","PURSUE","2026-08-16T00:00:00.000Z","j-3a34e8fdfe37","","","","NONE","PROVEN","DECISION_PRESENT_ONLY_HISTORICALLY"
"hist_dec_1205","j-07c4fd9c7282","PASS","2026-08-16T00:00:00.000Z","j-07c4fd9c7282","","","","NONE","PROVEN","DECISION_PRESENT_ONLY_HISTORICALLY"
"hist_dec_1206","j-84aa14dd0671","PASS","2026-08-16T00:00:00.000Z","j-84aa14dd0671","","","","NONE","PROVEN","DECISION_PRESENT_ONLY_HISTORICALLY"
"hist_dec_1207","j-b1f26e0a6dba","PASS","2026-08-16T00:00:00.000Z","j-b1f26e0a6dba","","","","NONE","PROVEN","DECISION_PRESENT_ONLY_HISTORICALLY"
"hist_dec_1208","j-1a563a11e155","CONSIDER","2026-08-16T00:00:00.000Z","j-1a563a11e155","","","","NONE","PROVEN","DECISION_PRESENT_ONLY_HISTORICALLY"
"hist_dec_1209","j-1da49dceea53","PURSUE","2026-08-16T00:00:00.000Z","j-1da49dceea53","","","","NONE","PROVEN","DECISION_PRESENT_ONLY_HISTORICALLY"
"hist_dec_1210","j-2068e6a4ac7c","PASS","2026-08-16T00:00:00.000Z","j-2068e6a4ac7c","","","","NONE","PROVEN","DECISION_PRESENT_ONLY_HISTORICALLY"
"hist_dec_1211","j-a1acd919fbd5","PASS","2026-08-16T00:00:00.000Z","j-a1acd919fbd5","","","","NONE","PROVEN","DECISION_PRESENT_ONLY_HISTORICALLY"
"hist_dec_1212","j-c254abda7c89","PURSUE","2026-08-16T00:00:00.000Z","j-c254abda7c89","","","","NONE","PROVEN","DECISION_PRESENT_ONLY_HISTORICALLY"
"hist_dec_1213","j-6601fdfc595b","PURSUE","2026-08-16T00:00:00.000Z","j-6601fdfc595b","","","","NONE","PROVEN","DECISION_PRESENT_ONLY_HISTORICALLY"
"hist_dec_1214","j-f424a1490d5e","PASS","2026-08-16T00:00:00.000Z","j-f424a1490d5e","","","","NONE","PROVEN","DECISION_PRESENT_ONLY_HISTORICALLY"
"hist_dec_1215","j-37b7f92993a7","PURSUE","2026-08-16T00:00:00.000Z","j-37b7f92993a7","","","","NONE","PROVEN","DECISION_PRESENT_ONLY_HISTORICALLY"
"hist_dec_1216","j-92ce88faeb6e","PASS","2026-08-16T00:00:00.000Z","j-92ce88faeb6e","","","","NONE","PROVEN","DECISION_PRESENT_ONLY_HISTORICALLY"
"hist_dec_1217","j-8443432937c4","PURSUE","2026-08-16T00:00:00.000Z","j-8443432937c4","","","","NONE","PROVEN","DECISION_PRESENT_ONLY_HISTORICALLY"
"hist_dec_1218","j-4753be576855","PASS","2026-08-16T00:00:00.000Z","j-4753be576855","","","","NONE","PROVEN","DECISION_PRESENT_ONLY_HISTORICALLY"
"hist_dec_1219","j-fecd30797f77","PASS","2026-08-16T00:00:00.000Z","j-fecd30797f77","","","","NONE","PROVEN","DECISION_PRESENT_ONLY_HISTORICALLY"
"hist_dec_1220","j-f2ae9c47d5bc","PASS","2026-08-16T00:00:00.000Z","j-f2ae9c47d5bc","","","","NONE","PROVEN","DECISION_PRESENT_ONLY_HISTORICALLY"
"hist_dec_1221","j-d654d0da1cc3","CONSIDER","2026-08-16T00:00:00.000Z","j-d654d0da1cc3","","","","NONE","PROVEN","DECISION_PRESENT_ONLY_HISTORICALLY"
"hist_dec_1222","j-6a89fdeb5db9","PASS","2026-08-16T00:00:00.000Z","j-6a89fdeb5db9","","","","NONE","PROVEN","DECISION_PRESENT_ONLY_HISTORICALLY"
"hist_dec_1223","j-a1be5b522b91","PASS","2026-08-16T00:00:00.000Z","j-a1be5b522b91","","","","NONE","PROVEN","DECISION_PRESENT_ONLY_HISTORICALLY"
"hist_dec_1224","j-b8042619623e","PURSUE","2026-08-16T00:00:00.000Z","j-b8042619623e","","","","NONE","PROVEN","DECISION_PRESENT_ONLY_HISTORICALLY"
"hist_dec_1225","j-68858325b3e4","PASS","2026-08-16T00:00:00.000Z","j-68858325b3e4","","","","NONE","PROVEN","DECISION_PRESENT_ONLY_HISTORICALLY"
"hist_dec_1226","j-4c7aa908cb42","PURSUE","2026-08-16T00:00:00.000Z","j-4c7aa908cb42","","","","NONE","PROVEN","DECISION_PRESENT_ONLY_HISTORICALLY"
"hist_dec_1227","j-40c850a1503b","PURSUE","2026-08-16T00:00:00.000Z","j-40c850a1503b","","","","NONE","PROVEN","DECISION_PRESENT_ONLY_HISTORICALLY"
"hist_dec_1228","j-fb57aff2dc10","PASS","2026-08-16T00:00:00.000Z","j-fb57aff2dc10","","","","NONE","PROVEN","DECISION_PRESENT_ONLY_HISTORICALLY"
"hist_dec_1229","j-2807aa66b0c9","PURSUE","2026-08-16T00:00:00.000Z","j-2807aa66b0c9","","","","NONE","PROVEN","DECISION_PRESENT_ONLY_HISTORICALLY"
"hist_dec_1230","j-3aec0bd042dc","PASS","2026-08-16T00:00:00.000Z","j-3aec0bd042dc","","","","NONE","PROVEN","DECISION_PRESENT_ONLY_HISTORICALLY"
"hist_dec_1231","j-23b2c84bd934","PASS","2026-08-16T00:00:00.000Z","j-23b2c84bd934","","","","NONE","PROVEN","DECISION_PRESENT_ONLY_HISTORICALLY"
"hist_dec_1232","j-04acb1b1be94","PASS","2026-08-16T00:00:00.000Z","j-04acb1b1be94","","","","NONE","PROVEN","DECISION_PRESENT_ONLY_HISTORICALLY"
"hist_dec_1233","j-28eb8a42fc2f","PASS","2026-08-16T00:00:00.000Z","j-28eb8a42fc2f","","","","NONE","PROVEN","DECISION_PRESENT_ONLY_HISTORICALLY"
"hist_dec_1234","j-52fd0f52a01f","SPARSE_SPEC","2026-08-16T00:00:00.000Z","j-52fd0f52a01f","","","","NONE","PROVEN","DECISION_PRESENT_ONLY_HISTORICALLY"
"hist_dec_1235","j-c13772e27086","CONSIDER","2026-08-16T00:00:00.000Z","j-c13772e27086","","","","NONE","PROVEN","DECISION_PRESENT_ONLY_HISTORICALLY"
"hist_dec_1236","j-a529ef9c7a86","CONSIDER","2026-08-16T00:00:00.000Z","j-a529ef9c7a86","","","","NONE","PROVEN","DECISION_PRESENT_ONLY_HISTORICALLY"
"hist_dec_1237","j-f0e7fefdc6af","PASS","2026-08-16T00:00:00.000Z","j-f0e7fefdc6af","","","","NONE","PROVEN","DECISION_PRESENT_ONLY_HISTORICALLY"
"hist_dec_1238","j-40ac5240f154","PASS","2026-08-16T00:00:00.000Z","j-40ac5240f154","","","","NONE","PROVEN","DECISION_PRESENT_ONLY_HISTORICALLY"
"hist_dec_1239","j-a21e107c5fab","PURSUE","2026-08-16T00:00:00.000Z","j-a21e107c5fab","","","","NONE","PROVEN","DECISION_PRESENT_ONLY_HISTORICALLY"
"hist_dec_1240","j-3968b4dd1726","PASS","2026-08-16T00:00:00.000Z","j-3968b4dd1726","","","","NONE","PROVEN","DECISION_PRESENT_ONLY_HISTORICALLY"
"hist_dec_1241","j-ea29b542845c","PURSUE","2026-08-16T00:00:00.000Z","j-ea29b542845c","","","","NONE","PROVEN","DECISION_PRESENT_ONLY_HISTORICALLY"
"hist_dec_1242","j-00e074bc70f5","CONSIDER","2026-08-16T00:00:00.000Z","j-00e074bc70f5","","","","NONE","PROVEN","DECISION_PRESENT_ONLY_HISTORICALLY"
"hist_dec_1243","j-f5f0c366183e","PASS","2026-08-16T00:00:00.000Z","j-f5f0c366183e","","","","NONE","PROVEN","DECISION_PRESENT_ONLY_HISTORICALLY"
"hist_dec_1244","j-12d115eab524","PURSUE","2026-08-16T00:00:00.000Z","j-12d115eab524","","","","NONE","PROVEN","DECISION_PRESENT_ONLY_HISTORICALLY"
"hist_dec_1245","j-53e6c57b48dc","CONSIDER","2026-08-16T00:00:00.000Z","j-53e6c57b48dc","","","","NONE","PROVEN","DECISION_PRESENT_ONLY_HISTORICALLY"
"hist_dec_1246","j-5e17bcbdb887","PURSUE","2026-08-16T00:00:00.000Z","j-5e17bcbdb887","","","","NONE","PROVEN","DECISION_PRESENT_ONLY_HISTORICALLY"
"hist_dec_1247","j-8ec626858680","PURSUE","2026-08-16T00:00:00.000Z","j-8ec626858680","","","","NONE","PROVEN","DECISION_PRESENT_ONLY_HISTORICALLY"
"hist_dec_1248","j-7e7aff7baac2","PASS","2026-08-16T00:00:00.000Z","j-7e7aff7baac2","","","","NONE","PROVEN","DECISION_PRESENT_ONLY_HISTORICALLY"
"hist_dec_1249","j-aee3ba28e716","PASS","2026-08-16T00:00:00.000Z","j-aee3ba28e716","","","","NONE","PROVEN","DECISION_PRESENT_ONLY_HISTORICALLY"
"hist_dec_1250","j-8ac694041344","CONSIDER","2026-08-16T00:00:00.000Z","j-8ac694041344","","","","NONE","PROVEN","DECISION_PRESENT_ONLY_HISTORICALLY"
"hist_dec_1251","j-db92a8f879ec","PASS","2026-08-16T00:00:00.000Z","j-db92a8f879ec","","","","NONE","PROVEN","DECISION_PRESENT_ONLY_HISTORICALLY"
"hist_dec_1252","j-67b04ea94cc4","PASS","2026-08-16T00:00:00.000Z","j-67b04ea94cc4","","","","NONE","PROVEN","DECISION_PRESENT_ONLY_HISTORICALLY"
"hist_dec_1253","j-7cf8a1383630","PASS","2026-08-16T00:00:00.000Z","j-7cf8a1383630","","","","NONE","PROVEN","DECISION_PRESENT_ONLY_HISTORICALLY"
"hist_dec_1254","j-1b45b2c39e9b","SPARSE_SPEC","2026-08-16T00:00:00.000Z","j-1b45b2c39e9b","","","","NONE","PROVEN","DECISION_PRESENT_ONLY_HISTORICALLY"
"hist_dec_1255","j-27e35b0c6105","PASS","2026-08-16T00:00:00.000Z","j-27e35b0c6105","","","","NONE","PROVEN","DECISION_PRESENT_ONLY_HISTORICALLY"
"hist_dec_1256","j-c45066ebecea","PASS","2026-08-16T00:00:00.000Z","j-c45066ebecea","","","","NONE","PROVEN","DECISION_PRESENT_ONLY_HISTORICALLY"
"hist_dec_1257","j-a8141eb11e7a","CONSIDER","2026-08-16T00:00:00.000Z","j-a8141eb11e7a","","","","NONE","PROVEN","DECISION_PRESENT_ONLY_HISTORICALLY"
"hist_dec_1258","j-e0f4deb023ea","PURSUE","2026-08-16T00:00:00.000Z","j-e0f4deb023ea","","","","NONE","PROVEN","DECISION_PRESENT_ONLY_HISTORICALLY"
"hist_dec_1259","j-7557fc7d32a7","PASS","2026-08-16T00:00:00.000Z","j-7557fc7d32a7","","","","NONE","PROVEN","DECISION_PRESENT_ONLY_HISTORICALLY"
"hist_dec_1260","j-f12c07873455","PASS","2026-08-16T00:00:00.000Z","j-f12c07873455","","","","NONE","PROVEN","DECISION_PRESENT_ONLY_HISTORICALLY"
"hist_dec_1261","j-db4f8482a07e","PASS","2026-08-16T00:00:00.000Z","j-db4f8482a07e","","","","NONE","PROVEN","DECISION_PRESENT_ONLY_HISTORICALLY"
"hist_dec_1262","j-32d5a531ff75","SPARSE_SPEC","2026-08-16T00:00:00.000Z","j-32d5a531ff75","","","","NONE","PROVEN","DECISION_PRESENT_ONLY_HISTORICALLY"
"hist_dec_1263","j-56722ca275b9","PASS","2026-08-16T00:00:00.000Z","j-56722ca275b9","","","","NONE","PROVEN","DECISION_PRESENT_ONLY_HISTORICALLY"
"hist_dec_1264","j-3ec18f3aa2cd","PASS","2026-08-16T00:00:00.000Z","j-3ec18f3aa2cd","","","","NONE","PROVEN","DECISION_PRESENT_ONLY_HISTORICALLY"
"hist_dec_1265","j-d6c90e96e75a","PASS","2026-08-16T00:00:00.000Z","j-d6c90e96e75a","","","","NONE","PROVEN","DECISION_PRESENT_ONLY_HISTORICALLY"
"hist_dec_1266","j-a39685e37ef0","PASS","2026-08-16T00:00:00.000Z","j-a39685e37ef0","","","","NONE","PROVEN","DECISION_PRESENT_ONLY_HISTORICALLY"
"hist_dec_1267","j-8f3a8994f90e","CONSIDER","2026-08-16T00:00:00.000Z","j-8f3a8994f90e","","","","NONE","PROVEN","DECISION_PRESENT_ONLY_HISTORICALLY"
"hist_dec_1268","j-e664a7d48e87","PASS","2026-08-16T00:00:00.000Z","j-e664a7d48e87","","","","NONE","PROVEN","DECISION_PRESENT_ONLY_HISTORICALLY"
"hist_dec_1269","j-30c91e2d8ad4","PASS","2026-08-16T00:00:00.000Z","j-30c91e2d8ad4","","","","NONE","PROVEN","DECISION_PRESENT_ONLY_HISTORICALLY"
"hist_dec_1270","j-95d126f83e17","CONSIDER","2026-08-16T00:00:00.000Z","j-95d126f83e17","","","","NONE","PROVEN","DECISION_PRESENT_ONLY_HISTORICALLY"
"hist_dec_1271","j-a60998dd11ac","PASS","2026-08-16T00:00:00.000Z","j-a60998dd11ac","","","","NONE","PROVEN","DECISION_PRESENT_ONLY_HISTORICALLY"
"hist_dec_1272","j-c6370e9b141c","PASS","2026-08-16T00:00:00.000Z","j-c6370e9b141c","","","","NONE","PROVEN","DECISION_PRESENT_ONLY_HISTORICALLY"
"hist_dec_1273","j-781c027a0777","PASS","2026-08-16T00:00:00.000Z","j-781c027a0777","","","","NONE","PROVEN","DECISION_PRESENT_ONLY_HISTORICALLY"
"hist_dec_1274","j-b2de2e9ce962","CONSIDER","2026-08-16T00:00:00.000Z","j-b2de2e9ce962","","","","NONE","PROVEN","DECISION_PRESENT_ONLY_HISTORICALLY"
"hist_dec_1275","j-3366fdc2a803","PASS","2026-08-16T00:00:00.000Z","j-3366fdc2a803","","","","NONE","PROVEN","DECISION_PRESENT_ONLY_HISTORICALLY"
"hist_dec_1276","j-d03ea335a0ec","PASS","2026-08-16T00:00:00.000Z","j-d03ea335a0ec","","","","NONE","PROVEN","DECISION_PRESENT_ONLY_HISTORICALLY"
"hist_dec_1277","j-da2de8a5401c","PASS","2026-08-16T00:00:00.000Z","j-da2de8a5401c","","","","NONE","PROVEN","DECISION_PRESENT_ONLY_HISTORICALLY"
"hist_dec_1278","j-e517449c9bc3","CONSIDER","2026-08-16T00:00:00.000Z","j-e517449c9bc3","","","","NONE","PROVEN","DECISION_PRESENT_ONLY_HISTORICALLY"
"hist_dec_1279","j-810c060a01d3","PASS","2026-08-16T00:00:00.000Z","j-810c060a01d3","","","","NONE","PROVEN","DECISION_PRESENT_ONLY_HISTORICALLY"
"hist_dec_1280","j-23cbfae5e7f2","PURSUE","2026-08-16T00:00:00.000Z","j-23cbfae5e7f2","","","","NONE","PROVEN","DECISION_PRESENT_ONLY_HISTORICALLY"
"hist_dec_1281","j-c6f05ddeaf52","PASS","2026-08-16T00:00:00.000Z","j-c6f05ddeaf52","","","","NONE","PROVEN","DECISION_PRESENT_ONLY_HISTORICALLY"
"hist_dec_1282","j-0a5b3c5f63e7","PASS","2026-08-16T00:00:00.000Z","j-0a5b3c5f63e7","","","","NONE","PROVEN","DECISION_PRESENT_ONLY_HISTORICALLY"
"hist_dec_1283","j-272eb972402e","PASS","2026-08-16T00:00:00.000Z","j-272eb972402e","","","","NONE","PROVEN","DECISION_PRESENT_ONLY_HISTORICALLY"
"hist_dec_1284","j-63144d98a1bd","CONSIDER","2026-08-16T00:00:00.000Z","j-63144d98a1bd","","","","NONE","PROVEN","DECISION_PRESENT_ONLY_HISTORICALLY"
"hist_dec_1285","j-0377407df31a","PURSUE","2026-08-16T00:00:00.000Z","j-0377407df31a","","","","NONE","PROVEN","DECISION_PRESENT_ONLY_HISTORICALLY"
"hist_dec_1286","j-11bc820332fc","PURSUE","2026-08-16T00:00:00.000Z","j-11bc820332fc","","","","NONE","PROVEN","DECISION_PRESENT_ONLY_HISTORICALLY"
"hist_dec_1287","j-21a15c32d6c5","PURSUE","2026-08-16T00:00:00.000Z","j-21a15c32d6c5","","","","NONE","PROVEN","DECISION_PRESENT_ONLY_HISTORICALLY"
"hist_dec_1288","j-fc8d21bb040e","PURSUE","2026-08-16T00:00:00.000Z","j-fc8d21bb040e","","","","NONE","PROVEN","DECISION_PRESENT_ONLY_HISTORICALLY"
"hist_dec_1289","j-237ee8ea2200","PASS","2026-08-16T00:00:00.000Z","j-237ee8ea2200","","","","NONE","PROVEN","DECISION_PRESENT_ONLY_HISTORICALLY"
"hist_dec_1290","j-fa2424c5be66","PURSUE","2026-08-16T00:00:00.000Z","j-fa2424c5be66","","","","NONE","PROVEN","DECISION_PRESENT_ONLY_HISTORICALLY"
"hist_dec_1291","j-d4cd9630564a","PASS","2026-08-16T00:00:00.000Z","j-d4cd9630564a","","","","NONE","PROVEN","DECISION_PRESENT_ONLY_HISTORICALLY"
"hist_dec_1292","j-adfbadaf7fd2","PASS","2026-08-16T00:00:00.000Z","j-adfbadaf7fd2","","","","NONE","PROVEN","DECISION_PRESENT_ONLY_HISTORICALLY"
"hist_dec_1293","j-d2dec04d5d9f","PURSUE","2026-08-16T00:00:00.000Z","j-d2dec04d5d9f","","","","NONE","PROVEN","DECISION_PRESENT_ONLY_HISTORICALLY"
"hist_dec_1294","j-4e91099f22c7","PURSUE","2026-08-16T00:00:00.000Z","j-4e91099f22c7","","","","NONE","PROVEN","DECISION_PRESENT_ONLY_HISTORICALLY"
"hist_dec_1295","j-6bede138b18c","PASS","2026-08-16T00:00:00.000Z","j-6bede138b18c","","","","NONE","PROVEN","DECISION_PRESENT_ONLY_HISTORICALLY"
"hist_dec_1296","j-b40fd2606f8f","PASS","2026-08-16T00:00:00.000Z","j-b40fd2606f8f","","","","NONE","PROVEN","DECISION_PRESENT_ONLY_HISTORICALLY"
"hist_dec_1297","j-fd4f78e6331a","PURSUE","2026-08-16T00:00:00.000Z","j-fd4f78e6331a","","","","NONE","PROVEN","DECISION_PRESENT_ONLY_HISTORICALLY"
"hist_dec_1298","j-d411393d4d52","CONSIDER","2026-08-16T00:00:00.000Z","j-d411393d4d52","","","","NONE","PROVEN","DECISION_PRESENT_ONLY_HISTORICALLY"
"hist_dec_1299","j-5e3802081d27","PASS","2026-08-16T00:00:00.000Z","j-5e3802081d27","","","","NONE","PROVEN","DECISION_PRESENT_ONLY_HISTORICALLY"
"hist_dec_1300","j-429b8980ee4b","PASS","2026-08-16T00:00:00.000Z","j-429b8980ee4b","","","","NONE","PROVEN","DECISION_PRESENT_ONLY_HISTORICALLY"
"hist_dec_1301","j-781d1412b6dc","PASS","2026-08-16T00:00:00.000Z","j-781d1412b6dc","","","","NONE","PROVEN","DECISION_PRESENT_ONLY_HISTORICALLY"
"hist_dec_1302","j-2ce2fb9365b1","PASS","2026-08-16T00:00:00.000Z","j-2ce2fb9365b1","","","","NONE","PROVEN","DECISION_PRESENT_ONLY_HISTORICALLY"
"hist_dec_1303","j-9afb14dcfbd4","PASS","2026-08-16T00:00:00.000Z","j-9afb14dcfbd4","","","","NONE","PROVEN","DECISION_PRESENT_ONLY_HISTORICALLY"
"hist_dec_1304","j-080dc0bca732","PASS","2026-08-16T00:00:00.000Z","j-080dc0bca732","","","","NONE","PROVEN","DECISION_PRESENT_ONLY_HISTORICALLY"
"hist_dec_1305","j-3ef10ba95ddf","PASS","2026-08-16T00:00:00.000Z","j-3ef10ba95ddf","","","","NONE","PROVEN","DECISION_PRESENT_ONLY_HISTORICALLY"
"hist_dec_1306","j-207e7650b632","PASS","2026-08-16T00:00:00.000Z","j-207e7650b632","","","","NONE","PROVEN","DECISION_PRESENT_ONLY_HISTORICALLY"
"hist_dec_1307","j-2c9483e6d7ef","PASS","2026-08-16T00:00:00.000Z","j-2c9483e6d7ef","","","","NONE","PROVEN","DECISION_PRESENT_ONLY_HISTORICALLY"
"hist_dec_1308","j-11ca5cdc194e","PURSUE","2026-08-16T00:00:00.000Z","j-11ca5cdc194e","","","","NONE","PROVEN","DECISION_PRESENT_ONLY_HISTORICALLY"
"hist_dec_1309","j-afe2acf8317c","PASS","2026-08-16T00:00:00.000Z","j-afe2acf8317c","","","","NONE","PROVEN","DECISION_PRESENT_ONLY_HISTORICALLY"
"hist_dec_1310","j-799cc572df78","PASS","2026-08-16T00:00:00.000Z","j-799cc572df78","","","","NONE","PROVEN","DECISION_PRESENT_ONLY_HISTORICALLY"
"hist_dec_1311","j-aa4e1c014d8f","PASS","2026-08-16T00:00:00.000Z","j-aa4e1c014d8f","","","","NONE","PROVEN","DECISION_PRESENT_ONLY_HISTORICALLY"
"hist_dec_1312","j-eb9eefa7e653","PASS","2026-08-16T00:00:00.000Z","j-eb9eefa7e653","","","","NONE","PROVEN","DECISION_PRESENT_ONLY_HISTORICALLY"
"hist_dec_1313","j-10ca58fec564","PASS","2026-08-16T00:00:00.000Z","j-10ca58fec564","","","","NONE","PROVEN","DECISION_PRESENT_ONLY_HISTORICALLY"
"hist_dec_1314","j-a0c1a23c92b3","PASS","2026-08-16T00:00:00.000Z","j-a0c1a23c92b3","","","","NONE","PROVEN","DECISION_PRESENT_ONLY_HISTORICALLY"
"hist_dec_1315","j-ed7f0ec824f4","PASS","2026-08-16T00:00:00.000Z","j-ed7f0ec824f4","","","","NONE","PROVEN","DECISION_PRESENT_ONLY_HISTORICALLY"
"hist_dec_1316","j-6043293f2aad","PASS","2026-08-16T00:00:00.000Z","j-6043293f2aad","","","","NONE","PROVEN","DECISION_PRESENT_ONLY_HISTORICALLY"
"hist_dec_1317","j-9593c9027269","PASS","2026-08-16T00:00:00.000Z","j-9593c9027269","","","","NONE","PROVEN","DECISION_PRESENT_ONLY_HISTORICALLY"
"hist_dec_1318","j-14d7d759feea","PASS","2026-08-16T00:00:00.000Z","j-14d7d759feea","","","","NONE","PROVEN","DECISION_PRESENT_ONLY_HISTORICALLY"
"hist_dec_1319","j-ed381afa973a","PASS","2026-08-16T00:00:00.000Z","j-ed381afa973a","","","","NONE","PROVEN","DECISION_PRESENT_ONLY_HISTORICALLY"
"hist_dec_1320","j-a822220f03ea","PASS","2026-08-16T00:00:00.000Z","j-a822220f03ea","","","","NONE","PROVEN","DECISION_PRESENT_ONLY_HISTORICALLY"
"hist_dec_1321","j-8c9fd0b89d9e","PASS","2026-08-16T00:00:00.000Z","j-8c9fd0b89d9e","","","","NONE","PROVEN","DECISION_PRESENT_ONLY_HISTORICALLY"
"hist_dec_1322","j-aa0cc19d45e4","PASS","2026-08-16T00:00:00.000Z","j-aa0cc19d45e4","","","","NONE","PROVEN","DECISION_PRESENT_ONLY_HISTORICALLY"
"hist_dec_1323","j-ffc0646bc120","PASS","2026-08-16T00:00:00.000Z","j-ffc0646bc120","","","","NONE","PROVEN","DECISION_PRESENT_ONLY_HISTORICALLY"
"hist_dec_1324","j-f88810ce24dc","PASS","2026-08-16T00:00:00.000Z","j-f88810ce24dc","","","","NONE","PROVEN","DECISION_PRESENT_ONLY_HISTORICALLY"
"hist_dec_1325","j-a69eab4b1eae","PASS","2026-08-16T00:00:00.000Z","j-a69eab4b1eae","","","","NONE","PROVEN","DECISION_PRESENT_ONLY_HISTORICALLY"
"hist_dec_1326","j-3b694c535b5c","CONSIDER","2026-08-16T00:00:00.000Z","j-3b694c535b5c","","","","NONE","PROVEN","DECISION_PRESENT_ONLY_HISTORICALLY"
"hist_dec_1327","j-53d581a51355","CONSIDER","2026-08-16T00:00:00.000Z","j-53d581a51355","","","","NONE","PROVEN","DECISION_PRESENT_ONLY_HISTORICALLY"
"hist_dec_1328","j-827a345792d5","PASS","2026-08-16T00:00:00.000Z","j-827a345792d5","","","","NONE","PROVEN","DECISION_PRESENT_ONLY_HISTORICALLY"
"hist_dec_1329","j-068d61228657","PASS","2026-08-16T00:00:00.000Z","j-068d61228657","","","","NONE","PROVEN","DECISION_PRESENT_ONLY_HISTORICALLY"
"hist_dec_1330","j-6b9d35203f98","PASS","2026-08-16T00:00:00.000Z","j-6b9d35203f98","","","","NONE","PROVEN","DECISION_PRESENT_ONLY_HISTORICALLY"
"hist_dec_1331","j-f1f4ed9a422d","CONSIDER","2026-08-16T00:00:00.000Z","j-f1f4ed9a422d","","","","NONE","PROVEN","DECISION_PRESENT_ONLY_HISTORICALLY"
"hist_dec_1332","j-5c13f8a6e5c1","PURSUE","2026-08-16T00:00:00.000Z","j-5c13f8a6e5c1","","","","NONE","PROVEN","DECISION_PRESENT_ONLY_HISTORICALLY"
"hist_dec_1333","j-410bd4cc2e6d","PASS","2026-08-16T00:00:00.000Z","j-410bd4cc2e6d","","","","NONE","PROVEN","DECISION_PRESENT_ONLY_HISTORICALLY"
"hist_dec_1334","j-d7be7e836185","CONSIDER","2026-08-16T00:00:00.000Z","j-d7be7e836185","","","","NONE","PROVEN","DECISION_PRESENT_ONLY_HISTORICALLY"
"hist_dec_1335","j-3e2e379fa54f","CONSIDER","2026-08-16T00:00:00.000Z","j-3e2e379fa54f","","","","NONE","PROVEN","DECISION_PRESENT_ONLY_HISTORICALLY"
"hist_dec_1336","j-f6ac34cce49c","PASS","2026-08-16T00:00:00.000Z","j-f6ac34cce49c","","","","NONE","PROVEN","DECISION_PRESENT_ONLY_HISTORICALLY"
"hist_dec_1337","j-b05f1e2c68ec","CONSIDER","2026-08-16T00:00:00.000Z","j-b05f1e2c68ec","","","","NONE","PROVEN","DECISION_PRESENT_ONLY_HISTORICALLY"
"hist_dec_1338","j-c7d7b2a1feab","PASS","2026-08-16T00:00:00.000Z","j-c7d7b2a1feab","","","","NONE","PROVEN","DECISION_PRESENT_ONLY_HISTORICALLY"
"hist_dec_1339","j-2d1c858dfc9a","PASS","2026-08-16T00:00:00.000Z","j-2d1c858dfc9a","","","","NONE","PROVEN","DECISION_PRESENT_ONLY_HISTORICALLY"
"hist_dec_1340","j-afef0ea55599","PURSUE","2026-08-16T00:00:00.000Z","j-afef0ea55599","","","","NONE","PROVEN","DECISION_PRESENT_ONLY_HISTORICALLY"
"hist_dec_1341","j-8650220f71a1","PASS","2026-08-16T00:00:00.000Z","j-8650220f71a1","","","","NONE","PROVEN","DECISION_PRESENT_ONLY_HISTORICALLY"
"hist_dec_1342","j-de93fa301a29","PASS","2026-08-16T00:00:00.000Z","j-de93fa301a29","","","","NONE","PROVEN","DECISION_PRESENT_ONLY_HISTORICALLY"
"hist_dec_1343","j-1983733b7db9","PURSUE","2026-08-16T00:00:00.000Z","j-1983733b7db9","","","","NONE","PROVEN","DECISION_PRESENT_ONLY_HISTORICALLY"
"hist_dec_1344","j-3e6259d2f873","PASS","2026-08-16T00:00:00.000Z","j-3e6259d2f873","","","","NONE","PROVEN","DECISION_PRESENT_ONLY_HISTORICALLY"
"hist_dec_1345","j-43d448cc8739","PASS","2026-08-16T00:00:00.000Z","j-43d448cc8739","","","","NONE","PROVEN","DECISION_PRESENT_ONLY_HISTORICALLY"
"hist_dec_1346","j-b4285e05e039","PASS","2026-08-16T00:00:00.000Z","j-b4285e05e039","","","","NONE","PROVEN","DECISION_PRESENT_ONLY_HISTORICALLY"
"hist_dec_1347","j-c2ffeeeaf0fb","CONSIDER","2026-08-16T00:00:00.000Z","j-c2ffeeeaf0fb","","","","NONE","PROVEN","DECISION_PRESENT_ONLY_HISTORICALLY"
"hist_dec_1348","j-efea53abf585","PASS","2026-08-16T00:00:00.000Z","j-efea53abf585","","","","NONE","PROVEN","DECISION_PRESENT_ONLY_HISTORICALLY"
"hist_dec_1349","j-449dcba62c36","PURSUE","2026-08-16T00:00:00.000Z","j-449dcba62c36","","","","NONE","PROVEN","DECISION_PRESENT_ONLY_HISTORICALLY"
"hist_dec_1350","j-7848e2797360","PASS","2026-08-16T00:00:00.000Z","j-7848e2797360","","","","NONE","PROVEN","DECISION_PRESENT_ONLY_HISTORICALLY"
"hist_dec_1351","j-406eba2ed6c5","PASS","2026-08-16T00:00:00.000Z","j-406eba2ed6c5","","","","NONE","PROVEN","DECISION_PRESENT_ONLY_HISTORICALLY"
"hist_dec_1352","j-77232bb40e70","PASS","2026-08-16T00:00:00.000Z","j-77232bb40e70","","","","NONE","PROVEN","DECISION_PRESENT_ONLY_HISTORICALLY"
"hist_dec_1353","j-e18c5d8c2ee5","PURSUE","2026-08-16T00:00:00.000Z","j-e18c5d8c2ee5","","","","NONE","PROVEN","DECISION_PRESENT_ONLY_HISTORICALLY"
"hist_dec_1354","j-191c7514c359","CONSIDER","2026-08-16T00:00:00.000Z","j-191c7514c359","","","","NONE","PROVEN","DECISION_PRESENT_ONLY_HISTORICALLY"
"hist_dec_1355","j-d91ce609a4ad","PURSUE","2026-08-16T00:00:00.000Z","j-d91ce609a4ad","","","","NONE","PROVEN","DECISION_PRESENT_ONLY_HISTORICALLY"
"hist_dec_1356","j-da3158bc39cd","PASS","2026-08-16T00:00:00.000Z","j-da3158bc39cd","","","","NONE","PROVEN","DECISION_PRESENT_ONLY_HISTORICALLY"
"hist_dec_1357","j-62e44b0b4a66","PASS","2026-08-16T00:00:00.000Z","j-62e44b0b4a66","","","","NONE","PROVEN","DECISION_PRESENT_ONLY_HISTORICALLY"
"hist_dec_1358","j-37e660a6fd56","PURSUE","2026-08-16T00:00:00.000Z","j-37e660a6fd56","","","","NONE","PROVEN","DECISION_PRESENT_ONLY_HISTORICALLY"
"hist_dec_1359","j-8d9d0170031f","CONSIDER","2026-08-16T00:00:00.000Z","j-8d9d0170031f","","","","NONE","PROVEN","DECISION_PRESENT_ONLY_HISTORICALLY"
"hist_dec_1360","j-e19484db0281","PASS","2026-08-16T00:00:00.000Z","j-e19484db0281","","","","NONE","PROVEN","DECISION_PRESENT_ONLY_HISTORICALLY"
"hist_dec_1361","j-2bf39d18779f","PURSUE","2026-08-16T00:00:00.000Z","j-2bf39d18779f","","","","NONE","PROVEN","DECISION_PRESENT_ONLY_HISTORICALLY"
"hist_dec_1362","j-06c0c275e3cf","PASS","2026-08-16T00:00:00.000Z","j-06c0c275e3cf","","","","NONE","PROVEN","DECISION_PRESENT_ONLY_HISTORICALLY"
"hist_dec_1363","j-768c7e90e001","PASS","2026-08-16T00:00:00.000Z","j-768c7e90e001","","","","NONE","PROVEN","DECISION_PRESENT_ONLY_HISTORICALLY"
"hist_dec_1364","j-97c6ec882b68","PASS","2026-08-16T00:00:00.000Z","j-97c6ec882b68","","","","NONE","PROVEN","DECISION_PRESENT_ONLY_HISTORICALLY"
"hist_dec_1365","j-a55b68ce238b","PASS","2026-08-16T00:00:00.000Z","j-a55b68ce238b","","","","NONE","PROVEN","DECISION_PRESENT_ONLY_HISTORICALLY"
"hist_dec_1366","j-86c6c6b37e46","PASS","2026-08-16T00:00:00.000Z","j-86c6c6b37e46","","","","NONE","PROVEN","DECISION_PRESENT_ONLY_HISTORICALLY"
"hist_dec_1367","j-272c05113969","PASS","2026-08-16T00:00:00.000Z","j-272c05113969","","","","NONE","PROVEN","DECISION_PRESENT_ONLY_HISTORICALLY"
"hist_dec_1368","j-94c1afca4039","PASS","2026-08-16T00:00:00.000Z","j-94c1afca4039","","","","NONE","PROVEN","DECISION_PRESENT_ONLY_HISTORICALLY"
"hist_dec_1369","j-8476766ba59c","PASS","2026-08-16T00:00:00.000Z","j-8476766ba59c","","","","NONE","PROVEN","DECISION_PRESENT_ONLY_HISTORICALLY"
"hist_dec_1370","j-d61d9f726e65","PASS","2026-08-16T00:00:00.000Z","j-d61d9f726e65","","","","NONE","PROVEN","DECISION_PRESENT_ONLY_HISTORICALLY"
"hist_dec_1371","j-50c0e7111ce1","PASS","2026-08-16T00:00:00.000Z","j-50c0e7111ce1","","","","NONE","PROVEN","DECISION_PRESENT_ONLY_HISTORICALLY"
"hist_dec_1372","j-eb0479c667fe","PURSUE","2026-08-16T00:00:00.000Z","j-eb0479c667fe","","","","NONE","PROVEN","DECISION_PRESENT_ONLY_HISTORICALLY"
"hist_dec_1373","j-473cb7df1ed8","PASS","2026-08-16T00:00:00.000Z","j-473cb7df1ed8","","","","NONE","PROVEN","DECISION_PRESENT_ONLY_HISTORICALLY"
"hist_dec_1374","j-b5e4c9e8c4fb","PASS","2026-08-16T00:00:00.000Z","j-b5e4c9e8c4fb","","","","NONE","PROVEN","DECISION_PRESENT_ONLY_HISTORICALLY"
"hist_dec_1375","j-f284af4b956f","CONSIDER","2026-08-16T00:00:00.000Z","j-f284af4b956f","","","","NONE","PROVEN","DECISION_PRESENT_ONLY_HISTORICALLY"
"hist_dec_1376","j-9a7bdc16b795","PASS","2026-08-16T00:00:00.000Z","j-9a7bdc16b795","","","","NONE","PROVEN","DECISION_PRESENT_ONLY_HISTORICALLY"
"hist_dec_1377","j-a623f0ffd6cc","PURSUE","2026-08-16T00:00:00.000Z","j-a623f0ffd6cc","","","","NONE","PROVEN","DECISION_PRESENT_ONLY_HISTORICALLY"
"hist_dec_1378","j-bb4974388c1f","PURSUE","2026-08-16T00:00:00.000Z","j-bb4974388c1f","","","","NONE","PROVEN","DECISION_PRESENT_ONLY_HISTORICALLY"
"hist_dec_1379","j-5fc41326db5e","PURSUE","2026-08-16T00:00:00.000Z","j-5fc41326db5e","","","","NONE","PROVEN","DECISION_PRESENT_ONLY_HISTORICALLY"
"hist_dec_1380","j-e3c441ff3ccd","PASS","2026-08-16T00:00:00.000Z","j-e3c441ff3ccd","","","","NONE","PROVEN","DECISION_PRESENT_ONLY_HISTORICALLY"
"hist_dec_1381","j-20437139a34e","PASS","2026-08-16T00:00:00.000Z","j-20437139a34e","","","","NONE","PROVEN","DECISION_PRESENT_ONLY_HISTORICALLY"
"hist_dec_1382","j-9fe1bb8bf7dc","PASS","2026-08-16T00:00:00.000Z","j-9fe1bb8bf7dc","","","","NONE","PROVEN","DECISION_PRESENT_ONLY_HISTORICALLY"
"hist_dec_1383","j-7c4e9b1260a2","PASS","2026-08-16T00:00:00.000Z","j-7c4e9b1260a2","","","","NONE","PROVEN","DECISION_PRESENT_ONLY_HISTORICALLY"
"hist_dec_1384","j-e63a61da4aa4","PASS","2026-08-16T00:00:00.000Z","j-e63a61da4aa4","","","","NONE","PROVEN","DECISION_PRESENT_ONLY_HISTORICALLY"
"hist_dec_1385","j-ec37e06910ef","PASS","2026-08-16T00:00:00.000Z","j-ec37e06910ef","","","","NONE","PROVEN","DECISION_PRESENT_ONLY_HISTORICALLY"
"hist_dec_1386","j-38239011e477","PASS","2026-08-16T00:00:00.000Z","j-38239011e477","","","","NONE","PROVEN","DECISION_PRESENT_ONLY_HISTORICALLY"
"hist_dec_1387","j-c36f161c22d7","PASS","2026-08-16T00:00:00.000Z","j-c36f161c22d7","","","","NONE","PROVEN","DECISION_PRESENT_ONLY_HISTORICALLY"
"hist_dec_1388","j-7bf97f54c0d8","PASS","2026-08-16T00:00:00.000Z","j-7bf97f54c0d8","","","","NONE","PROVEN","DECISION_PRESENT_ONLY_HISTORICALLY"
"hist_dec_1389","j-394bfddbeeb9","PASS","2026-08-16T00:00:00.000Z","j-394bfddbeeb9","","","","NONE","PROVEN","DECISION_PRESENT_ONLY_HISTORICALLY"
"hist_dec_1390","j-bea10af6972f","PURSUE","2026-08-16T00:00:00.000Z","j-bea10af6972f","","","","NONE","PROVEN","DECISION_PRESENT_ONLY_HISTORICALLY"
"hist_dec_1391","j-1c3f3495994a","PASS","2026-08-16T00:00:00.000Z","j-1c3f3495994a","","","","NONE","PROVEN","DECISION_PRESENT_ONLY_HISTORICALLY"
"hist_dec_1392","j-22b86a7804ae","CONSIDER","2026-08-16T00:00:00.000Z","j-22b86a7804ae","","","","NONE","PROVEN","DECISION_PRESENT_ONLY_HISTORICALLY"
"hist_dec_1393","j-17bb46858d47","PASS","2026-08-16T00:00:00.000Z","j-17bb46858d47","","","","NONE","PROVEN","DECISION_PRESENT_ONLY_HISTORICALLY"
"hist_dec_1394","j-2c322c5c6569","PASS","2026-08-16T00:00:00.000Z","j-2c322c5c6569","","","","NONE","PROVEN","DECISION_PRESENT_ONLY_HISTORICALLY"
"hist_dec_1395","j-2c1cd7bb4a88","PASS","2026-08-16T00:00:00.000Z","j-2c1cd7bb4a88","","","","NONE","PROVEN","DECISION_PRESENT_ONLY_HISTORICALLY"
"hist_dec_1396","j-bce40935cfcc","PURSUE","2026-08-16T00:00:00.000Z","j-bce40935cfcc","","","","NONE","PROVEN","DECISION_PRESENT_ONLY_HISTORICALLY"
"hist_dec_1397","j-36f04c6b6f5e","PASS","2026-08-16T00:00:00.000Z","j-36f04c6b6f5e","","","","NONE","PROVEN","DECISION_PRESENT_ONLY_HISTORICALLY"
"hist_dec_1398","j-f742fee0936a","CONSIDER","2026-08-16T00:00:00.000Z","j-f742fee0936a","","","","NONE","PROVEN","DECISION_PRESENT_ONLY_HISTORICALLY"
"hist_dec_1399","j-bdfa27f2377b","PASS","2026-08-16T00:00:00.000Z","j-bdfa27f2377b","","","","NONE","PROVEN","DECISION_PRESENT_ONLY_HISTORICALLY"
"hist_dec_1400","j-38c7b85c4828","PURSUE","2026-08-16T00:00:00.000Z","j-38c7b85c4828","","","","NONE","PROVEN","DECISION_PRESENT_ONLY_HISTORICALLY"
"hist_dec_1401","j-6b5089f9c223","PASS","2026-08-16T00:00:00.000Z","j-6b5089f9c223","","","","NONE","PROVEN","DECISION_PRESENT_ONLY_HISTORICALLY"
"hist_dec_1402","j-c7f3231cb3ab","PASS","2026-08-16T00:00:00.000Z","j-c7f3231cb3ab","","","","NONE","PROVEN","DECISION_PRESENT_ONLY_HISTORICALLY"
"hist_dec_1403","j-8369bddc7c0b","PASS","2026-08-16T00:00:00.000Z","j-8369bddc7c0b","","","","NONE","PROVEN","DECISION_PRESENT_ONLY_HISTORICALLY"
"hist_dec_1404","j-96654c0485db","PASS","2026-08-16T00:00:00.000Z","j-96654c0485db","","","","NONE","PROVEN","DECISION_PRESENT_ONLY_HISTORICALLY"
"hist_dec_1405","j-32c12bd82db1","CONSIDER","2026-08-16T00:00:00.000Z","j-32c12bd82db1","","","","NONE","PROVEN","DECISION_PRESENT_ONLY_HISTORICALLY"
"hist_dec_1406","j-86ef3d45e346","CONSIDER","2026-08-16T00:00:00.000Z","j-86ef3d45e346","","","","NONE","PROVEN","DECISION_PRESENT_ONLY_HISTORICALLY"
"hist_dec_1407","j-d0ebfdbe3e5d","PASS","2026-08-16T00:00:00.000Z","j-d0ebfdbe3e5d","","","","NONE","PROVEN","DECISION_PRESENT_ONLY_HISTORICALLY"
"hist_dec_1408","j-3f61ea767fcf","PASS","2026-08-16T00:00:00.000Z","j-3f61ea767fcf","","","","NONE","PROVEN","DECISION_PRESENT_ONLY_HISTORICALLY"
"hist_dec_1409","j-842a72d03789","PASS","2026-08-16T00:00:00.000Z","j-842a72d03789","","","","NONE","PROVEN","DECISION_PRESENT_ONLY_HISTORICALLY"
"hist_dec_1410","j-7fa1b328f668","PASS","2026-08-16T00:00:00.000Z","j-7fa1b328f668","","","","NONE","PROVEN","DECISION_PRESENT_ONLY_HISTORICALLY"
"hist_dec_1411","j-1b4e5f95ca56","PASS","2026-08-16T00:00:00.000Z","j-1b4e5f95ca56","","","","NONE","PROVEN","DECISION_PRESENT_ONLY_HISTORICALLY"
"hist_dec_1412","j-8b23a6697074","PASS","2026-08-16T00:00:00.000Z","j-8b23a6697074","","","","NONE","PROVEN","DECISION_PRESENT_ONLY_HISTORICALLY"
"hist_dec_1413","j-424fe126075a","CONSIDER","2026-08-16T00:00:00.000Z","j-424fe126075a","","","","NONE","PROVEN","DECISION_PRESENT_ONLY_HISTORICALLY"
"hist_dec_1414","j-592590872330","PURSUE","2026-08-16T00:00:00.000Z","j-592590872330","","","","NONE","PROVEN","DECISION_PRESENT_ONLY_HISTORICALLY"
"hist_dec_1415","j-913321c91053","PASS","2026-08-16T00:00:00.000Z","j-913321c91053","","","","NONE","PROVEN","DECISION_PRESENT_ONLY_HISTORICALLY"
"hist_dec_1416","j-83e7128611b4","PURSUE","2026-08-16T00:00:00.000Z","j-83e7128611b4","","","","NONE","PROVEN","DECISION_PRESENT_ONLY_HISTORICALLY"
"hist_dec_1417","j-0356c8ae31da","PURSUE","2026-08-16T00:00:00.000Z","j-0356c8ae31da","","","","NONE","PROVEN","DECISION_PRESENT_ONLY_HISTORICALLY"
"hist_dec_1418","j-2c676a4fa16e","CONSIDER","2026-08-16T00:00:00.000Z","j-2c676a4fa16e","","","","NONE","PROVEN","DECISION_PRESENT_ONLY_HISTORICALLY"
"hist_dec_1419","j-2cdb35d9241b","CONSIDER","2026-08-16T00:00:00.000Z","j-2cdb35d9241b","","","","NONE","PROVEN","DECISION_PRESENT_ONLY_HISTORICALLY"
"hist_dec_1420","j-d9f566dd6ff9","PASS","2026-08-16T00:00:00.000Z","j-d9f566dd6ff9","","","","NONE","PROVEN","DECISION_PRESENT_ONLY_HISTORICALLY"
"hist_dec_1421","j-d81df340b558","PASS","2026-08-16T00:00:00.000Z","j-d81df340b558","","","","NONE","PROVEN","DECISION_PRESENT_ONLY_HISTORICALLY"
"hist_dec_1422","j-79a327ec47ec","PASS","2026-08-16T00:00:00.000Z","j-79a327ec47ec","","","","NONE","PROVEN","DECISION_PRESENT_ONLY_HISTORICALLY"
"hist_dec_1423","j-067a81344442","PASS","2026-08-16T00:00:00.000Z","j-067a81344442","","","","NONE","PROVEN","DECISION_PRESENT_ONLY_HISTORICALLY"
"hist_dec_1424","j-76a41fab0f6d","PURSUE","2026-08-16T00:00:00.000Z","j-76a41fab0f6d","","","","NONE","PROVEN","DECISION_PRESENT_ONLY_HISTORICALLY"
"hist_dec_1425","j-42375e93589f","PASS","2026-08-16T00:00:00.000Z","j-42375e93589f","","","","NONE","PROVEN","DECISION_PRESENT_ONLY_HISTORICALLY"
"hist_dec_1426","j-3a46f1cd2999","CONSIDER","2026-08-16T00:00:00.000Z","j-3a46f1cd2999","","","","NONE","PROVEN","DECISION_PRESENT_ONLY_HISTORICALLY"
"hist_dec_1427","j-a604b35a745d","PURSUE","2026-08-16T00:00:00.000Z","j-a604b35a745d","","","","NONE","PROVEN","DECISION_PRESENT_ONLY_HISTORICALLY"
"hist_dec_1428","j-0fe3b5929440","PASS","2026-08-16T00:00:00.000Z","j-0fe3b5929440","","","","NONE","PROVEN","DECISION_PRESENT_ONLY_HISTORICALLY"
"hist_dec_1429","j-676b92947c92","CONSIDER","2026-08-16T00:00:00.000Z","j-676b92947c92","","","","NONE","PROVEN","DECISION_PRESENT_ONLY_HISTORICALLY"
"hist_dec_1430","j-805479c89ba4","PASS","2026-08-16T00:00:00.000Z","j-805479c89ba4","","","","NONE","PROVEN","DECISION_PRESENT_ONLY_HISTORICALLY"
"hist_dec_1431","j-6a42eb6be087","CONSIDER","2026-08-16T00:00:00.000Z","j-6a42eb6be087","","","","NONE","PROVEN","DECISION_PRESENT_ONLY_HISTORICALLY"
"hist_dec_1432","j-cfe06ef3e6bf","PASS","2026-08-16T00:00:00.000Z","j-cfe06ef3e6bf","","","","NONE","PROVEN","DECISION_PRESENT_ONLY_HISTORICALLY"
"hist_dec_1433","j-7c995617f797","PURSUE","2026-08-16T00:00:00.000Z","j-7c995617f797","","","","NONE","PROVEN","DECISION_PRESENT_ONLY_HISTORICALLY"
"hist_dec_1434","j-ce3e9fdb250b","PASS","2026-08-16T00:00:00.000Z","j-ce3e9fdb250b","","","","NONE","PROVEN","DECISION_PRESENT_ONLY_HISTORICALLY"
"hist_dec_1435","j-65af83d37cca","PASS","2026-08-16T00:00:00.000Z","j-65af83d37cca","","","","NONE","PROVEN","DECISION_PRESENT_ONLY_HISTORICALLY"
"hist_dec_1436","j-5cd3479dae66","PASS","2026-08-16T00:00:00.000Z","j-5cd3479dae66","","","","NONE","PROVEN","DECISION_PRESENT_ONLY_HISTORICALLY"
"hist_dec_1437","j-85b6fafcf168","PURSUE","2026-08-16T00:00:00.000Z","j-85b6fafcf168","","","","NONE","PROVEN","DECISION_PRESENT_ONLY_HISTORICALLY"
"hist_dec_1438","j-dc86b376a26a","PURSUE","2026-08-16T00:00:00.000Z","j-dc86b376a26a","","","","NONE","PROVEN","DECISION_PRESENT_ONLY_HISTORICALLY"
"hist_dec_1439","j-a867f0d61267","CONSIDER","2026-08-16T00:00:00.000Z","j-a867f0d61267","","","","NONE","PROVEN","DECISION_PRESENT_ONLY_HISTORICALLY"
"hist_dec_1440","j-6d6398bda63b","PURSUE","2026-08-16T00:00:00.000Z","j-6d6398bda63b","","","","NONE","PROVEN","DECISION_PRESENT_ONLY_HISTORICALLY"
"hist_dec_1441","j-fb05633e8088","PASS","2026-08-16T00:00:00.000Z","j-fb05633e8088","","","","NONE","PROVEN","DECISION_PRESENT_ONLY_HISTORICALLY"
"hist_dec_1442","j-badeed3114c7","PURSUE","2026-08-16T00:00:00.000Z","j-badeed3114c7","","","","NONE","PROVEN","DECISION_PRESENT_ONLY_HISTORICALLY"
"hist_dec_1443","j-896282cf6870","PASS","2026-08-16T00:00:00.000Z","j-896282cf6870","","","","NONE","PROVEN","DECISION_PRESENT_ONLY_HISTORICALLY"
"hist_dec_1444","j-7dfcf427c855","CONSIDER","2026-08-16T00:00:00.000Z","j-7dfcf427c855","","","","NONE","PROVEN","DECISION_PRESENT_ONLY_HISTORICALLY"
"hist_dec_1445","j-60af52b64441","PURSUE","2026-08-16T00:00:00.000Z","j-60af52b64441","","","","NONE","PROVEN","DECISION_PRESENT_ONLY_HISTORICALLY"
"hist_dec_1446","j-47f861436b98","PURSUE","2026-08-16T00:00:00.000Z","j-47f861436b98","","","","NONE","PROVEN","DECISION_PRESENT_ONLY_HISTORICALLY"
"hist_dec_1447","j-ba432f1059ef","PASS","2026-08-16T00:00:00.000Z","j-ba432f1059ef","","","","NONE","PROVEN","DECISION_PRESENT_ONLY_HISTORICALLY"
"hist_dec_1448","j-98fbb76207ce","PASS","2026-08-16T00:00:00.000Z","j-98fbb76207ce","","","","NONE","PROVEN","DECISION_PRESENT_ONLY_HISTORICALLY"
"hist_dec_1449","j-c7cd080d0f46","PURSUE","2026-08-16T00:00:00.000Z","j-c7cd080d0f46","","","","NONE","PROVEN","DECISION_PRESENT_ONLY_HISTORICALLY"
"hist_dec_1450","j-001df2413dad","CONSIDER","2026-08-16T00:00:00.000Z","j-001df2413dad","","","","NONE","PROVEN","DECISION_PRESENT_ONLY_HISTORICALLY"
"hist_dec_1451","j-749f2dacb417","PURSUE","2026-08-16T00:00:00.000Z","j-749f2dacb417","","","","NONE","PROVEN","DECISION_PRESENT_ONLY_HISTORICALLY"
"hist_dec_1452","j-9aed3428bdd1","PURSUE","2026-08-16T00:00:00.000Z","j-9aed3428bdd1","","","","NONE","PROVEN","DECISION_PRESENT_ONLY_HISTORICALLY"
"hist_dec_1453","j-9ca7e81e14d6","CONSIDER","2026-08-16T00:00:00.000Z","j-9ca7e81e14d6","","","","NONE","PROVEN","DECISION_PRESENT_ONLY_HISTORICALLY"
"hist_dec_1454","j-3b0b2e96cf07","PASS","2026-08-16T00:00:00.000Z","j-3b0b2e96cf07","","","","NONE","PROVEN","DECISION_PRESENT_ONLY_HISTORICALLY"
"hist_dec_1455","j-e409ae825f1b","PASS","2026-08-16T00:00:00.000Z","j-e409ae825f1b","","","","NONE","PROVEN","DECISION_PRESENT_ONLY_HISTORICALLY"
"hist_dec_1456","j-9274012f68cc","CONSIDER","2026-08-16T00:00:00.000Z","j-9274012f68cc","","","","NONE","PROVEN","DECISION_PRESENT_ONLY_HISTORICALLY"
"hist_dec_1457","j-d737571f54b4","CONSIDER","2026-08-16T00:00:00.000Z","j-d737571f54b4","","","","NONE","PROVEN","DECISION_PRESENT_ONLY_HISTORICALLY"
"hist_dec_1458","j-c57794d103a1","PURSUE","2026-08-16T00:00:00.000Z","j-c57794d103a1","","","","NONE","PROVEN","DECISION_PRESENT_ONLY_HISTORICALLY"
"hist_dec_1459","j-ff19a42b7a83","PASS","2026-08-16T00:00:00.000Z","j-ff19a42b7a83","","","","NONE","PROVEN","DECISION_PRESENT_ONLY_HISTORICALLY"
"hist_dec_1460","j-0194ad7ab00c","PURSUE","2026-08-16T00:00:00.000Z","j-0194ad7ab00c","","","","NONE","PROVEN","DECISION_PRESENT_ONLY_HISTORICALLY"
"hist_dec_1461","j-b34f92833e13","PASS","2026-08-16T00:00:00.000Z","j-b34f92833e13","","","","NONE","PROVEN","DECISION_PRESENT_ONLY_HISTORICALLY"
"hist_dec_1462","j-d30ddec142ba","PASS","2026-08-16T00:00:00.000Z","j-d30ddec142ba","","","","NONE","PROVEN","DECISION_PRESENT_ONLY_HISTORICALLY"
"hist_dec_1463","j-95b9c6a93e33","PURSUE","2026-08-16T00:00:00.000Z","j-95b9c6a93e33","","","","NONE","PROVEN","DECISION_PRESENT_ONLY_HISTORICALLY"
"hist_dec_1464","j-a97cde7e8910","PURSUE","2026-08-16T00:00:00.000Z","j-a97cde7e8910","","","","NONE","PROVEN","DECISION_PRESENT_ONLY_HISTORICALLY"
"hist_dec_1465","j-2f6892e97891","PASS","2026-08-16T00:00:00.000Z","j-2f6892e97891","","","","NONE","PROVEN","DECISION_PRESENT_ONLY_HISTORICALLY"
"hist_dec_1466","j-c70d21b5a192","PASS","2026-08-16T00:00:00.000Z","j-c70d21b5a192","","","","NONE","PROVEN","DECISION_PRESENT_ONLY_HISTORICALLY"
"hist_dec_1467","j-e1fc177fe712","PASS","2026-08-16T00:00:00.000Z","j-e1fc177fe712","","","","NONE","PROVEN","DECISION_PRESENT_ONLY_HISTORICALLY"
"hist_dec_1468","j-9776b0769a6a","PASS","2026-08-16T00:00:00.000Z","j-9776b0769a6a","","","","NONE","PROVEN","DECISION_PRESENT_ONLY_HISTORICALLY"
"hist_dec_1469","j-a33c240fd23e","PURSUE","2026-08-16T00:00:00.000Z","j-a33c240fd23e","","","","NONE","PROVEN","DECISION_PRESENT_ONLY_HISTORICALLY"
"hist_dec_1470","j-0f6fb5c20f2d","PASS","2026-08-16T00:00:00.000Z","j-0f6fb5c20f2d","","","","NONE","PROVEN","DECISION_PRESENT_ONLY_HISTORICALLY"
"hist_dec_1471","j-95319ea74782","PASS","2026-08-16T00:00:00.000Z","j-95319ea74782","","","","NONE","PROVEN","DECISION_PRESENT_ONLY_HISTORICALLY"
"hist_dec_1472","j-c7852789d133","PURSUE","2026-08-16T00:00:00.000Z","j-c7852789d133","","","","NONE","PROVEN","DECISION_PRESENT_ONLY_HISTORICALLY"
"hist_dec_1473","j-66bde0f13e14","PASS","2026-08-16T00:00:00.000Z","j-66bde0f13e14","","","","NONE","PROVEN","DECISION_PRESENT_ONLY_HISTORICALLY"
"hist_dec_1474","j-158c61cfb3f2","PASS","2026-08-16T00:00:00.000Z","j-158c61cfb3f2","","","","NONE","PROVEN","DECISION_PRESENT_ONLY_HISTORICALLY"
"hist_dec_1475","j-3c4a5a2bfd30","PURSUE","2026-08-16T00:00:00.000Z","j-3c4a5a2bfd30","","","","NONE","PROVEN","DECISION_PRESENT_ONLY_HISTORICALLY"
"hist_dec_1476","j-9dc0385a374e","PURSUE","2026-08-16T00:00:00.000Z","j-9dc0385a374e","","","","NONE","PROVEN","DECISION_PRESENT_ONLY_HISTORICALLY"
"hist_dec_1477","j-d86b8fbd0653","PASS","2026-08-16T00:00:00.000Z","j-d86b8fbd0653","","","","NONE","PROVEN","DECISION_PRESENT_ONLY_HISTORICALLY"
"hist_dec_1478","j-7bcc0767105d","PURSUE","2026-08-16T00:00:00.000Z","j-7bcc0767105d","","","","NONE","PROVEN","DECISION_PRESENT_ONLY_HISTORICALLY"
"hist_dec_1479","j-52a80dfc4032","PURSUE","2026-08-16T00:00:00.000Z","j-52a80dfc4032","","","","NONE","PROVEN","DECISION_PRESENT_ONLY_HISTORICALLY"
"hist_dec_1480","j-605f25a06ac3","PASS","2026-08-16T00:00:00.000Z","j-605f25a06ac3","","","","NONE","PROVEN","DECISION_PRESENT_ONLY_HISTORICALLY"
"hist_dec_1481","j-16199fe29def","PURSUE","2026-08-16T00:00:00.000Z","j-16199fe29def","","","","NONE","PROVEN","DECISION_PRESENT_ONLY_HISTORICALLY"
"hist_dec_1482","j-1b960389a135","PASS","2026-08-16T00:00:00.000Z","j-1b960389a135","","","","NONE","PROVEN","DECISION_PRESENT_ONLY_HISTORICALLY"
"hist_dec_1483","j-823dfdee7005","PASS","2026-08-16T00:00:00.000Z","j-823dfdee7005","","","","NONE","PROVEN","DECISION_PRESENT_ONLY_HISTORICALLY"
"hist_dec_1484","j-e5b822ee2200","PASS","2026-08-16T00:00:00.000Z","j-e5b822ee2200","","","","NONE","PROVEN","DECISION_PRESENT_ONLY_HISTORICALLY"
"hist_dec_1485","j-bc34aadd43f4","PASS","2026-08-16T00:00:00.000Z","j-bc34aadd43f4","","","","NONE","PROVEN","DECISION_PRESENT_ONLY_HISTORICALLY"
"hist_dec_1486","j-08d083736eda","PASS","2026-08-16T00:00:00.000Z","j-08d083736eda","","","","NONE","PROVEN","DECISION_PRESENT_ONLY_HISTORICALLY"
"hist_dec_1487","j-88e701d9b0e3","PASS","2026-08-16T00:00:00.000Z","j-88e701d9b0e3","","","","NONE","PROVEN","DECISION_PRESENT_ONLY_HISTORICALLY"
"hist_dec_1488","j-57d56d7e463d","PASS","2026-08-16T00:00:00.000Z","j-57d56d7e463d","","","","NONE","PROVEN","DECISION_PRESENT_ONLY_HISTORICALLY"
"hist_dec_1489","j-3c39e25e3ebc","CONSIDER","2026-08-16T00:00:00.000Z","j-3c39e25e3ebc","","","","NONE","PROVEN","DECISION_PRESENT_ONLY_HISTORICALLY"
"hist_dec_1490","j-7ddb6452b0d8","PASS","2026-08-16T00:00:00.000Z","j-7ddb6452b0d8","","","","NONE","PROVEN","DECISION_PRESENT_ONLY_HISTORICALLY"
"hist_dec_1491","j-5c83eb43ffa5","PASS","2026-08-16T00:00:00.000Z","j-5c83eb43ffa5","","","","NONE","PROVEN","DECISION_PRESENT_ONLY_HISTORICALLY"
"hist_dec_1492","j-37dd41e059ea","CONSIDER","2026-08-16T00:00:00.000Z","j-37dd41e059ea","","","","NONE","PROVEN","DECISION_PRESENT_ONLY_HISTORICALLY"
"hist_dec_1493","j-e984d323bb1d","PASS","2026-08-16T00:00:00.000Z","j-e984d323bb1d","","","","NONE","PROVEN","DECISION_PRESENT_ONLY_HISTORICALLY"
"hist_dec_1494","j-98b017d27998","PASS","2026-08-16T00:00:00.000Z","j-98b017d27998","","","","NONE","PROVEN","DECISION_PRESENT_ONLY_HISTORICALLY"
"hist_dec_1495","j-803139487a56","PASS","2026-08-16T00:00:00.000Z","j-803139487a56","","","","NONE","PROVEN","DECISION_PRESENT_ONLY_HISTORICALLY"
"hist_dec_1496","j-7e2cfcd7602e","PASS","2026-08-16T00:00:00.000Z","j-7e2cfcd7602e","","","","NONE","PROVEN","DECISION_PRESENT_ONLY_HISTORICALLY"
"hist_dec_1497","j-82e5d3ebbb25","PURSUE","2026-08-16T00:00:00.000Z","j-82e5d3ebbb25","","","","NONE","PROVEN","DECISION_PRESENT_ONLY_HISTORICALLY"
"hist_dec_1498","j-a5f6919e608c","PASS","2026-08-16T00:00:00.000Z","j-a5f6919e608c","","","","NONE","PROVEN","DECISION_PRESENT_ONLY_HISTORICALLY"
"hist_dec_1499","j-f3e46446c99f","PASS","2026-08-16T00:00:00.000Z","j-f3e46446c99f","","","","NONE","PROVEN","DECISION_PRESENT_ONLY_HISTORICALLY"
"hist_dec_1500","j-77ed0ab40ffa","PASS","2026-08-16T00:00:00.000Z","j-77ed0ab40ffa","","","","NONE","PROVEN","DECISION_PRESENT_ONLY_HISTORICALLY"
"hist_dec_1501","j-942aa310e8c3","PURSUE","2026-08-16T00:00:00.000Z","j-942aa310e8c3","","","","NONE","PROVEN","DECISION_PRESENT_ONLY_HISTORICALLY"
"hist_dec_1502","j-ea77fd0b0d04","PASS","2026-08-16T00:00:00.000Z","j-ea77fd0b0d04","","","","NONE","PROVEN","DECISION_PRESENT_ONLY_HISTORICALLY"
"hist_dec_1503","j-4cfa6aafeade","PASS","2026-08-16T00:00:00.000Z","j-4cfa6aafeade","","","","NONE","PROVEN","DECISION_PRESENT_ONLY_HISTORICALLY"
"hist_dec_1504","j-b1ab47c20e2d","PURSUE","2026-08-16T00:00:00.000Z","j-b1ab47c20e2d","","","","NONE","PROVEN","DECISION_PRESENT_ONLY_HISTORICALLY"
"hist_dec_1505","j-23775442ba3b","PURSUE","2026-08-16T00:00:00.000Z","j-23775442ba3b","","","","NONE","PROVEN","DECISION_PRESENT_ONLY_HISTORICALLY"
"hist_dec_1506","j-8ab0a1f9a74d","PASS","2026-08-16T00:00:00.000Z","j-8ab0a1f9a74d","","","","NONE","PROVEN","DECISION_PRESENT_ONLY_HISTORICALLY"
"hist_dec_1507","j-8e19db502c96","PURSUE","2026-08-16T00:00:00.000Z","j-8e19db502c96","","","","NONE","PROVEN","DECISION_PRESENT_ONLY_HISTORICALLY"
"hist_dec_1508","j-51eb3c36c167","PURSUE","2026-08-16T00:00:00.000Z","j-51eb3c36c167","","","","NONE","PROVEN","DECISION_PRESENT_ONLY_HISTORICALLY"
"hist_dec_1509","j-41c6b2efd26d","PASS","2026-08-16T00:00:00.000Z","j-41c6b2efd26d","","","","NONE","PROVEN","DECISION_PRESENT_ONLY_HISTORICALLY"
"hist_dec_1510","j-552a85a28cfd","PASS","2026-08-16T00:00:00.000Z","j-552a85a28cfd","","","","NONE","PROVEN","DECISION_PRESENT_ONLY_HISTORICALLY"
"hist_dec_1511","j-69bdc81842c9","CONSIDER","2026-08-16T00:00:00.000Z","j-69bdc81842c9","","","","NONE","PROVEN","DECISION_PRESENT_ONLY_HISTORICALLY"
"hist_dec_1512","j-c9662b4109e3","PASS","2026-08-16T00:00:00.000Z","j-c9662b4109e3","","","","NONE","PROVEN","DECISION_PRESENT_ONLY_HISTORICALLY"
"hist_dec_1513","j-adc51635d4ab","PASS","2026-08-16T00:00:00.000Z","j-adc51635d4ab","","","","NONE","PROVEN","DECISION_PRESENT_ONLY_HISTORICALLY"
"hist_dec_1514","j-b7e89b805655","PASS","2026-08-16T00:00:00.000Z","j-b7e89b805655","","","","NONE","PROVEN","DECISION_PRESENT_ONLY_HISTORICALLY"
